medicamento_alvo,medicamento_outro,contexto,classe,fonte,origem,confianca
aas protect,metotrexato,É contraindicado o uso concomitante com metotrexato em doses de 15mg/semana ou mais e combinações com metotrexato em doses inferiores a 15mg/semana requerem precauções para o uso;,2,fonte2,automatica,0.9
accolate,contraceptivos,Accolate pode ser administrado com contraceptivos orais sem interações adversas.,0,fonte2,automatica,0.85
accolate,varfarina,"Assim sendo, recomenda-se a monitoração cuidadosa do tempo de protrombina quando Accolate é coadministrado com varfarina.",1,fonte2,automatica,0.65
accuvit,colestipol,"O uso de ácido ascórbico concomitante com derivados da cumarina pode aumentar o risco de sangramentos, principalmente em pacientes que ingerem 300 UI/dia ou mais. , colestipol e podem interferir na absorção de vitamina E A vitamina E reduz a absorção de vitamina K.",1,fonte2,automatica,0.65
aceclofenaco comprimido ems,digoxina,"Ingestão concomitante com outras substâncias Recomenda-se informar ao médico caso haja uso concomitante de medicamentos que contenham lítio, digoxina, anticoagulantes, antidiabéticos orais, diuréticos e outros analgésicos.",1,fonte2,automatica,0.65
aceclofenaco comprimido ems,anticoagulantes,"Ingestão concomitante com outras substâncias Recomenda-se informar ao médico caso haja uso concomitante de medicamentos que contenham lítio, digoxina, anticoagulantes, antidiabéticos orais, diuréticos e outros analgésicos.",1,fonte2,automatica,0.65
alcachofra herbarium,varfarina,"Pode reduzir a eficácia de medicamentos que interferem na coagulação sanguínea, como ácido acetilsalicílico e cumarínicos (ex. varfarina).",1,fonte2,automatica,0.65
alimta,aines,Recomenda-se que estes pacientes não utilizem AINES a partir de 2 dias antes da dose de Alimta e até 2 dias após.,1,fonte2,automatica,0.65
aracytin,digoxina,"Portanto, recomenda-se o monitoramento dos níveis plasmáticos de digoxina em pacientes recebendo esquemas quimioterápicos combinados similares.",1,fonte2,automatica,0.65
aracytin,metotrexato,"Citarabina administrada via intravenosa concomitantemente com metotrexato via intratecal pode aumentar o risco de reações adversas neurológicas graves como dor de cabeça, paralisia, coma e episódios semelhantes a AVC.",1,fonte2,automatica,0.65
arflex retard,fluoxetina,"A associação de nimesulida com medicamentos como: , ardeparina, acebutalol, certoparina, citalopram, clopidogrel, clovoxamina, dalteparina, danaparoide, desirudina, duloxetina, enoxaparina, eptifabatida, escitalopram, femoxetina, flesinoxan,fluoxetina, ginko biloba, heparina, levomilnacipram, milnacipram, nadroprarina, nefazodona, parnaparina, paroxetina, pentosano polissulfato de sódio, , prasugrel, proteína C, reviparina, , ticlopidina, tinzaparina, venlafaxina, vilazodona, , zimeldina potencializa o risco de sangramento.",1,fonte2,automatica,0.65
atacand hct,hidroclorotiazida,Não há interação clinicamente significativa entre a hidroclorotiazida e alimentos.,0,fonte2,automatica,0.85
atropion,cetoconazol,"A atropina pode diminuir a absorção do ; recomenda-se administrar atropina somente após 2 horas, em pacientes que fazem o uso de cetoconazol.",1,fonte2,automatica,0.65
bacteracin f,metotrexato,"Interferência em exames de laboratório , especialmente o componente TMP, pode interferir na dosagem do metotrexato sérico, dependendo da técnica utilizada para medição do fármaco.",1,fonte2,automatica,0.65
bactrim,metotrexato,"Devido aos efeitos poupadores de potássio de TMP -SMZ, cuidado deve ser tomado quando TMP -SMZ é administrado com outros agentes que aumentam o potássio sérico, tais como inibidores da enzima conversora da angiotensina e bloqueadores dos receptores da angiotensina, diuréticos poupadores de potássio e Interferência em exames de laboratório , especialmente o componente TMP, pode interferir na dosagem do metotrexato sérico, dependendo da técnica utilizada para medição do fármaco.",1,fonte2,automatica,0.65
barbitron,fenobarbital,"Associações que necessitam de precauções, monitoramento clínico e/ou ajuste do medicamento durante e após a descontinuação com fenobarbital: Inibidor de protease (amprenavir, , nelfinavir);",1,fonte2,automatica,0.65
bart h,varfarina,"A irbesartana é metabolizada principalmente pelo CYP2C9, no entanto, durante estudos de interação clínica não foram observadas interações farmacodinâmicas e farmacocinéticas significativas com o uso concomitante de irbesartana e varfarina (fármaco metabolizado pelo CYP2C9).",0,fonte2,automatica,0.85
bart h,hidroclorotiazida,O uso concomitante com hidroclorotiazida pode reduzir a frequência desse efeito.,1,fonte2,automatica,0.65
bart h,hidroclorotiazida,A administração concomitante de Bart H (irbesartana + hidroclorotiazida) e lítio deve ser feita com cautela e recomenda-se monitorização frequente dos níveis de lítio no sangue.,1,fonte2,automatica,0.65
bart h,hidroclorotiazida,"O componente tiazídico de Bart H (irbesartana + hidroclorotiazida) pode potencializar a ação de outros anti-hipertensivos, especialmente dos bloqueadores adrenérgicos periféricos ou ganglionares.",1,fonte2,automatica,0.65
bart h,hidroclorotiazida,"Os efeitos de relaxantes musculares não-despolarizantes, pré-anestésicos e anestésicos usados em (por exemplo, a tubocurarina) podem ser potencializados pela hidroclorotiazida; pode ser necessário o ajuste de dose.",1,fonte2,automatica,0.65
belfactrim,amiodarona,"Exemplos incluem (oncológico), amiodarona (usado em arritmias cardíacas), (usado em doenças de pele), , rosiglitazona e pioglitazona (usados em Interações farmacodinâmicas e interações de mecanismo indefinido A taxa de incidência e gravidade das reações adversas mielotóxicas e nefrotóxicas pode aumentar quando TMP-SMZ é administrado concomitantemente com outros medicamentos mielosupressores ou associados à disfunção renal , como análogos de nucleosídeos, tacrolimus, .",1,fonte2,automatica,0.65
belfactrim,metotrexato,"Devido aos efeitos poupadores de potássio de TMP-SMZ, cuidado deve ser tomado quando TMP-SMZ é administrado com outros agentes que aumentam o potássio sérico, tais como inibidores da enzima conversora da angiotensina e bloqueadores dos receptores da angiotensina, diuréticos poupadores de potássio e Interferência em exames de laboratório Belfactrim, especialmente o componente TMP, pode interferir na dosagem do metotrexato sérico, dependendo da técnica utilizada para medição do fármaco.",1,fonte2,automatica,0.65
benalet tsc,fluoxetina,"A administração concomitante de outras substâncias, incluindo o álcool, com efeitos supressores no SNC, como os antidepressivos (por exemplo, fluoxetina) e hipnóticos (por exemplo, ) pode levar à potencialização mútua.",1,fonte2,automatica,0.65
benalet tsc,fluoxetina,"A administração concomitante de medicações que inibem o sistema enzimático do citocromo P450 2D6 no fígado e, portanto, o metabolismo do Bromidrato de Dextrometorfano – tais como amiodarona, quinidina, fluoxetina, , paroxetina, propafenona, tioridazina, , berberina, bupropiona, cinacalcete, flecainida e terbinafina – pode aumentar a concentração do Bromidrato de Dextrometorfano.",1,fonte2,automatica,0.65
benalet tsc,amiodarona,"A administração concomitante de medicações que inibem o sistema enzimático do citocromo P450 2D6 no fígado e, portanto, o metabolismo do Bromidrato de Dextrometorfano – tais como amiodarona, quinidina, fluoxetina, , paroxetina, propafenona, tioridazina, , berberina, bupropiona, cinacalcete, flecainida e terbinafina – pode aumentar a concentração do Bromidrato de Dextrometorfano.",1,fonte2,automatica,0.65
benectrin,amiodarona,"Exemplos incluem (oncológico), amiodarona (usado em arritmias cardíacas), (usado em doenças de pele), , rosiglitazona e pioglitazona (usados em Interações farmacodinâmicas e interações de mecanismo indefinido A taxa de incidência e gravidade das reações adversas mielotóxicas e nefrotóxicas pode aumentar quando TMP-SMZ é administrado concomitantemente com outros medicamentos mielossupressores ou associados à disfunção renal , como análogos de nucleosídeos, tacrolimus, .",1,fonte2,automatica,0.65
benectrin,metotrexato,"Devido aos efeitos poupadores de potássio de TMP e SMZ, cuidado deve ser tomado quando TMP e SMZ é administrado com outros agentes que aumentam o potássio sérico, tais como inibidores da enzima conversora da angiotensina e bloqueadores dos receptores da angiotensina, diuréticos poupadores de potássio e Interferência em exames de laboratório , especialmente o componente TMP, pode interferir na dosagem do metotrexato sérico, dependendo da técnica utilizada para medição do fármaco.",1,fonte2,automatica,0.65
benegrip,dipirona,"Interação medicamento-substância química Este medicamento, por conter dipirona, não deve ser ingerido com bebidas alcoólicas, porque o efeito do álcool pode ser potencializado.",1,fonte2,automatica,0.65
beserol,paracetamol,"Interações medicamentosas relacionadas ao paracetamol Interação Medicamento- Medicamento Gravidade: Moderada Medicamentos como a , diflunisal e em associação com o paracetamol apresentam risco de hepatotoxicidade e neutropenia, assim como a também pode apresentar risco aumentado de hepatoxicidade e diminuição de eficácia do paracetamol.",2,fonte2,automatica,0.8
beserol,varfarina,"A associação com varfarina pode causar risco de sangramento, assim como o acenocumarol pode ter seu efeito anticoagulante potencializado.",1,fonte2,automatica,0.65
beserol,acenocumarol,"A associação com varfarina pode causar risco de sangramento, assim como o acenocumarol pode ter seu efeito anticoagulante potencializado.",1,fonte2,automatica,0.65
besilato de anlodipino biolab genéricos,anlodipino,O anlodipino deve ser usado com cautela quando administrado com inibidores de CYP3A4.,1,fonte2,automatica,0.65
besilato de anlodipino biolab genéricos,claritromicina,Recomenda-se observação atenta de pacientes quando o anlodipino for coadministrado com claritromicina.,1,fonte2,automatica,0.65
besilato de anlodipino biolab genéricos,anlodipino,Recomenda-se observação atenta de pacientes quando o anlodipino for coadministrado com claritromicina.,1,fonte2,automatica,0.65
besilato de anlodipino biolab genéricos,ciclosporina,Deve-se considerar o monitoramento dos níveis de ciclosporina em pacientes com transplante renal que recebem anlodipino.,1,fonte2,automatica,0.65
besilato de anlodipino biolab genéricos,anlodipino,Deve-se considerar o monitoramento dos níveis de ciclosporina em pacientes com transplante renal que recebem anlodipino.,1,fonte2,automatica,0.65
besilato de anlodipino biolab genéricos,anlodipino,"A fim de evitar a toxicidade do tacrolimo, a administração do anlodipino em um paciente tratado com tacrolimo exige monitoramento dos níveis de tacrolimo no sangue e ajuste da dose do tacrolimo, quando apropriado.",1,fonte2,automatica,0.65
besilato de anlodipino biolab genéricos,anlodipino,"Com a utilização concomitante de inibidores de mTOR, o anlodipino pode aumentar a exposição dos inibidores de mTOR.",1,fonte2,automatica,0.65
besilato de anlodipino biosintética aché,anlodipino,A administração de besilato de anlodipino em associação com medicamentos inibidores (por ex: ) ou indutores (por ex: Hypericum perforatum ) de CYP3A4 (enzima envolvida no metabolismo de algumas substâncias) deve ser feita com cautela e sob monitoramento médico.,1,fonte2,automatica,0.65
besilato de anlodipino biosintética aché,anlodipino,Deve-se considerar o monitoramento dos níveis de em pacientes com transplante renal que recebem anlodipino.,1,fonte2,automatica,0.65
besilato de anlodipino biosintética aché,anlodipino,"A fim de evitar a toxicidade do tacrolimo, a administração de besilato de anlodipino em um paciente tratado com tacrolimo exige monitoramento dos níveis de tacrolimo no sangue e ajuste da dose do tacrolimo, quando apropriado.",1,fonte2,automatica,0.65
besilato de anlodipino biosintética aché,anlodipino,"Com a utilização concomitante de inibidores de mTOR, o besilato de anlodipino pode aumentar a exposição dos inibidores de mTOR.",1,fonte2,automatica,0.65
besilato de anlodipino nova química,anlodipino,Deve-se considerar o monitoramento dos níveis de em pacientes com transplante renal que recebem anlodipino.,1,fonte2,automatica,0.65
besilato de anlodipino nova química,anlodipino,"A fim de evitar a toxicidade do tacrolimo, a administração de besilato de anlodipino em um paciente tratado com tacrolimo exige monitoramento dos níveis de tacrolimo no sangue e ajuste da dose do tacrolimo, quando apropriado.",1,fonte2,automatica,0.65
besilato de anlodipino nova química,anlodipino,"Com a utilização concomitante de inibidores de mTOR, o besilato de anlodipino pode aumentar a exposição dos inibidores de mTOR.",1,fonte2,automatica,0.65
besilato de anlodipino ranbaxy,anlodipino,Deve-se considerar o monitoramento dos níveis de em pacientes com transplante renal que recebem anlodipino.,1,fonte2,automatica,0.65
besilato de anlodipino ranbaxy,anlodipino,"A fim de evitar a toxicidade do tacrolimo, a administração de besilato de anlodipino em um paciente tratado com tacrolimo exige monitoramento dos níveis de tacrolimo no sangue e ajuste da dose do tacrolimo, quando apropriado.",1,fonte2,automatica,0.65
besilato de anlodipino ranbaxy,anlodipino,"Com a utilização concomitante de inibidores de mTOR, o besilato de anlodipino pode aumentar a exposição dos inibidores de mTOR.",1,fonte2,automatica,0.65
besilato de anlodipino sandoz,anlodipino,Deve-se considerar o monitoramento dos níveis de em pacientes com transplante renal que recebem anlodipino.,1,fonte2,automatica,0.65
besilato de anlodipino sandoz,anlodipino,"A fm de evitar a toxicidade do tacrolimo, a administração de Besilato de Anlodipino em um paciente tratado com tacrolimo exige monitoramento dos níveis de tacrolimo no sangue e ajuste da dose do tacrolimo, quando apropriado.",1,fonte2,automatica,0.65
besilato de anlodipino sandoz,anlodipino,"Com a utilização concomitante de inibidores de mTOR, o Besilato de Anlodipino pode aumentar a exposição dos inibidores de mTOR.",1,fonte2,automatica,0.65
besilato de anlodipino zydus nikkho,anlodipino,Deve-se considerar o monitoramento dos níveis de em pacientes com transplante renal que recebem anlodipino.,1,fonte2,automatica,0.65
byetta,varfarina,"Byetta deve ser administrado com cautela se você estiver sob tratamento com os medicamentos: , varfarina, e anticoncepcionais orais.",1,fonte2,automatica,0.65
calcort,corticosteroides,"O tratamento concomitante com inibidores da CYP3A (enzima importante para metabolizar alguns medicamentos), incluindo produtos que contenham cobicistate, pode aumentar o risco de eventos adversos sistêmicos dos corticosteroides.",1,fonte2,automatica,0.65
camptosar,cetoconazol,O cetoconazol deve ser descontinuado pelo menos 1 semana antes de iniciar o tratamento com Camptosar e não deve ser administrado durante a terapia com Camptosar Sulfato de atazanavir Tem o potencial de aumentar a exposição sistêmica ao SN-38 o metabólito ativo do Camptosar .,2,fonte2,automatica,0.8
capoten,captopril,"Em pacientes idosos com depleção de volume (incluindo aqueles em tratamento com diuréticos), ou com comprometimento da função renal, a administração concomitante de antiinflamatórios não esteroidais, incluindo inibidores seletivos de COX-2, com inibidores da ECA, incluindo o captopril, pode resultar na deterioração da função renal, incluindo possível insuficiência renal aguda .",2,fonte2,automatica,0.8
carduran xl,varfarina,"Deve-se ter cautela quando Carduran XL for administrado concomitantemente com um forte inibidor do CYP 3A4, tal como , nefazodona, nelfinavir, , saquinavir, telitromicina ou in vitro (estudos de laboratório) indicam que Carduran XL não apresenta efeito sobre a ligação proteica da , varfarina, fenitoína ou .",1,fonte2,automatica,0.65
cizax,verapamil,"Recomenda-se cautela em casos de administração concomitante de Cizax e inibidores da recaptação de serotonina, antidepressivos tricíclicos, buspirona, meperidina, tramadol, bupropiona e verapamil, pelo potencial de ocorrência de Síndrome serotoninérgica.",1,fonte2,automatica,0.65
cizax,tramadol,"Recomenda-se cautela em casos de administração concomitante de Cizax e inibidores da recaptação de serotonina, antidepressivos tricíclicos, buspirona, meperidina, tramadol, bupropiona e verapamil, pelo potencial de ocorrência de Síndrome serotoninérgica.",1,fonte2,automatica,0.65
clopido gran,varfarina,Anticoagulante oral Devido ao risco aumentado de sangramento o uso em associação de varfarina e clopidogrel necessita ser avaliado com cautela.,1,fonte2,automatica,0.65
clopido gran,aines,Anti-inflamatórios não esteroidais - AINEs (medicamentos que tratam as inflamações) O uso de AINEs e clopidogrel em associação deve ser feito com cautela.,1,fonte2,automatica,0.65
clopido gran,nifedipino,Não foram observadas interações clinicamente importantes quando o clopidogrel foi usado em associação com o ou com o ou ainda o clopidogrel usado junto com o atenolol e o nifedipino.,0,fonte2,automatica,0.85
clorana,metformina,A metformina deve ser utilizada com precaução devido ao risco de acidose láctica induzida por uma possível insuficiência renal funcional associada à hidroclorotiazida.,1,fonte2,automatica,0.65
clorana,hidroclorotiazida,A metformina deve ser utilizada com precaução devido ao risco de acidose láctica induzida por uma possível insuficiência renal funcional associada à hidroclorotiazida.,1,fonte2,automatica,0.65
clorana,hidroclorotiazida,"Medicamentos afetados por distúrbios do potássio sérico: Recomenda-se a monitorização periódica do potássio sérico e um ECG quando a hidroclorotiazida é administrada concomitantemente com medicamentos afetados pelo nível sérico de potássio (por exemplo, glicosídeos digitálicos e antiarrítmicos) e com os seguintes medicamentos indutores de torsades de pointes (incluindo alguns antiarrítmicos): Antiarrítmicos classe Ia (por exemplo, quinidina, hidroquinidina, disopiramida);",1,fonte2,automatica,0.65
clorana,alopurinol,A coadministração de tiazidas pode aumentar a incidência de reações de hipersensibilidade ao alopurinol.,1,fonte2,automatica,0.65
clorana,hidroclorotiazida,"Salicilatos, AINEs: Em caso de doses elevadas de salicilatos, a hidroclorotiazida pode aumentar o efeito tóxico dos salicilatos no sistema nervoso central.",1,fonte2,automatica,0.65
clorana,aines,"Salicilatos, AINEs: Em caso de doses elevadas de salicilatos, a hidroclorotiazida pode aumentar o efeito tóxico dos salicilatos no sistema nervoso central.",1,fonte2,automatica,0.65
clorana,ciclosporina,Os AINEs podem diminuir o efeito anti-hipertensivo da hidroclorotiazida. : Houve relatos isolados de anemia hemolítica ocorrendo com o uso concomitante de hidroclorotiazida e metildopa. : O tratamento concomitante com ciclosporina pode aumentar o risco de hiperuricemia e complicações do tipo gota.,1,fonte2,automatica,0.65
clorana,hidroclorotiazida,Os AINEs podem diminuir o efeito anti-hipertensivo da hidroclorotiazida. : Houve relatos isolados de anemia hemolítica ocorrendo com o uso concomitante de hidroclorotiazida e metildopa. : O tratamento concomitante com ciclosporina pode aumentar o risco de hiperuricemia e complicações do tipo gota.,1,fonte2,automatica,0.65
clorana,aines,Os AINEs podem diminuir o efeito anti-hipertensivo da hidroclorotiazida. : Houve relatos isolados de anemia hemolítica ocorrendo com o uso concomitante de hidroclorotiazida e metildopa. : O tratamento concomitante com ciclosporina pode aumentar o risco de hiperuricemia e complicações do tipo gota.,1,fonte2,automatica,0.65
clorana,anticoagulantes,Monitoramento clínico e biológico é necessário. orais: As tiazidas podem antagonizar o efeito dos anticoagulantes orais.,1,fonte2,automatica,0.65
clorana,hidroclorotiazida,"Betabloqueadores, diazóxido: O uso concomitante de diuréticos tiazídicos, incluindo hidroclorotiazida, com betabloqueadores ou diazóxido, pode aumentar o risco de hiperglicemia.",1,fonte2,automatica,0.65
co renitec,hidroclorotiazida,"Se o uso concomitante de Maleato de Enalapril + Hidroclorotiazida com qualquer um dos agentes mencionados acima for considerado apropriado, deverá ser feito com cautela e com monitoramento frequente dos níveis séricos de potássio.",1,fonte2,automatica,0.65
co renitec,enalapril,"Se o uso concomitante de Maleato de Enalapril + Hidroclorotiazida com qualquer um dos agentes mencionados acima for considerado apropriado, deverá ser feito com cautela e com monitoramento frequente dos níveis séricos de potássio.",1,fonte2,automatica,0.65
co renitec,hidroclorotiazida,"Deve se monitorar atentamente a pressão sanguínea, a função renal e os eletrólitos em pacientes tratados com Maleato de Enalapril + Hidroclorotiazida e outros agentes que afetem o sistema renina-angiotensina-aldosterona.",1,fonte2,automatica,0.75
co renitec,enalapril,"Deve se monitorar atentamente a pressão sanguínea, a função renal e os eletrólitos em pacientes tratados com Maleato de Enalapril + Hidroclorotiazida e outros agentes que afetem o sistema renina-angiotensina-aldosterona.",1,fonte2,automatica,0.75
concor,aines,"Medicamentos anti-inflamatórios não esteroidais (AINEs), utilizados para tratar , dor ou inflamação (tais como , medicamento usado para tratar reações alérgicas graves com risco de vida e paradas cardíacas;",2,fonte2,automatica,0.8
cortisonal injetável,corticosteroides,"Ácido acetilsalicílico e salicilatos Corticosteroides podem aumentar a depuração do ácido acetilsalicílico, portanto o ácido acetilsalicílico deve ser usado com cautela em associação com corticosteroide nos casos de hipoprotrombinemia.",1,fonte2,automatica,0.65
cortisonal injetável,insulina,"Antidiabéticos orais e insulina Pode aumentar a concentração de sanguínea, portanto se necessário deve-se reajustar a posologia do hipoglicemiante.",1,fonte2,automatica,0.65
coumadin,varfarina,"A atividade da varfarina pode ser potencializada por esteroides anabólicos (como: etilestranol, metandrostenolona, noretrandolona), amiodarona, amitriptilina/nortriptilina, azapropazona, , benzafibrato, cefamandol, cloranfenicol, hidrato de coral, cimetidina, ciprofloxacino, clofibrato, cotrimoxazol, danazol, destropropoxifeno, destrotiroxina, dipiridamol, eritromicina, neomicina, feprazona, fluconazol, glucagon, metronidazol, miconazol, oxifenilbutazona, fenformina, fenilbutazona, feniramidol, quinidina, salicilatos, tolbutamida, sulfonamidas (ex: sulfafenazol, sulfinpirazona), tamoxifeno, triclofos, diflunisal, , indometacina, ácido mefenâmico, piroxicam, sulindaco e, possivelmente, outros analgésicos anti-inflamatórios, cetoconazol, ácido nalidíxico, norfloxacino, tetraciclinas e outros antibióticos de largo espectro, alopurinol, dissulfiram, metilfenidato, paracetamol, fármacos para tratamento de disfunções da tireoide e qualquer fármaco potencialmente tóxico ao fígado.",1,fonte2,automatica,0.65
coumadin,alopurinol,"A atividade da varfarina pode ser potencializada por esteroides anabólicos (como: etilestranol, metandrostenolona, noretrandolona), amiodarona, amitriptilina/nortriptilina, azapropazona, , benzafibrato, cefamandol, cloranfenicol, hidrato de coral, cimetidina, ciprofloxacino, clofibrato, cotrimoxazol, danazol, destropropoxifeno, destrotiroxina, dipiridamol, eritromicina, neomicina, feprazona, fluconazol, glucagon, metronidazol, miconazol, oxifenilbutazona, fenformina, fenilbutazona, feniramidol, quinidina, salicilatos, tolbutamida, sulfonamidas (ex: sulfafenazol, sulfinpirazona), tamoxifeno, triclofos, diflunisal, , indometacina, ácido mefenâmico, piroxicam, sulindaco e, possivelmente, outros analgésicos anti-inflamatórios, cetoconazol, ácido nalidíxico, norfloxacino, tetraciclinas e outros antibióticos de largo espectro, alopurinol, dissulfiram, metilfenidato, paracetamol, fármacos para tratamento de disfunções da tireoide e qualquer fármaco potencialmente tóxico ao fígado.",1,fonte2,automatica,0.65
coumadin,eritromicina,"A atividade da varfarina pode ser potencializada por esteroides anabólicos (como: etilestranol, metandrostenolona, noretrandolona), amiodarona, amitriptilina/nortriptilina, azapropazona, , benzafibrato, cefamandol, cloranfenicol, hidrato de coral, cimetidina, ciprofloxacino, clofibrato, cotrimoxazol, danazol, destropropoxifeno, destrotiroxina, dipiridamol, eritromicina, neomicina, feprazona, fluconazol, glucagon, metronidazol, miconazol, oxifenilbutazona, fenformina, fenilbutazona, feniramidol, quinidina, salicilatos, tolbutamida, sulfonamidas (ex: sulfafenazol, sulfinpirazona), tamoxifeno, triclofos, diflunisal, , indometacina, ácido mefenâmico, piroxicam, sulindaco e, possivelmente, outros analgésicos anti-inflamatórios, cetoconazol, ácido nalidíxico, norfloxacino, tetraciclinas e outros antibióticos de largo espectro, alopurinol, dissulfiram, metilfenidato, paracetamol, fármacos para tratamento de disfunções da tireoide e qualquer fármaco potencialmente tóxico ao fígado.",1,fonte2,automatica,0.65
coumadin,paracetamol,"A atividade da varfarina pode ser potencializada por esteroides anabólicos (como: etilestranol, metandrostenolona, noretrandolona), amiodarona, amitriptilina/nortriptilina, azapropazona, , benzafibrato, cefamandol, cloranfenicol, hidrato de coral, cimetidina, ciprofloxacino, clofibrato, cotrimoxazol, danazol, destropropoxifeno, destrotiroxina, dipiridamol, eritromicina, neomicina, feprazona, fluconazol, glucagon, metronidazol, miconazol, oxifenilbutazona, fenformina, fenilbutazona, feniramidol, quinidina, salicilatos, tolbutamida, sulfonamidas (ex: sulfafenazol, sulfinpirazona), tamoxifeno, triclofos, diflunisal, , indometacina, ácido mefenâmico, piroxicam, sulindaco e, possivelmente, outros analgésicos anti-inflamatórios, cetoconazol, ácido nalidíxico, norfloxacino, tetraciclinas e outros antibióticos de largo espectro, alopurinol, dissulfiram, metilfenidato, paracetamol, fármacos para tratamento de disfunções da tireoide e qualquer fármaco potencialmente tóxico ao fígado.",1,fonte2,automatica,0.65
coumadin,cetoconazol,"A atividade da varfarina pode ser potencializada por esteroides anabólicos (como: etilestranol, metandrostenolona, noretrandolona), amiodarona, amitriptilina/nortriptilina, azapropazona, , benzafibrato, cefamandol, cloranfenicol, hidrato de coral, cimetidina, ciprofloxacino, clofibrato, cotrimoxazol, danazol, destropropoxifeno, destrotiroxina, dipiridamol, eritromicina, neomicina, feprazona, fluconazol, glucagon, metronidazol, miconazol, oxifenilbutazona, fenformina, fenilbutazona, feniramidol, quinidina, salicilatos, tolbutamida, sulfonamidas (ex: sulfafenazol, sulfinpirazona), tamoxifeno, triclofos, diflunisal, , indometacina, ácido mefenâmico, piroxicam, sulindaco e, possivelmente, outros analgésicos anti-inflamatórios, cetoconazol, ácido nalidíxico, norfloxacino, tetraciclinas e outros antibióticos de largo espectro, alopurinol, dissulfiram, metilfenidato, paracetamol, fármacos para tratamento de disfunções da tireoide e qualquer fármaco potencialmente tóxico ao fígado.",1,fonte2,automatica,0.65
coumadin,varfarina,"Mulheres em uso de varfarina devem consultar o médico antes do uso concomitante de creme vaginal ou supositório de miconazol, pois pode haver potencialização do efeito anticoagulante.",1,fonte2,automatica,0.65
coumadin,corticosteroides,"Tanto a potencialização quanto a inibição do efeito anticoagulante têm sido relatadas com fenitoína, ACTH e corticosteroides.",1,fonte2,automatica,0.65
daonil,fluoxetina,"Potencialização do efeito hipoglicemiante de Daonil, em alguns casos hipoglicemia, pode ocorrer quando se usa os seguintes medicamentos: Insulina e outros hipoglicemiantes orais, inibidores da ECA, esteróides anabolizantes e hormônios sexuais masculinos, , derivados cumarínicos, , disopiramida, fenfluramina, feniramidol, fibratos, fluoxetina, ifosfamidas, inibidores da MAO, , ácido paramino-salicílico, (uso parenteral em altas doses), fenilbutazona, azapropazone, oxifembutazona, probenicida, quinolonas, salicilatos, sulfimpirazona, sulfonamidas, agentes simpatolíticos tais como beta-bloqueadores, e guanetidina, , tetraciclina, tritoqualina e trofosfamida.",1,fonte2,automatica,0.65
daonil,insulina,"Potencialização do efeito hipoglicemiante de Daonil, em alguns casos hipoglicemia, pode ocorrer quando se usa os seguintes medicamentos: Insulina e outros hipoglicemiantes orais, inibidores da ECA, esteróides anabolizantes e hormônios sexuais masculinos, , derivados cumarínicos, , disopiramida, fenfluramina, feniramidol, fibratos, fluoxetina, ifosfamidas, inibidores da MAO, , ácido paramino-salicílico, (uso parenteral em altas doses), fenilbutazona, azapropazone, oxifembutazona, probenicida, quinolonas, salicilatos, sulfimpirazona, sulfonamidas, agentes simpatolíticos tais como beta-bloqueadores, e guanetidina, , tetraciclina, tritoqualina e trofosfamida.",1,fonte2,automatica,0.65
daonil,fibratos,"Potencialização do efeito hipoglicemiante de Daonil, em alguns casos hipoglicemia, pode ocorrer quando se usa os seguintes medicamentos: Insulina e outros hipoglicemiantes orais, inibidores da ECA, esteróides anabolizantes e hormônios sexuais masculinos, , derivados cumarínicos, , disopiramida, fenfluramina, feniramidol, fibratos, fluoxetina, ifosfamidas, inibidores da MAO, , ácido paramino-salicílico, (uso parenteral em altas doses), fenilbutazona, azapropazone, oxifembutazona, probenicida, quinolonas, salicilatos, sulfimpirazona, sulfonamidas, agentes simpatolíticos tais como beta-bloqueadores, e guanetidina, , tetraciclina, tritoqualina e trofosfamida.",1,fonte2,automatica,0.65
daonil,corticosteroides,"O enfraquecimento do efeito hipoglicemiante de Daonil e consequente elevação do nível de glicose podem ocorrer quando há o uso concomitante dos seguintes medicamentos: , barbitúricos, corticosteroides, diazóxido, (adrenalina) e outras medicações simpaticomiméticas, glucagon, laxativos (após uso prolongado), ácido nicotínico (em altas doses), estrogênio e progestágenos, fenotiazínicos, fenitoína, hormônios tireoidianos e Podem ocorrer potencialização ou redução de efeito de Daonil em pacientes fazendo uso concomitante de antagonistas do receptor H2, clonidina e reserpina.",1,fonte2,automatica,0.65
daonil,ciclosporina,"Portanto, recomenda-se o monitoramento e um ajuste na dose da ciclosporina quando estes medicamentos forem coadministrados.",1,fonte2,automatica,0.65
daunoblastina,verapamil,"Desta forma, com a administração concomitante de outras substâncias cardioativas (por ex.: bloqueadores dos canais de cálcio como o verapamil), é necessário um monitoramento especialmente cuidadoso da função cardíaca durante todo tratamento.",1,fonte2,automatica,0.65
depakene,metotrexato,"Os prescritores devem monitorar a resposta clínica (convulsão controle ou controle do humor) e considerar o monitoramento dos níveis séricos de valproato conforme apropriado; : Alguns relatos de casos descrevem uma diminuição significativa dos níveis séricos de valproato após a administração de metotrexato, com ocorrência de convulsões.",1,fonte2,automatica,0.75
depakene,ranitidina,"Medicamentos para os quais não foi detectada nenhuma interação ou com interação sem relevância , ranitidina, clorpromazina, , lítio, Medicamentos com outras interações Amitriptilina/nortriptilina: o uso concomitante de valproato de sódio e amitriptilina raramente foi associado com toxicidade.",0,fonte2,automatica,0.85
depakene,quetiapina,Quetiapina: a em conjunto com valproato de sódio pode aumentar o risco de neutropenia (redução no número de neutrófilos no sangue) ou leucopenia (redução no número de leucócitos no sangue).,1,fonte2,automatica,0.65
diabinese,probenecida,"O médico precisa avaliar se as medicações reagem entre si alterando a sua ação, ou da outra; isso se chama interação medicamentosa. pode interagir com vários medicamentos, como anti-inflamatórios não esteroides (drogas que bloqueiam a e que não são derivadas de hormônios), salicilatos (como o AAS), sulfonamidas (como a sulfanilamida, a , a sulfasalazina e o sulfametoxazol), , probenecida, cumarínicos, inibidores da monoaminoxidase (antidepressivos como a isocarboxazida, iproniazida, clorgilina e ), agentes bloqueadores beta-adrenérgicos (como o , propranolol e , tiazidas (como , e outros , como a ), corticosteroides (como a ), fenotiazinas (como a clorpromazina) e agentes derivados da tiroide, estrogênios, contraceptivos orais (pílulas para evitar a gravidez), fenitoína, ácido nicotínico, simpatomiméticos (como o salbutamol e o formoterol), agentes bloqueadores dos canais de cálcio (como nifedipina, diltiazem e verapamil) e Recomenda-se não ingerir álcool durante o tratamento com Diabinese Informe ao seu médico ou cirurgião-dentista se você está fazendo uso de algum outro medicamento.",1,fonte2,automatica,0.65
diabinese,diltiazem,"O médico precisa avaliar se as medicações reagem entre si alterando a sua ação, ou da outra; isso se chama interação medicamentosa. pode interagir com vários medicamentos, como anti-inflamatórios não esteroides (drogas que bloqueiam a e que não são derivadas de hormônios), salicilatos (como o AAS), sulfonamidas (como a sulfanilamida, a , a sulfasalazina e o sulfametoxazol), , probenecida, cumarínicos, inibidores da monoaminoxidase (antidepressivos como a isocarboxazida, iproniazida, clorgilina e ), agentes bloqueadores beta-adrenérgicos (como o , propranolol e , tiazidas (como , e outros , como a ), corticosteroides (como a ), fenotiazinas (como a clorpromazina) e agentes derivados da tiroide, estrogênios, contraceptivos orais (pílulas para evitar a gravidez), fenitoína, ácido nicotínico, simpatomiméticos (como o salbutamol e o formoterol), agentes bloqueadores dos canais de cálcio (como nifedipina, diltiazem e verapamil) e Recomenda-se não ingerir álcool durante o tratamento com Diabinese Informe ao seu médico ou cirurgião-dentista se você está fazendo uso de algum outro medicamento.",1,fonte2,automatica,0.65
diabinese,verapamil,"O médico precisa avaliar se as medicações reagem entre si alterando a sua ação, ou da outra; isso se chama interação medicamentosa. pode interagir com vários medicamentos, como anti-inflamatórios não esteroides (drogas que bloqueiam a e que não são derivadas de hormônios), salicilatos (como o AAS), sulfonamidas (como a sulfanilamida, a , a sulfasalazina e o sulfametoxazol), , probenecida, cumarínicos, inibidores da monoaminoxidase (antidepressivos como a isocarboxazida, iproniazida, clorgilina e ), agentes bloqueadores beta-adrenérgicos (como o , propranolol e , tiazidas (como , e outros , como a ), corticosteroides (como a ), fenotiazinas (como a clorpromazina) e agentes derivados da tiroide, estrogênios, contraceptivos orais (pílulas para evitar a gravidez), fenitoína, ácido nicotínico, simpatomiméticos (como o salbutamol e o formoterol), agentes bloqueadores dos canais de cálcio (como nifedipina, diltiazem e verapamil) e Recomenda-se não ingerir álcool durante o tratamento com Diabinese Informe ao seu médico ou cirurgião-dentista se você está fazendo uso de algum outro medicamento.",1,fonte2,automatica,0.65
diabinese,contraceptivos,"O médico precisa avaliar se as medicações reagem entre si alterando a sua ação, ou da outra; isso se chama interação medicamentosa. pode interagir com vários medicamentos, como anti-inflamatórios não esteroides (drogas que bloqueiam a e que não são derivadas de hormônios), salicilatos (como o AAS), sulfonamidas (como a sulfanilamida, a , a sulfasalazina e o sulfametoxazol), , probenecida, cumarínicos, inibidores da monoaminoxidase (antidepressivos como a isocarboxazida, iproniazida, clorgilina e ), agentes bloqueadores beta-adrenérgicos (como o , propranolol e , tiazidas (como , e outros , como a ), corticosteroides (como a ), fenotiazinas (como a clorpromazina) e agentes derivados da tiroide, estrogênios, contraceptivos orais (pílulas para evitar a gravidez), fenitoína, ácido nicotínico, simpatomiméticos (como o salbutamol e o formoterol), agentes bloqueadores dos canais de cálcio (como nifedipina, diltiazem e verapamil) e Recomenda-se não ingerir álcool durante o tratamento com Diabinese Informe ao seu médico ou cirurgião-dentista se você está fazendo uso de algum outro medicamento.",1,fonte2,automatica,0.65
diabinese,corticosteroides,"O médico precisa avaliar se as medicações reagem entre si alterando a sua ação, ou da outra; isso se chama interação medicamentosa. pode interagir com vários medicamentos, como anti-inflamatórios não esteroides (drogas que bloqueiam a e que não são derivadas de hormônios), salicilatos (como o AAS), sulfonamidas (como a sulfanilamida, a , a sulfasalazina e o sulfametoxazol), , probenecida, cumarínicos, inibidores da monoaminoxidase (antidepressivos como a isocarboxazida, iproniazida, clorgilina e ), agentes bloqueadores beta-adrenérgicos (como o , propranolol e , tiazidas (como , e outros , como a ), corticosteroides (como a ), fenotiazinas (como a clorpromazina) e agentes derivados da tiroide, estrogênios, contraceptivos orais (pílulas para evitar a gravidez), fenitoína, ácido nicotínico, simpatomiméticos (como o salbutamol e o formoterol), agentes bloqueadores dos canais de cálcio (como nifedipina, diltiazem e verapamil) e Recomenda-se não ingerir álcool durante o tratamento com Diabinese Informe ao seu médico ou cirurgião-dentista se você está fazendo uso de algum outro medicamento.",1,fonte2,automatica,0.65
diamicron mr,varfarina,MR pode aumentar os efeitos de medicamentos (por exemplo; varfarina).,1,fonte2,automatica,0.65
diamox,ciclosporina,"Inibidores da anidrase carbônica: devido aos possíveis efeitos aditivos com outros inibidores da anidrase carbônica, não se recomenda o uso concomitante desses medicamentos. : quando administrada concomitantemente, a acetazolamida pode aumentar os níveis sanguíneos da ciclosporina.",1,fonte2,automatica,0.65
diamox,ciclosporina,Recomenda-se cautela ao se administrar acetazolamida em pacientes tratados com a ciclosporina.,1,fonte2,automatica,0.65
digeplus,levotiroxina,"O uso de Digeplus em conjunto com as drogas listadas abaixo, pode resultar nos seguintes efeitos indesejáveis: Relacionadas à dimeticona Gravidade: moderada Pode reduzir a eficácia terapêutica: levotiroxina.",1,fonte2,automatica,0.65
dolamin flex,aines,"Interação medicamento-medicamento O uso concomitante de Dolamin Flex com anti-inflamatórios não esteroides (AINEs), por ex., , incluindo o ácido acetilsalicílico em doses altas, pode aumentar o risco de úlcera do estômago, do duodeno e hemorragias;",1,fonte2,automatica,0.65
dolamin flex,metotrexato,O tratamento simultâneo com e Dolamin Flex pode aumentar a toxicidade do metotrexato no sangue;,1,fonte2,automatica,0.65
dolantina,cimetidina,"(medicamento usado para o tratamento de do estômago e/ou duodeno) A cimetidina reduz o clearance (eliminação) e o volume de distribuição da petidina e também a formação do metabólito norpetidina, portanto deve-se ter cautela quando usar em conjunto.",1,fonte2,automatica,0.65
dorflex,dipirona,"A dipirona pode potencializar eventual diminuição da temperatura corporal causada por fenotiazínicos Agentes anticolinérgicos, como a orfenadrina, não controlam a discinesia tardia (movimentos involuntários) associada ao uso prolongado de antipsicóticos.",1,fonte2,automatica,0.65
dorflex,dipirona,"Portanto, recomenda-se cautela quando dipirona e substrato de CYP2B6 e/ou CYP3A4 são administrados concomitantemente; a resposta clínica e/ou os níveis do medicamento devem ser seguidos de monitoramento terapêutico do medicamento.",1,fonte2,automatica,0.65
dorflex,dipirona,"Adicionar dipirona ao pode aumentar a hematotoxicidade (toxicidade do sangue) do metotrexato, particularmente em pacientes idosos.",1,fonte2,automatica,0.65
dorflex,metotrexato,"Adicionar dipirona ao pode aumentar a hematotoxicidade (toxicidade do sangue) do metotrexato, particularmente em pacientes idosos.",1,fonte2,automatica,0.65
dorflex,dipirona,"A dipirona pode reduzir o efeito do ácido acetilsalicílico na agregação plaquetária, quando tomado concomitantemente.",1,fonte2,automatica,0.65
dramin b6 dl,contraceptivos,"O uso concomitante da piridoxina e de contraceptivos orais, pode aumentar as necessidades de piridoxina.",1,fonte2,automatica,0.65
ecator anlo,anlodipino,"Desse modo, deve-se avaliar e monitorar os níveis de pressão arterial, bem como proceder ao ajuste de dose do anlodipino, durante e após a utilização conjunta desses agentes e classes farmacológicos.",1,fonte2,automatica,0.75
effient,varfarina,"Você deve informar ao seu médico todos os medicamentos que estiver usando. deve ser administrado com cautela em pacientes tomando os seguintes medicamentos: Varfarina (ou outros medicamentos anticoagulantes) e anti-inflamatórios não esteroidais. pode ser administrado concomitantemente com os seguintes medicamentos: Estatinas, ácido acetilsalicílico, heparina, e antiácidos.",1,fonte2,automatica,0.65
effient,anticoagulantes,"Você deve informar ao seu médico todos os medicamentos que estiver usando. deve ser administrado com cautela em pacientes tomando os seguintes medicamentos: Varfarina (ou outros medicamentos anticoagulantes) e anti-inflamatórios não esteroidais. pode ser administrado concomitantemente com os seguintes medicamentos: Estatinas, ácido acetilsalicílico, heparina, e antiácidos.",1,fonte2,automatica,0.65
emla,amiodarona,Por não existirem dados da interação de prilocaína/lidocaína e drogas para o tratamento de arritmias cardíacas (ex.: amiodarona) esta associação deve ser usada com cautela.,1,fonte2,automatica,0.65
eprex,ciclosporina,"Se você estiver tomando um fármaco (medicamento) conhecido por (para suprimir seu sistema imune após um transplante), seu médico deve solicitar testes sanguíneos especiais para verificar os níveis de ciclosporina enquanto você estiver utilizando Eprex A ação de Eprex poderá ser potencializada pela administração terapêutica simultânea de um agente hematínico, como o sulfato ferroso , quando houver um estado deficitário de precursores da hemoglobina.",1,fonte2,automatica,0.65
estomazil pastilha,digoxina,"Cefpodoxima: a absorção de cefpodoxima pode ser alterada pelo uso simultâneo com carbonato de cálcio, alterando seus efeitos esperados; : antiácidos podem diminuir a absorção e, consequentemente, os efeitos desses agentes; recomenda-se a administração de antiácidos 4 horas antes ou 3 horas após o uso desses fungicidas; : a absorção oral de digoxina pode ser diminuída quando administrados com antiácidos, reduzindo sua eficácia;",1,fonte2,automatica,0.65
estomazil pastilha,gabapentina,"Fosfato de sódio: deve-se aguardar no mínimo 1 hora, entre a administração de antiácidos e o uso de suplementos contendo fosfato de sódio, para evitar uma redução da absorção/efeito deste; : recomenda-se o uso de gabapentina cerca de 2 horas após o uso de antiácidos para minimizar a interação e a diminuição de seus efeitos;",1,fonte2,automatica,0.65
evanor,contraceptivos,A troleandomicina pode aumentar o risco de colestase intra-hepática (parada ou dificuldade da eliminação da bile) durante a administração concomitante com contraceptivos orais combinados.,1,fonte2,automatica,0.65
evanor,contraceptivos,"O etinilestradiol pode interferir no metabolismo de outras drogas podendo aumentar as concentrações plasmáticas e teciduais (p. ex., , corticosteroides) ou diminuir (p. ex., Em pacientes tratados com a flunarizina (medicamento para ), relatou-se que o uso de contraceptivos orais aumenta o risco de (surgimento de leite nas mamas fora do período de amamentação).",1,fonte2,automatica,0.65
evanor,corticosteroides,"O etinilestradiol pode interferir no metabolismo de outras drogas podendo aumentar as concentrações plasmáticas e teciduais (p. ex., , corticosteroides) ou diminuir (p. ex., Em pacientes tratados com a flunarizina (medicamento para ), relatou-se que o uso de contraceptivos orais aumenta o risco de (surgimento de leite nas mamas fora do período de amamentação).",1,fonte2,automatica,0.65
exelon,amiodarona,"Deve-se ter precaução quando Exelon é tomado juntamente com medicamentos conhecidos por induzir o prolongamento do intervalo QT e/ou torsade de pointes (incluindo, entre outros, a quinidina (medicamento usado para tratar batimentos cardíacos irregulares), amiodarona (medicamento usado para tratar batimentos cardíacos irregulares graves/fatais), (medicamento atua no sistema nervoso central), halofantrina (medicamento antimalárico), cisaprida (medicamento usado para tratar sintomas de refluxo gastroesofágico ), citalopram (medicamento usado para tratar depressão), mizolastina (medicamento anti-histamínico) e medicamentos usados para tratar infecções bacterianas como moxifloxacino e ).",1,fonte2,automatica,0.65
factive,varfarina,"Informe seu médico caso esteja utilizando medicamentos antiarrítmicos, , antipsicóticos, antidepressivos tricíclicos, corticóides, Nenhuma interação clínica significante foi observada quando administrado concomitante Mesilato de Gemifloxacino com omeprazol, , varfarina ou contraceptivos orais.",0,fonte2,automatica,0.85
factive,omeprazol,"Informe seu médico caso esteja utilizando medicamentos antiarrítmicos, , antipsicóticos, antidepressivos tricíclicos, corticóides, Nenhuma interação clínica significante foi observada quando administrado concomitante Mesilato de Gemifloxacino com omeprazol, , varfarina ou contraceptivos orais.",0,fonte2,automatica,0.85
factive,contraceptivos,"Informe seu médico caso esteja utilizando medicamentos antiarrítmicos, , antipsicóticos, antidepressivos tricíclicos, corticóides, Nenhuma interação clínica significante foi observada quando administrado concomitante Mesilato de Gemifloxacino com omeprazol, , varfarina ou contraceptivos orais.",0,fonte2,automatica,0.85
famox comprimido,varfarina,"Famox pode aumentar a concentração plasmática de Drogas como varfarina, propranolol, , não interagem com Famox.",1,fonte2,automatica,0.65
farmoxicam,aines,O uso concomitante de dois AINEs sistêmicos pode aumentar a frequência de úlceras gastrintestinais e sangramento;,1,fonte2,automatica,0.65
febupen,digoxina,"Ingestão concomitante com outras substâncias Recomenda-se informar ao médico caso haja uso concomitante de medicamentos que contenham lítio, digoxina, anticoagulantes, antidiabéticos orais, diuréticos e outros analgésicos.",1,fonte2,automatica,0.65
febupen,anticoagulantes,"Ingestão concomitante com outras substâncias Recomenda-se informar ao médico caso haja uso concomitante de medicamentos que contenham lítio, digoxina, anticoagulantes, antidiabéticos orais, diuréticos e outros analgésicos.",1,fonte2,automatica,0.65
flagyl nistatina,varfarina,"Terapia com anticoagulante oral (tipo varfarina): potencialização do efeito anticoagulante e aumento do risco hemorrágico, causado pela diminuição da metabolização desta medicação pelo fígado.",1,fonte2,automatica,0.65
flagyl nistatina,ciclosporina,"O médico deve monitorar as concentrações plasmáticas de lítio, creatinina e eletrólitos enquanto durar o tratamento com metronidazol. : risco de aumento dos níveis no plasma de ciclosporina.",1,fonte2,automatica,0.75
flanax,varfarina,"Anticoagulantes (por exemplo, varfarina): aumento do risco de sangramento, necessitando de cuidadoso monitoramento;",1,fonte2,automatica,0.65
flanax,anticoagulantes,"Anticoagulantes (por exemplo, varfarina): aumento do risco de sangramento, necessitando de cuidadoso monitoramento;",1,fonte2,automatica,0.65
flancox,varfarina,"Varfarina: o uso da varfarina concomitantemente aos anti-inflamatórios aumenta o risco de sangramento gastrointestinal, por isso, recomenda-se cautela quando do uso dos dois medicamentos.",1,fonte2,automatica,0.65
flodin duo,aines,"Como outros anti-inflamatórios não-esteroidais (AINEs), o diclofenaco pode reduzir a atividade dos diuréticos.",1,fonte2,automatica,0.65
flodin duo,aines,Anti-inflamatórios não-esteroidais (AINEs) A administração concomitante de AINEs sistêmicos pode aumentar a frequência de aparecimento de efeitos secundários.,1,fonte2,automatica,0.65
flodin duo,metotrexato,"Recomenda-se precaução quando se empregam os anti-inflamatórios não-esteroidais (AINEs) menos de 24 horas antes ou depois de um tratamento com metotrexato, já que podem elevar suas concentrações no sangue e aumentar a toxicidade do mesmo.",1,fonte2,automatica,0.65
flodin duo,aines,"Recomenda-se precaução quando se empregam os anti-inflamatórios não-esteroidais (AINEs) menos de 24 horas antes ou depois de um tratamento com metotrexato, já que podem elevar suas concentrações no sangue e aumentar a toxicidade do mesmo.",1,fonte2,automatica,0.65
flodin duo,ciclosporina,O efeito tóxico no rim da ciclosporina pode aumentar devido aos efeitos dos AINEs sobre as prostaglandinas renais.,1,fonte2,automatica,0.65
flodin duo,aines,O efeito tóxico no rim da ciclosporina pode aumentar devido aos efeitos dos AINEs sobre as prostaglandinas renais.,1,fonte2,automatica,0.65
flodin duo,anticoagulantes,"Anticoagulantes, agentes ativos inibidores de agregação de trombócitos, por exemplo, ácido acetilsalicílico e inibidor seletivo de recaptação de serotonina (ISRS) A administração concomitante pode aumentar o risco de sangramento.",1,fonte2,automatica,0.65
florate,aines,O uso concomitante de esteroides tópicos e AINEs tópicos pode aumentar o potencial de problemas de cicatrização da córnea.,1,fonte2,automatica,0.65
floxacin,varfarina,"Quinolonas, incluindo o Norfloxacino, podem potencializar os efeitos de anticoagulantes orais, incluindo varfarina ou seus derivados e fluindiona ou agentes similares.",1,fonte2,automatica,0.65
floxacin,anticoagulantes,"Quinolonas, incluindo o Norfloxacino, podem potencializar os efeitos de anticoagulantes orais, incluindo varfarina ou seus derivados e fluindiona ou agentes similares.",1,fonte2,automatica,0.65
floxacin,aine,"A administração concomitante de medicamentos anti-inflamatórios não esteroidais (AINE) com quinolona, incluindo Norfloxacino, pode aumentar o risco de estimulação do SNC e convulsões.",1,fonte2,automatica,0.65
floxacin,aine,"Assim sendo, Norfloxacino deve ser usado com cautela em indivíduos que recebem AINE concomitantemente.",1,fonte2,automatica,0.65
fontol,verapamil,"Verapamil: pode aumentar o risco de sangramento. : pode aumentar a concentração deste medicamento no sangue, aumentando seus efeitos colaterais.",1,fonte2,automatica,0.65
galvus,varfarina,"Como resultado desses estudos, não foi observada nenhuma interação de importância clínica com a administração simultânea da vildagliptina com outros antidiabéticos orais ( , pioglitazona, metformina), ou varfarina.",0,fonte2,automatica,0.85
galvus,metformina,"Como resultado desses estudos, não foi observada nenhuma interação de importância clínica com a administração simultânea da vildagliptina com outros antidiabéticos orais ( , pioglitazona, metformina), ou varfarina.",0,fonte2,automatica,0.85
gamibetal,gabapentina,"Não foram observadas interações entre a gabapentina e o , a fenitoína, o ácido valproico ou a .",0,fonte2,automatica,0.85
gamibetal,valproico,"Não foram observadas interações entre a gabapentina e o , a fenitoína, o ácido valproico ou a .",0,fonte2,automatica,0.85
gamibetal,gabapentina,Recomenda-se que a gabapentina seja administrada 2 horas após a administração de antiácidos.,1,fonte2,automatica,0.65
genfibrozila ems,varfarina,Use genfibrozila com cautela junto com varfarina (medicamento que diminui a coagulação do sangue).,1,fonte2,automatica,0.65
genfibrozila ems,colchicina,O risco de toxicidade neuromuscular (dano ao tecido nervoso e músculos) e rabdomiólise (destruição das células musculares) pode ser aumentado com a administração concomitante de colchicina e genfibrozila.,2,fonte2,automatica,0.8
genfibrozila legrand,varfarina,Deve-se ter cautela ao administrar varfarina juntamente com Genfibrozila.,1,fonte2,automatica,0.65
genfibrozila legrand,atorvastatina,"Foram relatados casos de miosite grave e mioglobinúria (rabdomiólise) quando Genfibrozila e outros inibidores da HMG-CoA redutase, (como lovastatina, atorvastatina e rosuvastatina), foram empregados concomitantemente.",2,fonte2,automatica,0.8
genfibrozila legrand,colchicina,O risco de toxicidade neuromuscular e rabdomiólise pode ser aumentado com a administração concomitante de colchicina e Genfibrozila.,2,fonte2,automatica,0.8
glibenclamida biosintética aché,probenecida,"Potencialização do efeito hipoglicemiante de glibenclamida, em alguns casos hipoglicemia, pode ocorrer quando se usa os seguintes medicamentos: Insulina e outros hipoglicemiantes orais, inibidores da ECA, esteroides anabolizantes e hormônios sexuais masculinos, , derivados cumarínicos, , disopiramida, fenfluramina, feniramidol, fibratos, fluoxetina, ifosfamidas, inibidores da MAO, , ácido paraminossalicílico, (uso parenteral em altas doses), fenilbutazona, azapropazone, oxifembutazona, probenecida, quinolonas, salicilatos, sulfimpirazona, sulfonamidas, agentes simpatolíticos tais como betabloqueadores, guanetidina, , tetraciclina, tritoqualina e trofosfamida.",1,fonte2,automatica,0.65
glibenclamida biosintética aché,fluoxetina,"Potencialização do efeito hipoglicemiante de glibenclamida, em alguns casos hipoglicemia, pode ocorrer quando se usa os seguintes medicamentos: Insulina e outros hipoglicemiantes orais, inibidores da ECA, esteroides anabolizantes e hormônios sexuais masculinos, , derivados cumarínicos, , disopiramida, fenfluramina, feniramidol, fibratos, fluoxetina, ifosfamidas, inibidores da MAO, , ácido paraminossalicílico, (uso parenteral em altas doses), fenilbutazona, azapropazone, oxifembutazona, probenecida, quinolonas, salicilatos, sulfimpirazona, sulfonamidas, agentes simpatolíticos tais como betabloqueadores, guanetidina, , tetraciclina, tritoqualina e trofosfamida.",1,fonte2,automatica,0.65
glibenclamida biosintética aché,insulina,"Potencialização do efeito hipoglicemiante de glibenclamida, em alguns casos hipoglicemia, pode ocorrer quando se usa os seguintes medicamentos: Insulina e outros hipoglicemiantes orais, inibidores da ECA, esteroides anabolizantes e hormônios sexuais masculinos, , derivados cumarínicos, , disopiramida, fenfluramina, feniramidol, fibratos, fluoxetina, ifosfamidas, inibidores da MAO, , ácido paraminossalicílico, (uso parenteral em altas doses), fenilbutazona, azapropazone, oxifembutazona, probenecida, quinolonas, salicilatos, sulfimpirazona, sulfonamidas, agentes simpatolíticos tais como betabloqueadores, guanetidina, , tetraciclina, tritoqualina e trofosfamida.",1,fonte2,automatica,0.65
glibenclamida biosintética aché,glibenclamida,"Potencialização do efeito hipoglicemiante de glibenclamida, em alguns casos hipoglicemia, pode ocorrer quando se usa os seguintes medicamentos: Insulina e outros hipoglicemiantes orais, inibidores da ECA, esteroides anabolizantes e hormônios sexuais masculinos, , derivados cumarínicos, , disopiramida, fenfluramina, feniramidol, fibratos, fluoxetina, ifosfamidas, inibidores da MAO, , ácido paraminossalicílico, (uso parenteral em altas doses), fenilbutazona, azapropazone, oxifembutazona, probenecida, quinolonas, salicilatos, sulfimpirazona, sulfonamidas, agentes simpatolíticos tais como betabloqueadores, guanetidina, , tetraciclina, tritoqualina e trofosfamida.",1,fonte2,automatica,0.65
glibenclamida biosintética aché,fibratos,"Potencialização do efeito hipoglicemiante de glibenclamida, em alguns casos hipoglicemia, pode ocorrer quando se usa os seguintes medicamentos: Insulina e outros hipoglicemiantes orais, inibidores da ECA, esteroides anabolizantes e hormônios sexuais masculinos, , derivados cumarínicos, , disopiramida, fenfluramina, feniramidol, fibratos, fluoxetina, ifosfamidas, inibidores da MAO, , ácido paraminossalicílico, (uso parenteral em altas doses), fenilbutazona, azapropazone, oxifembutazona, probenecida, quinolonas, salicilatos, sulfimpirazona, sulfonamidas, agentes simpatolíticos tais como betabloqueadores, guanetidina, , tetraciclina, tritoqualina e trofosfamida.",1,fonte2,automatica,0.65
glibenclamida biosintética aché,glibenclamida,"O enfraquecimento do efeito hipoglicemiante de glibenclamida e consequente elevação do nível de glicose podem ocorrer quando há o uso concomitante dos seguintes medicamentos: , barbitúricos, corticosteroides, diazóxido, (adrenalina) e outras medicações simpaticomiméticas, glucagon, laxativos (após uso prolongado), ácido nicotínico (em altas doses), estrogênio e progestágenos, fenotiazínicos, fenitoína, hormônios tireoidianos e Podem ocorrer potencialização ou redução de efeito de glibenclamida em pacientes fazendo uso concomitante de antagonistas do receptor H2, clonidina e reserpina.",1,fonte2,automatica,0.65
glibenclamida biosintética aché,corticosteroides,"O enfraquecimento do efeito hipoglicemiante de glibenclamida e consequente elevação do nível de glicose podem ocorrer quando há o uso concomitante dos seguintes medicamentos: , barbitúricos, corticosteroides, diazóxido, (adrenalina) e outras medicações simpaticomiméticas, glucagon, laxativos (após uso prolongado), ácido nicotínico (em altas doses), estrogênio e progestágenos, fenotiazínicos, fenitoína, hormônios tireoidianos e Podem ocorrer potencialização ou redução de efeito de glibenclamida em pacientes fazendo uso concomitante de antagonistas do receptor H2, clonidina e reserpina.",1,fonte2,automatica,0.65
glibenclamida biosintética aché,glibenclamida,O uso de glibenclamida pode potencializar ou diminuir os efeitos dos derivados cumarínicos.,1,fonte2,automatica,0.65
glibenclamida biosintética aché,ciclosporina,"Portanto, recomenda-se o monitoramento e um ajuste na dose da ciclosporina quando estes medicamentos forem coadministrados.",1,fonte2,automatica,0.65
glibeneck,fluoxetina,"Potencialização do efeito hipoglicemiante de Glibeneck , em alguns casos hipoglicemia, pode ocorrer quando se usa os seguintes medicamentos: Insulina e outros hipoglicemiantes orais, inibidores da ECA, esteróides anabolizantes e hormônios sexuais masculinos, , derivados cumarínicos, , disopiramida, fenfluramina, feniramidol, fibratos, fluoxetina, ifosfamidas, inibidores da MAO, , ácido paramino-salicílico, (uso parenteral em altas doses), fenilbutazona, azapropazone, oxifembutazona, probenicida, quinolonas, salicilatos, sulfimpirazona, sulfonamidas, agentes simpatolíticos tais como beta-bloqueadores e guanetidina, , tetraciclina, tritoqualina e trofosfamida.",1,fonte2,automatica,0.65
glibeneck,insulina,"Potencialização do efeito hipoglicemiante de Glibeneck , em alguns casos hipoglicemia, pode ocorrer quando se usa os seguintes medicamentos: Insulina e outros hipoglicemiantes orais, inibidores da ECA, esteróides anabolizantes e hormônios sexuais masculinos, , derivados cumarínicos, , disopiramida, fenfluramina, feniramidol, fibratos, fluoxetina, ifosfamidas, inibidores da MAO, , ácido paramino-salicílico, (uso parenteral em altas doses), fenilbutazona, azapropazone, oxifembutazona, probenicida, quinolonas, salicilatos, sulfimpirazona, sulfonamidas, agentes simpatolíticos tais como beta-bloqueadores e guanetidina, , tetraciclina, tritoqualina e trofosfamida.",1,fonte2,automatica,0.65
glibeneck,fibratos,"Potencialização do efeito hipoglicemiante de Glibeneck , em alguns casos hipoglicemia, pode ocorrer quando se usa os seguintes medicamentos: Insulina e outros hipoglicemiantes orais, inibidores da ECA, esteróides anabolizantes e hormônios sexuais masculinos, , derivados cumarínicos, , disopiramida, fenfluramina, feniramidol, fibratos, fluoxetina, ifosfamidas, inibidores da MAO, , ácido paramino-salicílico, (uso parenteral em altas doses), fenilbutazona, azapropazone, oxifembutazona, probenicida, quinolonas, salicilatos, sulfimpirazona, sulfonamidas, agentes simpatolíticos tais como beta-bloqueadores e guanetidina, , tetraciclina, tritoqualina e trofosfamida.",1,fonte2,automatica,0.65
glibeneck,glibenclamida,"O enfraquecimento do efeito hipoglicemiante de glibenclamida comprimidos e consequente elevação do nível de glicose podem ocorrer quando há o uso concomitante dos seguintes medicamentos: , barbitúricos, corticosteroides, diazóxido, (adrenalina) e outras medicações simpaticomiméticas, glucagon, laxativos (após uso prolongado), ácido nicotínico (em altas doses), estrogênio e progestágenos, fenotiazínicos, fenitoína, hormônios tireoidianos e Podem ocorrer potencialização ou redução de efeito de Glibeneck em pacientes fazendo uso concomitante de antagonistas do receptor H2, clonidina e reserpina.",1,fonte2,automatica,0.65
glibeneck,corticosteroides,"O enfraquecimento do efeito hipoglicemiante de glibenclamida comprimidos e consequente elevação do nível de glicose podem ocorrer quando há o uso concomitante dos seguintes medicamentos: , barbitúricos, corticosteroides, diazóxido, (adrenalina) e outras medicações simpaticomiméticas, glucagon, laxativos (após uso prolongado), ácido nicotínico (em altas doses), estrogênio e progestágenos, fenotiazínicos, fenitoína, hormônios tireoidianos e Podem ocorrer potencialização ou redução de efeito de Glibeneck em pacientes fazendo uso concomitante de antagonistas do receptor H2, clonidina e reserpina.",1,fonte2,automatica,0.65
glibeneck,ciclosporina,"Portanto, recomenda-se o monitoramento e um ajuste na dose da ciclosporina quando estes medicamentos forem coadministrados.",1,fonte2,automatica,0.65
gliconil,fluoxetina,"Potencialização do efeito hipoglicemiante de Gliconil , em alguns casos hipoglicemia, pode ocorrer quando se usa os seguintes medicamentos: insulina e outros hipoglicemiantes orais, inibidores da ECA, esteroides anabolizantes e hormônios sexuais masculinos, , derivados cumarínicos, , disopiramida, fenfluramina, feniramidol, fibratos, fluoxetina, ifosfamidas, inibidores da MAO, , ácido paramino-salicílico, (uso parenteral em altas doses), fenilbutazona, azapropazone, oxifembutazona, probenicida, quinolonas, salicilatos, sulfimpirazona, sulfonamidas, agentes simpatolíticos tais como beta-bloqueadores, e guanetidina, , tetraciclina, tritoqualina, trofosfamida.",1,fonte2,automatica,0.65
gliconil,insulina,"Potencialização do efeito hipoglicemiante de Gliconil , em alguns casos hipoglicemia, pode ocorrer quando se usa os seguintes medicamentos: insulina e outros hipoglicemiantes orais, inibidores da ECA, esteroides anabolizantes e hormônios sexuais masculinos, , derivados cumarínicos, , disopiramida, fenfluramina, feniramidol, fibratos, fluoxetina, ifosfamidas, inibidores da MAO, , ácido paramino-salicílico, (uso parenteral em altas doses), fenilbutazona, azapropazone, oxifembutazona, probenicida, quinolonas, salicilatos, sulfimpirazona, sulfonamidas, agentes simpatolíticos tais como beta-bloqueadores, e guanetidina, , tetraciclina, tritoqualina, trofosfamida.",1,fonte2,automatica,0.65
gliconil,fibratos,"Potencialização do efeito hipoglicemiante de Gliconil , em alguns casos hipoglicemia, pode ocorrer quando se usa os seguintes medicamentos: insulina e outros hipoglicemiantes orais, inibidores da ECA, esteroides anabolizantes e hormônios sexuais masculinos, , derivados cumarínicos, , disopiramida, fenfluramina, feniramidol, fibratos, fluoxetina, ifosfamidas, inibidores da MAO, , ácido paramino-salicílico, (uso parenteral em altas doses), fenilbutazona, azapropazone, oxifembutazona, probenicida, quinolonas, salicilatos, sulfimpirazona, sulfonamidas, agentes simpatolíticos tais como beta-bloqueadores, e guanetidina, , tetraciclina, tritoqualina, trofosfamida.",1,fonte2,automatica,0.65
gliconil,corticosteroides,"O enfraquecimento do efeito hipoglicemiante de Gliconil e consequente elevação do nível de glicose pode ocorrer quando há o uso concomitante dos seguintes medicamentos: , barbitúricos, corticosteroides, diazóxido, (adrenalina) e outras medicações simpaticomiméticas, glucagon, laxativos (após uso prolongado), ácido nicotínico (em altas doses), estrogênio e progestágenos, fenotiazínicos, fenitoína,hormônios tireoidianos e Podem ocorrer potencialização ou redução de efeito de Gliconil em pacientes fazendo uso concomitante de antagonistas do receptor H2, clonidina e reserpina.",1,fonte2,automatica,0.65
gliconil,ciclosporina,"Portanto, recomenda-se o monitoramento e um ajuste na dose da ciclosporina quando estes medicamentos forem coadministrados.",1,fonte2,automatica,0.65
glimepirida accord farma,probenecida,"Potencialização do efeito hipoglicemiante e, portanto, em alguns casos, pode ocorrer hipoglicemia quando um dos seguintes fármacos é administrado: Insulina ou outro antidiabético oral; inibidores da ECA; esteroides anabolizantes e hormônios sexuais masculinos; cloranfenicol; derivados cumarínicos; ciclofosfamidas; disopiramida; fenfluramina; feniramidol; fibratos; fluoxetina; guanetidina; ifosfamida; inibidores da MAO; miconazol; fluconazol; ácido para-aminosalicílico; pentoxifilina (uso parenteral em doses elevadas); fenilbutazona; azapropazona; oxifembutazona; probenecida; quinolonas; salicilatos; sulfimpirazona; claritomicina; antibióticos sulfonamídicos; tetraciclinas; tritoqualina; trofosfamida.",1,fonte2,automatica,0.65
glimepirida accord farma,fluoxetina,"Potencialização do efeito hipoglicemiante e, portanto, em alguns casos, pode ocorrer hipoglicemia quando um dos seguintes fármacos é administrado: Insulina ou outro antidiabético oral; inibidores da ECA; esteroides anabolizantes e hormônios sexuais masculinos; cloranfenicol; derivados cumarínicos; ciclofosfamidas; disopiramida; fenfluramina; feniramidol; fibratos; fluoxetina; guanetidina; ifosfamida; inibidores da MAO; miconazol; fluconazol; ácido para-aminosalicílico; pentoxifilina (uso parenteral em doses elevadas); fenilbutazona; azapropazona; oxifembutazona; probenecida; quinolonas; salicilatos; sulfimpirazona; claritomicina; antibióticos sulfonamídicos; tetraciclinas; tritoqualina; trofosfamida.",1,fonte2,automatica,0.65
glimepirida accord farma,fluconazol,"Potencialização do efeito hipoglicemiante e, portanto, em alguns casos, pode ocorrer hipoglicemia quando um dos seguintes fármacos é administrado: Insulina ou outro antidiabético oral; inibidores da ECA; esteroides anabolizantes e hormônios sexuais masculinos; cloranfenicol; derivados cumarínicos; ciclofosfamidas; disopiramida; fenfluramina; feniramidol; fibratos; fluoxetina; guanetidina; ifosfamida; inibidores da MAO; miconazol; fluconazol; ácido para-aminosalicílico; pentoxifilina (uso parenteral em doses elevadas); fenilbutazona; azapropazona; oxifembutazona; probenecida; quinolonas; salicilatos; sulfimpirazona; claritomicina; antibióticos sulfonamídicos; tetraciclinas; tritoqualina; trofosfamida.",1,fonte2,automatica,0.65
glimepirida accord farma,insulina,"Potencialização do efeito hipoglicemiante e, portanto, em alguns casos, pode ocorrer hipoglicemia quando um dos seguintes fármacos é administrado: Insulina ou outro antidiabético oral; inibidores da ECA; esteroides anabolizantes e hormônios sexuais masculinos; cloranfenicol; derivados cumarínicos; ciclofosfamidas; disopiramida; fenfluramina; feniramidol; fibratos; fluoxetina; guanetidina; ifosfamida; inibidores da MAO; miconazol; fluconazol; ácido para-aminosalicílico; pentoxifilina (uso parenteral em doses elevadas); fenilbutazona; azapropazona; oxifembutazona; probenecida; quinolonas; salicilatos; sulfimpirazona; claritomicina; antibióticos sulfonamídicos; tetraciclinas; tritoqualina; trofosfamida.",1,fonte2,automatica,0.65
glimepirida accord farma,fibratos,"Potencialização do efeito hipoglicemiante e, portanto, em alguns casos, pode ocorrer hipoglicemia quando um dos seguintes fármacos é administrado: Insulina ou outro antidiabético oral; inibidores da ECA; esteroides anabolizantes e hormônios sexuais masculinos; cloranfenicol; derivados cumarínicos; ciclofosfamidas; disopiramida; fenfluramina; feniramidol; fibratos; fluoxetina; guanetidina; ifosfamida; inibidores da MAO; miconazol; fluconazol; ácido para-aminosalicílico; pentoxifilina (uso parenteral em doses elevadas); fenilbutazona; azapropazona; oxifembutazona; probenecida; quinolonas; salicilatos; sulfimpirazona; claritomicina; antibióticos sulfonamídicos; tetraciclinas; tritoqualina; trofosfamida.",1,fonte2,automatica,0.65
gliocort,corticosteroides,"Ácido acetilsalicílico e salicilatos: corticosteroides podem aumentar a depuração do ácido acetilsalicílico, portanto o ácido acetilsalicílico deve ser usado com cautela em associação com corticosteroide nos casos de hipoprotrombinemia.",1,fonte2,automatica,0.65
gliocort,insulina,"Antidiabéticos orais e insulina: pode aumentar a concentração de sanguínea, portanto, se necessário, deve-se reajustar a posologia do hipoglicemiante.",1,fonte2,automatica,0.65
glucovance,glibenclamida,"Betabloqueadores, clonidina, reserpina, guanetidina ou medicamentos simpaticomiméticos, que podem ocultar os sintomas de aviso de uma hipoglicemia, sendo que a maioria dos betabloqueadores não cardiosseletivos aumentam a incidência e a gravidade da hipoglicemia (recomenda-se o autoacompanhamento da glicose sanguínea, especialmente no início do tratamento); , que aumenta o risco de problemas no fígado, sendo que o efeito hipoglicêmico da glibenclamida também pode ser reduzido (recomenda-se evitar essa associação);",1,fonte2,automatica,0.65
glucovance,insulina,"Agonistas beta-2, que aumentam os níveis de açúcar no sangue (recomenda-se o autoacompanhamento da glicose sanguínea e considerar-se o tratamento com insulina);",1,fonte2,automatica,0.65
glucovance,corticosteroides,"Corticosteroides e tetracosactida, que aumentam os níveis de açúcar no sangue (recomenda-se o autoacompanhamento da glicose sanguínea e considerar-se o ajuste da dose do Glucovance durante e após o tratamento);",1,fonte2,automatica,0.65
glucovance,glibenclamida,"Fenilbutazona, que aumenta o efeito hipoglicêmico da glibenclamida (se esta associação não puder ser evitada, recomenda-se o autoacompanhamento da glicose sanguínea e considerar-se o ajuste da dose do Glucovance , que aumenta o risco de hipoglicemia (se esta associação não puder ser evitada, recomenda-se o autoacompanhamento da glicose sanguínea e considerar-se o ajuste da dose do Glucovance durante e após o tratamento);",1,fonte2,automatica,0.65
glucovance,glibenclamida,"Desmopressina, que pode ter seu efeito antidiurético reduzido pelo Glucovance Ciprofloxacino, um antibiótico que pode aumentar a ação hipoglicemiante da glibenclamida;",1,fonte2,automatica,0.65
glucovance,metformina,A utilização desses medicamentos em combinação com metformina deve ser feita com cautela e acompanhada de monitoramento rigoroso da função renal.,1,fonte2,automatica,0.65
haloperidol união química,haloperidol,Monitoramento especial pode ser necessário se você estiver usando lítio e haloperidol ao mesmo tempo.,1,fonte2,automatica,0.65
hemifumarato de bisoprolol ems,aines,"Medicamentos anti-inflamatórios não esteroidais (AINEs), utilizados para tratar , dor ou inflamação (tais como , medicamento usado para tratar reações alérgicas graves com risco de vida e paradas cardíacas;",2,fonte2,automatica,0.8
heptron,aines,"Recomenda-se a interrupção do uso de medicamentos que afetam a antes do início do tratamento com Enoxaparina Sódica, a menos que seu uso seja estritamente indicado, tais como: Salicilatos sistêmicos, ácido acetilsalicílico e outros AINES, incluindo o cetorolaco;",1,fonte2,automatica,0.65
hidantal comprimido,fenobarbital,O fenobarbital pode reduzir a absorção oral da fenitoína.,1,fonte2,automatica,0.65
hidroclorotiazida germed pharma,metformina,A metformina deve ser utilizada com precaução devido ao risco de acidose láctica induzida por uma possível insuficiência renal funcional associada à hidroclorotiazida.,1,fonte2,automatica,0.65
hidroclorotiazida germed pharma,hidroclorotiazida,A metformina deve ser utilizada com precaução devido ao risco de acidose láctica induzida por uma possível insuficiência renal funcional associada à hidroclorotiazida.,1,fonte2,automatica,0.65
hidroclorotiazida germed pharma,hidroclorotiazida,"Medicamentos afetados por distúrbios do potássio sérico Recomenda-se a monitorização periódica do potássio sérico e um ECG quando a hidroclorotiazida é administrada concomitantemente com medicamentos afetados pelo nível sérico de potássio (por exemplo, glicosídeos digitálicos e antiarrítmicos) e com os seguintes medicamentos indutores de torsades de pointes (incluindo alguns antiarrítmicos): Antiarrítmicos classe Ia (por exemplo, quinidina, hidroquinidina, disopiramida).",1,fonte2,automatica,0.65
hidroclorotiazida germed pharma,alopurinol,A coadministração de tiazidas pode aumentar a incidência de reações de hipersensibilidade ao alopurinol.,1,fonte2,automatica,0.65
hidroclorotiazida germed pharma,hidroclorotiazida,"Salicilatos, AINEs Em caso de doses elevadas de salicilatos, a hidroclorotiazida pode aumentar o efeito tóxico dos salicilatos no sistema nervoso central.",1,fonte2,automatica,0.65
hidroclorotiazida germed pharma,aines,"Salicilatos, AINEs Em caso de doses elevadas de salicilatos, a hidroclorotiazida pode aumentar o efeito tóxico dos salicilatos no sistema nervoso central.",1,fonte2,automatica,0.65
hidroclorotiazida germed pharma,ciclosporina,O tratamento concomitante com ciclosporina pode aumentar o risco de hiperuricemia e complicações do tipo gota.,1,fonte2,automatica,0.65
hidroclorotiazida germed pharma,hidroclorotiazida,"Betabloqueadores, diazóxido O uso concomitante de diuréticos tiazídicos, incluindo hidroclorotiazida, com betabloqueadores ou diazóxido, pode aumentar o risco de hiperglicemia.",1,fonte2,automatica,0.65
hidroclorotiazida legrand,metformina,A metformina deve ser utilizada com precaução devido ao risco de acidose láctica induzida por uma possível insuficiência renal funcional associada à hidroclorotiazida.,1,fonte2,automatica,0.65
hidroclorotiazida legrand,hidroclorotiazida,A metformina deve ser utilizada com precaução devido ao risco de acidose láctica induzida por uma possível insuficiência renal funcional associada à hidroclorotiazida.,1,fonte2,automatica,0.65
hidroclorotiazida legrand,hidroclorotiazida,"Medicamentos afetados por distúrbios do potássio sérico Recomenda-se a monitorização periódica do potássio sérico e um ECG quando a hidroclorotiazida é administrada concomitantemente com medicamentos afetados pelo nível sérico de potássio (por exemplo, glicosídeos digitálicos e antiarrítmicos) e com os seguintes medicamentos indutores de torsades de pointes (incluindo alguns antiarrítmicos): Antiarrítmicos classe Ia (por exemplo, quinidina, hidroquinidina, disopiramida).",1,fonte2,automatica,0.65
hidroclorotiazida legrand,alopurinol,A coadministração de tiazidas pode aumentar a incidência de reações de hipersensibilidade ao alopurinol.,1,fonte2,automatica,0.65
hidroclorotiazida legrand,hidroclorotiazida,"Salicilatos, AINEs Em caso de doses elevadas de salicilatos, a hidroclorotiazida pode aumentar o efeito tóxico dos salicilatos no sistema nervoso central.",1,fonte2,automatica,0.65
hidroclorotiazida legrand,aines,"Salicilatos, AINEs Em caso de doses elevadas de salicilatos, a hidroclorotiazida pode aumentar o efeito tóxico dos salicilatos no sistema nervoso central.",1,fonte2,automatica,0.65
hidroclorotiazida legrand,ciclosporina,O tratamento concomitante com ciclosporina pode aumentar o risco de hiperuricemia e complicações do tipo gota.,1,fonte2,automatica,0.65
hidroclorotiazida legrand,hidroclorotiazida,"Betabloqueadores, diazóxido O uso concomitante de diuréticos tiazídicos, incluindo hidroclorotiazida, com betabloqueadores ou diazóxido, pode aumentar o risco de hiperglicemia.",1,fonte2,automatica,0.65
hidroflux,metformina,A metformina deve ser utilizada com precaução devido ao risco de acidose láctica induzida por uma possível insuficiência renal funcional associada à hidroclorotiazida.,1,fonte2,automatica,0.65
hidroflux,hidroclorotiazida,A metformina deve ser utilizada com precaução devido ao risco de acidose láctica induzida por uma possível insuficiência renal funcional associada à hidroclorotiazida.,1,fonte2,automatica,0.65
hidroflux,hidroclorotiazida,"Medicamentos afetados por distúrbios do potássio sérico Recomenda-se a monitorização periódica do potássio sérico e um ECG quando a hidroclorotiazida é administrada concomitantemente com medicamentos afetados pelo nível sérico de potássio (por exemplo, glicosídeos digitálicos e antiarrítmicos) e com os seguintes medicamentos indutores de torsades de pointes (incluindo alguns antiarrítmicos): Antiarrítmicos classe Ia (por exemplo, quinidina, hidroquinidina, disopiramida).",1,fonte2,automatica,0.65
hidroflux,alopurinol,A coadministração de tiazidas pode aumentar a incidência de reações de hipersensibilidade ao alopurinol.,1,fonte2,automatica,0.65
hidroflux,hidroclorotiazida,"Salicilatos, AINEs Em caso de doses elevadas de salicilatos, a hidroclorotiazida pode aumentar o efeito tóxico dos salicilatos no sistema nervoso central.",1,fonte2,automatica,0.65
hidroflux,aines,"Salicilatos, AINEs Em caso de doses elevadas de salicilatos, a hidroclorotiazida pode aumentar o efeito tóxico dos salicilatos no sistema nervoso central.",1,fonte2,automatica,0.65
hidroflux,ciclosporina,O tratamento concomitante com ciclosporina pode aumentar o risco de hiperuricemia e complicações do tipo gota.,1,fonte2,automatica,0.65
hidroflux,hidroclorotiazida,"Betabloqueadores, diazóxido O uso concomitante de diuréticos tiazídicos, incluindo hidroclorotiazida, com betabloqueadores ou diazóxido, pode aumentar o risco de hiperglicemia.",1,fonte2,automatica,0.65
hidromed,metformina,A metformina deve ser utilizada com precaução devido ao risco de acidose láctica induzida por uma possível insuficiência renal funcional associada à hidroclorotiazida.,1,fonte2,automatica,0.65
hidromed,hidroclorotiazida,A metformina deve ser utilizada com precaução devido ao risco de acidose láctica induzida por uma possível insuficiência renal funcional associada à hidroclorotiazida.,1,fonte2,automatica,0.65
hidromed,hidroclorotiazida,"Medicamentos afetados por distúrbios do potássio sérico Recomenda-se a monitorização periódica do potássio sérico e um ECG quando a hidroclorotiazida é administrada concomitantemente com medicamentos afetados pelo nível sérico de potássio (por exemplo, glicosídeos digitálicos e antiarrítmicos) e com os seguintes medicamentos indutores de torsades de pointes (incluindo alguns antiarrítmicos): Antiarrítmicos classe Ia (por exemplo, quinidina, hidroquinidina, disopiramida);",1,fonte2,automatica,0.65
hidromed,alopurinol,A coadministração de tiazidas pode aumentar a incidência de reações de hipersensibilidade ao alopurinol.,1,fonte2,automatica,0.65
hidromed,hidroclorotiazida,"Salicilatos, AINEs Em caso de doses elevadas de salicilatos, a hidroclorotiazida pode aumentar o efeito tóxico dos salicilatos no sistema nervoso central.",1,fonte2,automatica,0.65
hidromed,aines,"Salicilatos, AINEs Em caso de doses elevadas de salicilatos, a hidroclorotiazida pode aumentar o efeito tóxico dos salicilatos no sistema nervoso central.",1,fonte2,automatica,0.65
hidromed,ciclosporina,O tratamento concomitante com ciclosporina pode aumentar o risco de hiperuricemia e complicações do tipo gota.,1,fonte2,automatica,0.65
hidromed,hidroclorotiazida,"Betabloqueadores, diazóxido O uso concomitante de diuréticos tiazídicos, incluindo hidroclorotiazida, com betabloqueadores ou diazóxido, pode aumentar o risco de hiperglicemia.",1,fonte2,automatica,0.65
hidrotheo,digoxina,"Hidróxido de Alumínio não deve ser administrado concomitantemente aos antibióticos que contêm tetraciclina (ou qualquer um dos seus sais), e de drogas como: Antagonistas H2, benzodiazepínicos, fenotiazinas, diflunisal, digoxina, , fluorquinolonas, propanolol, penicilaminas, neurolépticos fenotiazínicos, metoprolol, , ranitidina, sais de lítio, sais de , cefdinir, cefpodoxima, cloroquina, ciclinas, bifosfonato, etambutol, fluoreto de sódio, glicocorticóides, , isoniazida, , levotiroxina, lincosamidas, rosuvastatina ou ácido acetilsalicílico, pois pode haver diminuição da absorção destes medicamentos.",2,fonte2,automatica,0.8
hidrotheo,isoniazida,"Hidróxido de Alumínio não deve ser administrado concomitantemente aos antibióticos que contêm tetraciclina (ou qualquer um dos seus sais), e de drogas como: Antagonistas H2, benzodiazepínicos, fenotiazinas, diflunisal, digoxina, , fluorquinolonas, propanolol, penicilaminas, neurolépticos fenotiazínicos, metoprolol, , ranitidina, sais de lítio, sais de , cefdinir, cefpodoxima, cloroquina, ciclinas, bifosfonato, etambutol, fluoreto de sódio, glicocorticóides, , isoniazida, , levotiroxina, lincosamidas, rosuvastatina ou ácido acetilsalicílico, pois pode haver diminuição da absorção destes medicamentos.",2,fonte2,automatica,0.8
hidrotheo,levotiroxina,"Hidróxido de Alumínio não deve ser administrado concomitantemente aos antibióticos que contêm tetraciclina (ou qualquer um dos seus sais), e de drogas como: Antagonistas H2, benzodiazepínicos, fenotiazinas, diflunisal, digoxina, , fluorquinolonas, propanolol, penicilaminas, neurolépticos fenotiazínicos, metoprolol, , ranitidina, sais de lítio, sais de , cefdinir, cefpodoxima, cloroquina, ciclinas, bifosfonato, etambutol, fluoreto de sódio, glicocorticóides, , isoniazida, , levotiroxina, lincosamidas, rosuvastatina ou ácido acetilsalicílico, pois pode haver diminuição da absorção destes medicamentos.",2,fonte2,automatica,0.8
hidrotheo,ranitidina,"Hidróxido de Alumínio não deve ser administrado concomitantemente aos antibióticos que contêm tetraciclina (ou qualquer um dos seus sais), e de drogas como: Antagonistas H2, benzodiazepínicos, fenotiazinas, diflunisal, digoxina, , fluorquinolonas, propanolol, penicilaminas, neurolépticos fenotiazínicos, metoprolol, , ranitidina, sais de lítio, sais de , cefdinir, cefpodoxima, cloroquina, ciclinas, bifosfonato, etambutol, fluoreto de sódio, glicocorticóides, , isoniazida, , levotiroxina, lincosamidas, rosuvastatina ou ácido acetilsalicílico, pois pode haver diminuição da absorção destes medicamentos.",2,fonte2,automatica,0.8
ibuflex cápsula,probenecida,"Ácido valproico (auranofina, aurotiomalato de sódio); , lítio, probenecida e Recomenda-se precaução quando do uso concomitante do ibuprofeno com medicamentos para depressão (fluoxetina, sertralina, paroxetina, citalopram), pelo risco aumentado de sangramento gastrintestinal.",1,fonte2,automatica,0.65
ibuflex cápsula,ibuprofeno,"Ácido valproico (auranofina, aurotiomalato de sódio); , lítio, probenecida e Recomenda-se precaução quando do uso concomitante do ibuprofeno com medicamentos para depressão (fluoxetina, sertralina, paroxetina, citalopram), pelo risco aumentado de sangramento gastrintestinal.",1,fonte2,automatica,0.65
ibuflex cápsula,fluoxetina,"Ácido valproico (auranofina, aurotiomalato de sódio); , lítio, probenecida e Recomenda-se precaução quando do uso concomitante do ibuprofeno com medicamentos para depressão (fluoxetina, sertralina, paroxetina, citalopram), pelo risco aumentado de sangramento gastrintestinal.",1,fonte2,automatica,0.65
ibuflex cápsula,sertralina,"Ácido valproico (auranofina, aurotiomalato de sódio); , lítio, probenecida e Recomenda-se precaução quando do uso concomitante do ibuprofeno com medicamentos para depressão (fluoxetina, sertralina, paroxetina, citalopram), pelo risco aumentado de sangramento gastrintestinal.",1,fonte2,automatica,0.65
ibuflex cápsula,valproico,"Ácido valproico (auranofina, aurotiomalato de sódio); , lítio, probenecida e Recomenda-se precaução quando do uso concomitante do ibuprofeno com medicamentos para depressão (fluoxetina, sertralina, paroxetina, citalopram), pelo risco aumentado de sangramento gastrintestinal.",1,fonte2,automatica,0.65
ibuflex cápsula,ibuprofeno,Recomenda-se precaução quando do uso concomitante do ibuprofeno com lítio devido ao aumento da concentração plasmática de lítio.,1,fonte2,automatica,0.65
ibuliv cápsula,probenecida,"Ácido valproico (auranofina, aurotiomalato de sódio); , lítio, probenecida e Recomenda-se precaução quando do uso concomitante do ibuprofeno com medicamentos para depressão (fluoxetina, sertralina, paroxetina, citalopram), pelo risco aumentado de sangramento gastrintestinal.",1,fonte2,automatica,0.65
ibuliv cápsula,ibuprofeno,"Ácido valproico (auranofina, aurotiomalato de sódio); , lítio, probenecida e Recomenda-se precaução quando do uso concomitante do ibuprofeno com medicamentos para depressão (fluoxetina, sertralina, paroxetina, citalopram), pelo risco aumentado de sangramento gastrintestinal.",1,fonte2,automatica,0.65
ibuliv cápsula,fluoxetina,"Ácido valproico (auranofina, aurotiomalato de sódio); , lítio, probenecida e Recomenda-se precaução quando do uso concomitante do ibuprofeno com medicamentos para depressão (fluoxetina, sertralina, paroxetina, citalopram), pelo risco aumentado de sangramento gastrintestinal.",1,fonte2,automatica,0.65
ibuliv cápsula,sertralina,"Ácido valproico (auranofina, aurotiomalato de sódio); , lítio, probenecida e Recomenda-se precaução quando do uso concomitante do ibuprofeno com medicamentos para depressão (fluoxetina, sertralina, paroxetina, citalopram), pelo risco aumentado de sangramento gastrintestinal.",1,fonte2,automatica,0.65
ibuliv cápsula,valproico,"Ácido valproico (auranofina, aurotiomalato de sódio); , lítio, probenecida e Recomenda-se precaução quando do uso concomitante do ibuprofeno com medicamentos para depressão (fluoxetina, sertralina, paroxetina, citalopram), pelo risco aumentado de sangramento gastrintestinal.",1,fonte2,automatica,0.65
ibuliv cápsula,ibuprofeno,Recomenda-se precaução quando do uso concomitante do ibuprofeno com lítio devido ao aumento da concentração plasmática de lítio.,1,fonte2,automatica,0.65
ibupril comprimido,varfarina,"O uso concomitante de dois AINEs sistêmicos pode aumentar a frequência de úlceras gastrintestinais e sangramento. pode interagir com: (por exemplo, varfarina), aumentando o risco de sangramento;",1,fonte2,automatica,0.65
ibupril comprimido,aines,"O uso concomitante de dois AINEs sistêmicos pode aumentar a frequência de úlceras gastrintestinais e sangramento. pode interagir com: (por exemplo, varfarina), aumentando o risco de sangramento;",1,fonte2,automatica,0.65
ibuprofan,ibuprofeno,"O Ibuprofeno pode aumentar o efeito dos anticoagulantes orais (heparina), a concentração sanguínea de lítio e a atividade antiagregante plaquetária, desaconselhando-se, portanto, a administração simultânea de Ibuprofeno e tais substâncias.",1,fonte2,automatica,0.65
ibuprofan,anticoagulantes,"O Ibuprofeno pode aumentar o efeito dos anticoagulantes orais (heparina), a concentração sanguínea de lítio e a atividade antiagregante plaquetária, desaconselhando-se, portanto, a administração simultânea de Ibuprofeno e tais substâncias.",1,fonte2,automatica,0.65
ibuprofan,ibuprofeno,Deve-se ter cautela quando se administrar Ibuprofeno a pacientes em terapia com anticoagulantes.,1,fonte2,automatica,0.65
ibuprofan,anticoagulantes,Deve-se ter cautela quando se administrar Ibuprofeno a pacientes em terapia com anticoagulantes.,1,fonte2,automatica,0.65
ibuprofan,ibuprofeno,"Estudos clínicos, bem como observações randômicas, mostraram que o Ibuprofeno pode reduzir o efeito natriurético da furosemida, tiazidas ou outros diuréticos em alguns pacientes.",1,fonte2,automatica,0.65
ibuprofan,furosemida,"Estudos clínicos, bem como observações randômicas, mostraram que o Ibuprofeno pode reduzir o efeito natriurético da furosemida, tiazidas ou outros diuréticos em alguns pacientes.",1,fonte2,automatica,0.65
ibuprofan,ibuprofeno,"Deve-se ter cautela quando metotrexato é administrado concomitantemente com AINEs, incluindo Ibuprofeno, porque a administração de AINEs pode resultar em aumento dos níveis plasmáticos de metotrexato, especialmente em pacientes recebendo altas doses de metotrexato.",1,fonte2,automatica,0.65
ibuprofan,metotrexato,"Deve-se ter cautela quando metotrexato é administrado concomitantemente com AINEs, incluindo Ibuprofeno, porque a administração de AINEs pode resultar em aumento dos níveis plasmáticos de metotrexato, especialmente em pacientes recebendo altas doses de metotrexato.",1,fonte2,automatica,0.65
ibuprofan,aines,"Deve-se ter cautela quando metotrexato é administrado concomitantemente com AINEs, incluindo Ibuprofeno, porque a administração de AINEs pode resultar em aumento dos níveis plasmáticos de metotrexato, especialmente em pacientes recebendo altas doses de metotrexato.",1,fonte2,automatica,0.65
ibuprofeno comprimido cimed,ibuprofeno,"Deve-se ter cautela ao administrar ibuprofeno em pacientes tratados com qualquer medicamento abaixo, já que interações medicamentosas foram reportadas por alguns pacientes: Anti-hipertensivos, betabloqueadores e AINEs podem reduzir o efeito de anti-hipertensivos, como inibidores da ECA, betabloqueadores e diuréticos.",1,fonte2,automatica,0.65
ibuprofeno comprimido cimed,aines,"Deve-se ter cautela ao administrar ibuprofeno em pacientes tratados com qualquer medicamento abaixo, já que interações medicamentosas foram reportadas por alguns pacientes: Anti-hipertensivos, betabloqueadores e AINEs podem reduzir o efeito de anti-hipertensivos, como inibidores da ECA, betabloqueadores e diuréticos.",1,fonte2,automatica,0.65
ibuprofeno comprimido cimed,ibuprofeno,A administração concomitante de ibuprofeno e colestiramina pode reduzir a absorção de ibuprofeno no trato gastrintestinal.,1,fonte2,automatica,0.65
ibuprofeno comprimido cimed,aines,Extratos herbáceos Ginkgo biloba pode potencializar o risco de hemorragia quando administrado concomitantemente com AINEs.,1,fonte2,automatica,0.65
ibuprofeno comprimido cimed,aines,Os AINEs podem potencializar os efeitos das sulfonilureias.,1,fonte2,automatica,0.65
ibuprofeno comprimido cimed,ibuprofeno,Inibidores da enzima CYP2C9 A administração de ibuprofeno com inibidores da enzima CYP2C9 (ex.: ) pode aumentar a exposição de ibuprofeno.,1,fonte2,automatica,0.65
ibuprofeno comprimido ems,varfarina,"Interações medicamento – medicamento O uso concomitante de qualquer AINE (anti-inflamatório não-esteroidal) com os seguintes fármacos deve ser evitado, especialmente nos casos de administração crônica: Ácido acetilsalicílico, , outros anti-inflamatórios não-esteroidais, corticosteróides como, glicocorticóides (cortisol, hidrocortizona, beclometasona, , metilpredinsolona, ), corticotrofina, agentes anticoagulantes ou trombolíticos (varfarina e heparina), inibidores de agregação plaquetária (clopidogrel, ticlopidina), hipoglicemiantes orais (metformina, , glicazida) ou insulina, anti-hipertensivos ( , enalapril, , propanolol) e , tiazídicos), ácido valproico (auranofina, aurotiomalato de sódio), plicamicina, compostos de ouro, , lítio, probenecida, inibidores da ECA (enzima conversora de angiotensina, como captopril, enalapril) e Recomenda-se precaução quando do uso concomitante do ibuprofeno com inibidores seletivos de recaptação da serotonina (ISRS, como fluoxetina, sertralina, paroxetina, citalopram), pelo risco aumentado de sangramento gastrintestinal.",1,fonte2,automatica,0.65
ibuprofeno comprimido ems,probenecida,"Interações medicamento – medicamento O uso concomitante de qualquer AINE (anti-inflamatório não-esteroidal) com os seguintes fármacos deve ser evitado, especialmente nos casos de administração crônica: Ácido acetilsalicílico, , outros anti-inflamatórios não-esteroidais, corticosteróides como, glicocorticóides (cortisol, hidrocortizona, beclometasona, , metilpredinsolona, ), corticotrofina, agentes anticoagulantes ou trombolíticos (varfarina e heparina), inibidores de agregação plaquetária (clopidogrel, ticlopidina), hipoglicemiantes orais (metformina, , glicazida) ou insulina, anti-hipertensivos ( , enalapril, , propanolol) e , tiazídicos), ácido valproico (auranofina, aurotiomalato de sódio), plicamicina, compostos de ouro, , lítio, probenecida, inibidores da ECA (enzima conversora de angiotensina, como captopril, enalapril) e Recomenda-se precaução quando do uso concomitante do ibuprofeno com inibidores seletivos de recaptação da serotonina (ISRS, como fluoxetina, sertralina, paroxetina, citalopram), pelo risco aumentado de sangramento gastrintestinal.",1,fonte2,automatica,0.65
ibuprofeno comprimido ems,ibuprofeno,"Interações medicamento – medicamento O uso concomitante de qualquer AINE (anti-inflamatório não-esteroidal) com os seguintes fármacos deve ser evitado, especialmente nos casos de administração crônica: Ácido acetilsalicílico, , outros anti-inflamatórios não-esteroidais, corticosteróides como, glicocorticóides (cortisol, hidrocortizona, beclometasona, , metilpredinsolona, ), corticotrofina, agentes anticoagulantes ou trombolíticos (varfarina e heparina), inibidores de agregação plaquetária (clopidogrel, ticlopidina), hipoglicemiantes orais (metformina, , glicazida) ou insulina, anti-hipertensivos ( , enalapril, , propanolol) e , tiazídicos), ácido valproico (auranofina, aurotiomalato de sódio), plicamicina, compostos de ouro, , lítio, probenecida, inibidores da ECA (enzima conversora de angiotensina, como captopril, enalapril) e Recomenda-se precaução quando do uso concomitante do ibuprofeno com inibidores seletivos de recaptação da serotonina (ISRS, como fluoxetina, sertralina, paroxetina, citalopram), pelo risco aumentado de sangramento gastrintestinal.",1,fonte2,automatica,0.65
ibuprofeno comprimido ems,metformina,"Interações medicamento – medicamento O uso concomitante de qualquer AINE (anti-inflamatório não-esteroidal) com os seguintes fármacos deve ser evitado, especialmente nos casos de administração crônica: Ácido acetilsalicílico, , outros anti-inflamatórios não-esteroidais, corticosteróides como, glicocorticóides (cortisol, hidrocortizona, beclometasona, , metilpredinsolona, ), corticotrofina, agentes anticoagulantes ou trombolíticos (varfarina e heparina), inibidores de agregação plaquetária (clopidogrel, ticlopidina), hipoglicemiantes orais (metformina, , glicazida) ou insulina, anti-hipertensivos ( , enalapril, , propanolol) e , tiazídicos), ácido valproico (auranofina, aurotiomalato de sódio), plicamicina, compostos de ouro, , lítio, probenecida, inibidores da ECA (enzima conversora de angiotensina, como captopril, enalapril) e Recomenda-se precaução quando do uso concomitante do ibuprofeno com inibidores seletivos de recaptação da serotonina (ISRS, como fluoxetina, sertralina, paroxetina, citalopram), pelo risco aumentado de sangramento gastrintestinal.",1,fonte2,automatica,0.65
ibuprofeno comprimido ems,captopril,"Interações medicamento – medicamento O uso concomitante de qualquer AINE (anti-inflamatório não-esteroidal) com os seguintes fármacos deve ser evitado, especialmente nos casos de administração crônica: Ácido acetilsalicílico, , outros anti-inflamatórios não-esteroidais, corticosteróides como, glicocorticóides (cortisol, hidrocortizona, beclometasona, , metilpredinsolona, ), corticotrofina, agentes anticoagulantes ou trombolíticos (varfarina e heparina), inibidores de agregação plaquetária (clopidogrel, ticlopidina), hipoglicemiantes orais (metformina, , glicazida) ou insulina, anti-hipertensivos ( , enalapril, , propanolol) e , tiazídicos), ácido valproico (auranofina, aurotiomalato de sódio), plicamicina, compostos de ouro, , lítio, probenecida, inibidores da ECA (enzima conversora de angiotensina, como captopril, enalapril) e Recomenda-se precaução quando do uso concomitante do ibuprofeno com inibidores seletivos de recaptação da serotonina (ISRS, como fluoxetina, sertralina, paroxetina, citalopram), pelo risco aumentado de sangramento gastrintestinal.",1,fonte2,automatica,0.65
ibuprofeno comprimido prati donaduzzi,ibuprofeno,"Comprimido 400 mg Deve-se ter cautela ao administrar ibuprofeno em pacientes tratados com qualquer medicamento abaixo, já que interações medicamentosas foram reportadas em alguns pacientes: Anti-hipertensivos, (como inibidores da ECA) e diuréticos (efeito reduzido);",1,fonte2,automatica,0.65
ibuprofeno comprimido prati donaduzzi,aines,O uso concomitante de dois AINEs sistêmicos pode aumentar a frequência de úlceras gastrintestinais e sangramento.,1,fonte2,automatica,0.65
incoril,diltiazem,"Portanto, o Cloridrato de Cloridrato de Diltiazem deve ser administrado com cautela quando coadministrado com fármacos que podem ser metabolizados por esta enzima ou com fármacos que podem afetar a atividade desta enzima, como os descritos a seguir: Contraindicações para coadministração (não coadministre com os seguintes medicamentos): Asunaprevir, cloridrato de /asunaprevir/cloridrato de beclabuvir A concentração sanguínea de asunaprevir é aumentada.",1,fonte2,automatica,0.65
incoril,diltiazem,Este medicamento inibe a enzima CYP3A e o metabolismo da lomitapida é inibido Precauções para a coadministração (Cloridrato de Diltiazem deve ser administrado com cautela quando coadministrado com os seguintes medicamentos): Anti-hipertensivos (como derivados do nitrato) Os efeitos anti-hipertensivos podem ser intensificados.,1,fonte2,automatica,0.65
incoril,diltiazem,"A fenitoína pode estimular o metabolismo de Cloridrato de Diltiazem, diminuindo assim sua concentração sanguínea e consequentemente seu efeito Estatinas (usadas para tratamento das Aumento das concentrações plasmáticas das estatinas, que por sua vez leva a ocorrências de eventos adversos do tipo , miopatia e raros casos de rabdomiólise (antagonista do receptor H2) e antirretrovirais inibidores da protease ( , saquinavir) Inibem a enzima metabolizadora de cloridrato de Cloridrato de Diltiazem, podendo aumentar as concentrações sanguíneas de cloridrato de Cloridrato de Diltiazem.",2,fonte2,automatica,0.8
incoril,diltiazem,"Recomenda-se dosagem cuidadosa quando administradas concomitantemente e seu eletrocardiograma deve ser monitorado Relaxantes musculares (pancurônio) Cloridrato de Diltiazem pode inibir a liberação de acetilcolina das terminações pré-sinápticas da junção neuromuscular, intensificando os efeitos dos relaxantes musculares.",1,fonte2,automatica,0.65
incoril,rifampicina,"Deve se ter cautela na administração concomitante O Cloridrato de Diltiazem aumenta em 30% a biodisponibilidade da imipramina, portanto pacientes em uso concomitante desta medicação devem ser monitorados de perto quanto a sinais e sintomas de toxicidade da imipramina (medicamento antituberculose) Pode diminuir as concentrações sanguíneas de cloridrato de Cloridrato de Diltiazem, devido à indução da enzima metabolizadora de cloridrato de Cloridrato de Diltiazem pela rifampicina.",1,fonte2,automatica,0.65
incoril,diltiazem,"Deve se ter cautela na administração concomitante O Cloridrato de Diltiazem aumenta em 30% a biodisponibilidade da imipramina, portanto pacientes em uso concomitante desta medicação devem ser monitorados de perto quanto a sinais e sintomas de toxicidade da imipramina (medicamento antituberculose) Pode diminuir as concentrações sanguíneas de cloridrato de Cloridrato de Diltiazem, devido à indução da enzima metabolizadora de cloridrato de Cloridrato de Diltiazem pela rifampicina.",1,fonte2,automatica,0.65
incoril,diltiazem,"Se forem observadas anormalidades, pode ser necessário aumentar a dose do Cloridrato de Diltiazem ou trocar para outros fármacos Anti-inflamatórios, não hormonais, especialmente a Pode antagonizar o efeito do Cloridrato de Diltiazem Para todas as interações medicamentosas apresentadas neste tópico recomenda-se que os sintomas clínicos sejam periodicamente observados e em casos de anormalidades a dose deve ser reduzida ou o uso interrompido.",1,fonte2,automatica,0.65
infladex,digoxina,"Neste caso, recomenda-se monitoramento do nível de digoxina sérica. e agentes anti-hipertensivos Assim como outros AINEs, o uso concomitante de Diclofenaco Sódico com diuréticos ou anti-hipertensivos (ex.: betabloqueadores, inibidores da ECA), pode diminuir o efeito anti-hipertensivo.",1,fonte2,automatica,0.65
infladex,aines,"Neste caso, recomenda-se monitoramento do nível de digoxina sérica. e agentes anti-hipertensivos Assim como outros AINEs, o uso concomitante de Diclofenaco Sódico com diuréticos ou anti-hipertensivos (ex.: betabloqueadores, inibidores da ECA), pode diminuir o efeito anti-hipertensivo.",1,fonte2,automatica,0.65
infladex,ciclosporina,"Diclofenaco, assim como outros AINEs, pode aumentar a toxicidade nos rins, causada pela ciclosporina e tacrolimo, devido ao seu efeito nas prostaglandinas renais.",1,fonte2,automatica,0.65
infladex,aines,"Diclofenaco, assim como outros AINEs, pode aumentar a toxicidade nos rins, causada pela ciclosporina e tacrolimo, devido ao seu efeito nas prostaglandinas renais.",1,fonte2,automatica,0.65
infladex,ciclosporina,"Medicamentos conhecidos por causar O tratamento concomitante com diuréticos poupadores de potássio, ciclosporina, tacrolimo ou trimetoprima podem ser associados com o aumento dos níveis séricos de potássio, que deve ser monitorado frequentemente.",1,fonte2,automatica,0.65
infladex,aines,"Interações previstas a serem consideradas Outros AINEs e corticoides A administração concomitante de Diclofenaco Sódico com outros AINEs sistêmicos ou corticoides, pode aumentar a frequência de efeitos gastrintestinais indesejados.",1,fonte2,automatica,0.65
infladex,anticoagulantes,Anticoagulantes e agentes antiplaquetários Deve-se ter cautela no uso concomitante uma vez que pode aumentar o risco de hemorragias.,1,fonte2,automatica,0.65
infladex,aines,"Inibidores seletivos da recaptação da serotonina A administração concomitante com AINEs sistêmicos, incluindo Diclofenaco Sódico e inibidores seletivos da recaptação da serotonina, pode aumentar o risco de sangramento gastrintestinal.",1,fonte2,automatica,0.65
infladex,metotrexato,"Deve-se ter cautela quando AINEs, incluindo diclofenaco, são administrados menos de 24 horas antes ou após tratamento com metotrexato uma vez que pode elevar a concentração sérica do metotrexato, aumentando a sua toxicidade.",1,fonte2,automatica,0.65
infladex,aines,"Deve-se ter cautela quando AINEs, incluindo diclofenaco, são administrados menos de 24 horas antes ou após tratamento com metotrexato uma vez que pode elevar a concentração sérica do metotrexato, aumentando a sua toxicidade.",1,fonte2,automatica,0.65
inflalid,metotrexato,"Interação medicamento-medicamento Gravidade: Maior É necessário cautela se Inflalid for utilizado antes ou após 24 horas de tratamento com , pois o nível sérico do metotrexato pode aumentar, elevando sua toxicidade, risco de , trombocitopenia, anemia, nefrotoxicidade e ulceração de mucosa.",1,fonte2,automatica,0.65
inflalid,fluoxetina,"A associação de nimesulida com medicamentos como: , ardeparina, acebutolol, certoparina, citalopram, clopidogrel, clovoxamina, dalteparina, danaparoide, desirudina, duloxetina, enoxaparina, eptifibatida, escitalopram, famoxetina, flesinoxano, fluoxetina, Ginkgo biloba , heparina, levomilnaciprana, milnaciprana, nadroparina, nefazodona, parnaparina, paroxetina, polissulfato sódico de pentosana, , prasugrel, proteína C, reviparina, , ticlopidina, tinzaparina, venlafaxina, vilazodona, e zimeldina potencializa o risco de sangramento.",1,fonte2,automatica,0.65
isotrexin,eritromicina,"O uso concomitante de medicamentos tópicos com IsotretinoÍna + Eritromicina gel deve ser realizado com cautela devido à possibilidade de ocorrência de irritação cumulativa, principalmente se essas preparações tópicas contiverem agentes descamativos (por exemplo, peróxido de benzoíla) ou abrasivos.",1,fonte2,automatica,0.65
jalra,varfarina,"Como resultado desses estudos, não foi observada nenhuma interação de importância clínica com a administração simultânea da vildagliptina com outros antidiabéticos orais ( , pioglitazona, metformina), ou varfarina.",0,fonte2,automatica,0.85
jalra,metformina,"Como resultado desses estudos, não foi observada nenhuma interação de importância clínica com a administração simultânea da vildagliptina com outros antidiabéticos orais ( , pioglitazona, metformina), ou varfarina.",0,fonte2,automatica,0.85
jalra met,metformina,Nenhuma interação farmacocinética de relevância clínica tem sido observada na coadministração de vildagliptina (100 mg uma vez ao dia) com cloridrato de metformina (1.000 mg uma vez ao dia).,0,fonte2,automatica,0.85
jalra met,varfarina,"Como resultado desses estudos, não foi observada nenhuma interação de relevância clínica com a coadministração da vildagliptina com outros antidiabéticos orais ( , pioglitazona, cloridrato de metformina), ou varfarina.",0,fonte2,automatica,0.85
jalra met,metformina,"Como resultado desses estudos, não foi observada nenhuma interação de relevância clínica com a coadministração da vildagliptina com outros antidiabéticos orais ( , pioglitazona, cloridrato de metformina), ou varfarina.",0,fonte2,automatica,0.85
jalra met,metformina,"Embora tais interações permaneçam teóricas (exceto para a cimetidina), é recomendado o monitoramento dos pacientes e das doses de medicamentos contendo metformina (como Vildagliptina + Cloridrato de Metformina) e dessas medicações.",1,fonte2,automatica,0.65
jalra met,cimetidina,"Embora tais interações permaneçam teóricas (exceto para a cimetidina), é recomendado o monitoramento dos pacientes e das doses de medicamentos contendo metformina (como Vildagliptina + Cloridrato de Metformina) e dessas medicações.",1,fonte2,automatica,0.65
jalra met,aines,"Outras – Alguns fármacos podem afetar negativamente a função renal, o que pode aumentar o risco de acidose lática, como por exemplo, AINEs, incluindo inibidores seletivos da cicloxigenase (COX) II, inibidores da ECA, receptores antagonistas de angiotensina II e , especialmente diuréticos de alça.",1,fonte2,automatica,0.65
jalra met,metformina,"Quando iniciar ou usar tais produtos em combinação com fármacos contendo metformina (como Vildagliptina + Cloridrato de Metformina), é necessário monitorar de perto a função renal.",1,fonte2,automatica,0.75
jalra met,metformina,É recomendado monitorar o controle glicêmico e ajustar a dose de metformina quando tais fármacos são administrados ou descontinuados para esses pacientes.,1,fonte2,automatica,0.75
jardiance duo,hidroclorotiazida,A empagliflozina pode aumentar o efeito diurético de medicamentos tiazídicos (ex. hidroclorotiazida) e de diuréticos de alça (ex. furosemida) levando a um aumento do risco de desidratação e de queda da pressão arterial.,1,fonte2,automatica,0.65
jardiance duo,furosemida,A empagliflozina pode aumentar o efeito diurético de medicamentos tiazídicos (ex. hidroclorotiazida) e de diuréticos de alça (ex. furosemida) levando a um aumento do risco de desidratação e de queda da pressão arterial.,1,fonte2,automatica,0.65
jardiance duo,ibuprofeno,"Alguns medicamentos podem afetar negativamente a função renal, o que pode aumentar o risco de acidose láctica, como os anti-inflamatórios não esteroides (por exemplo, diclofenaco, ibuprofeno), inibidores seletivos da ciclooxigenase-2, inibidores da ECA (como e enalapril), antagonistas dos receptores da angiotensina II (como losartana), diuréticos (como hidroclorotiazida, furosemida).",1,fonte2,automatica,0.65
jardiance duo,losartana,"Alguns medicamentos podem afetar negativamente a função renal, o que pode aumentar o risco de acidose láctica, como os anti-inflamatórios não esteroides (por exemplo, diclofenaco, ibuprofeno), inibidores seletivos da ciclooxigenase-2, inibidores da ECA (como e enalapril), antagonistas dos receptores da angiotensina II (como losartana), diuréticos (como hidroclorotiazida, furosemida).",1,fonte2,automatica,0.65
jardiance duo,hidroclorotiazida,"Alguns medicamentos podem afetar negativamente a função renal, o que pode aumentar o risco de acidose láctica, como os anti-inflamatórios não esteroides (por exemplo, diclofenaco, ibuprofeno), inibidores seletivos da ciclooxigenase-2, inibidores da ECA (como e enalapril), antagonistas dos receptores da angiotensina II (como losartana), diuréticos (como hidroclorotiazida, furosemida).",1,fonte2,automatica,0.65
jardiance duo,furosemida,"Alguns medicamentos podem afetar negativamente a função renal, o que pode aumentar o risco de acidose láctica, como os anti-inflamatórios não esteroides (por exemplo, diclofenaco, ibuprofeno), inibidores seletivos da ciclooxigenase-2, inibidores da ECA (como e enalapril), antagonistas dos receptores da angiotensina II (como losartana), diuréticos (como hidroclorotiazida, furosemida).",1,fonte2,automatica,0.65
jardiance duo,enalapril,"Alguns medicamentos podem afetar negativamente a função renal, o que pode aumentar o risco de acidose láctica, como os anti-inflamatórios não esteroides (por exemplo, diclofenaco, ibuprofeno), inibidores seletivos da ciclooxigenase-2, inibidores da ECA (como e enalapril), antagonistas dos receptores da angiotensina II (como losartana), diuréticos (como hidroclorotiazida, furosemida).",1,fonte2,automatica,0.65
jardiance duo,metformina,"A metformina se liga aos transportadores de cátions orgânicos (OCT) e sua administração com outras substâncias que interferem nesses transportadores pode alterar a ação da metformina, como, por exemplo: O uso de metformina juntamente com o medicamento verapamil, pode diminuir o efeito da metformina; a pode aumentar a absorção de metformina no estômago e intestino, e assim aumentar o efeito da metformina; medicamentos como , dolutegravir, , trimetoprima, vendetanibe e podem diminuir a eliminação de metformina pelos rins e, assim, aumentar a concentração de metformina no sangue; os medicamentos podem interferir no efeito da metformina e também na sua eliminação pelos rins.",1,fonte2,automatica,0.65
jardiance duo,verapamil,"A metformina se liga aos transportadores de cátions orgânicos (OCT) e sua administração com outras substâncias que interferem nesses transportadores pode alterar a ação da metformina, como, por exemplo: O uso de metformina juntamente com o medicamento verapamil, pode diminuir o efeito da metformina; a pode aumentar a absorção de metformina no estômago e intestino, e assim aumentar o efeito da metformina; medicamentos como , dolutegravir, , trimetoprima, vendetanibe e podem diminuir a eliminação de metformina pelos rins e, assim, aumentar a concentração de metformina no sangue; os medicamentos podem interferir no efeito da metformina e também na sua eliminação pelos rins.",1,fonte2,automatica,0.65
jardiance duo,metformina,"Deve-se ter cuidado principalmente em casos de pacientes com mau funcionamento dos rins, pois no caso do uso desses medicamentos juntamente com metformina, a concentração de metformina no sangue pode aumentar.",1,fonte2,automatica,0.65
jofix,tramadol,Interação entre ondansetrona e tramadol pode reduzir o efeito analgésico do tramadol.,1,fonte2,automatica,0.65
karvil,ciclosporina,Carvedilol pode aumentar a concentração plasmática de digoxina e ciclosporina oral.,1,fonte2,automatica,0.65
karvil,digoxina,Carvedilol pode aumentar a concentração plasmática de digoxina e ciclosporina oral.,1,fonte2,automatica,0.65
karvil,ciclosporina,"Recomenda-se monitoração próxima dos níveis de digoxina e ciclosporina para ajuste adequado das doses Efeitos de outras drogas na farmacocinética de carvedilol Inibidores, bem como indutores de determinadas enzimas do fígado podem modificar o metabolismo de carvedilol, levando a concentrações plasmáticas aumentadas ou diminuídas de R e S-carvedilol.",1,fonte2,automatica,0.65
karvil,digoxina,"Recomenda-se monitoração próxima dos níveis de digoxina e ciclosporina para ajuste adequado das doses Efeitos de outras drogas na farmacocinética de carvedilol Inibidores, bem como indutores de determinadas enzimas do fígado podem modificar o metabolismo de carvedilol, levando a concentrações plasmáticas aumentadas ou diminuídas de R e S-carvedilol.",1,fonte2,automatica,0.65
karvil,digoxina,"Deve-se monitorar a glicemia em pacientes recebendo insulina ou antidiabéticos orais juntamente com Karvil Agentes depletores de catecolaminas Sinais de hipotensão e/ou bradicardia grave em pacientes em uso de Karvil e fármacos que possam depletar catecolaminas (por exemplo, reserpina e inibidores de monoamino oxidase) O uso combinado de Karvil e digoxina pode prolongar o tempo de condução atrioventricular Bloqueadores do canal de cálcio não diidropiridina, amiodarona ou outros antiarrítmicos Em combinação com carvedilol, podem aumentar o risco de distúrbios de condução atrioventricular.",1,fonte2,automatica,0.75
karvil,insulina,"Deve-se monitorar a glicemia em pacientes recebendo insulina ou antidiabéticos orais juntamente com Karvil Agentes depletores de catecolaminas Sinais de hipotensão e/ou bradicardia grave em pacientes em uso de Karvil e fármacos que possam depletar catecolaminas (por exemplo, reserpina e inibidores de monoamino oxidase) O uso combinado de Karvil e digoxina pode prolongar o tempo de condução atrioventricular Bloqueadores do canal de cálcio não diidropiridina, amiodarona ou outros antiarrítmicos Em combinação com carvedilol, podem aumentar o risco de distúrbios de condução atrioventricular.",1,fonte2,automatica,0.75
karvil,amiodarona,"Deve-se monitorar a glicemia em pacientes recebendo insulina ou antidiabéticos orais juntamente com Karvil Agentes depletores de catecolaminas Sinais de hipotensão e/ou bradicardia grave em pacientes em uso de Karvil e fármacos que possam depletar catecolaminas (por exemplo, reserpina e inibidores de monoamino oxidase) O uso combinado de Karvil e digoxina pode prolongar o tempo de condução atrioventricular Bloqueadores do canal de cálcio não diidropiridina, amiodarona ou outros antiarrítmicos Em combinação com carvedilol, podem aumentar o risco de distúrbios de condução atrioventricular.",1,fonte2,automatica,0.75
karvil,diltiazem,"Se o carvedilol for administrado por via oral com bloqueadores do canal de cálcio não diidropiridina do tipo verapamil ou diltiazem, amiodarona ou outros antiarrítmicos recomenda-se o monitoramento do ECG (eletrocardiograma) e da pressão sanguínea A administração de clonidina associada à Karvil pode potencializar os efeitos de redução de pressão sanguínea e frequência cardíaca Carvedilol pode potencializar o efeito de outros fármacos com ação antihipertensiva (por exemplo, antagonistas de receptor alfa-1) ou que tenham hipotensão como parte de seu perfil de efeitos adversos Agentes anestésicos Monitorar cuidadosamente os sinais vitais durante anestesia O uso concomitante de anti-inflamatórios não esteroides (AINEs) e bloqueadores betaadrenérgicos pode resultar em aumento de pressão arterial e menor controle da pressão arterial Broncodilatadores beta-agonistas age de forma contrária aos medicamentos desta classe Informe ao seu médico ou cirurgião-dentista se você está fazendo uso de algum outro medicamento.",1,fonte2,automatica,0.75
karvil,verapamil,"Se o carvedilol for administrado por via oral com bloqueadores do canal de cálcio não diidropiridina do tipo verapamil ou diltiazem, amiodarona ou outros antiarrítmicos recomenda-se o monitoramento do ECG (eletrocardiograma) e da pressão sanguínea A administração de clonidina associada à Karvil pode potencializar os efeitos de redução de pressão sanguínea e frequência cardíaca Carvedilol pode potencializar o efeito de outros fármacos com ação antihipertensiva (por exemplo, antagonistas de receptor alfa-1) ou que tenham hipotensão como parte de seu perfil de efeitos adversos Agentes anestésicos Monitorar cuidadosamente os sinais vitais durante anestesia O uso concomitante de anti-inflamatórios não esteroides (AINEs) e bloqueadores betaadrenérgicos pode resultar em aumento de pressão arterial e menor controle da pressão arterial Broncodilatadores beta-agonistas age de forma contrária aos medicamentos desta classe Informe ao seu médico ou cirurgião-dentista se você está fazendo uso de algum outro medicamento.",1,fonte2,automatica,0.75
karvil,amiodarona,"Se o carvedilol for administrado por via oral com bloqueadores do canal de cálcio não diidropiridina do tipo verapamil ou diltiazem, amiodarona ou outros antiarrítmicos recomenda-se o monitoramento do ECG (eletrocardiograma) e da pressão sanguínea A administração de clonidina associada à Karvil pode potencializar os efeitos de redução de pressão sanguínea e frequência cardíaca Carvedilol pode potencializar o efeito de outros fármacos com ação antihipertensiva (por exemplo, antagonistas de receptor alfa-1) ou que tenham hipotensão como parte de seu perfil de efeitos adversos Agentes anestésicos Monitorar cuidadosamente os sinais vitais durante anestesia O uso concomitante de anti-inflamatórios não esteroides (AINEs) e bloqueadores betaadrenérgicos pode resultar em aumento de pressão arterial e menor controle da pressão arterial Broncodilatadores beta-agonistas age de forma contrária aos medicamentos desta classe Informe ao seu médico ou cirurgião-dentista se você está fazendo uso de algum outro medicamento.",1,fonte2,automatica,0.75
karvil,aines,"Se o carvedilol for administrado por via oral com bloqueadores do canal de cálcio não diidropiridina do tipo verapamil ou diltiazem, amiodarona ou outros antiarrítmicos recomenda-se o monitoramento do ECG (eletrocardiograma) e da pressão sanguínea A administração de clonidina associada à Karvil pode potencializar os efeitos de redução de pressão sanguínea e frequência cardíaca Carvedilol pode potencializar o efeito de outros fármacos com ação antihipertensiva (por exemplo, antagonistas de receptor alfa-1) ou que tenham hipotensão como parte de seu perfil de efeitos adversos Agentes anestésicos Monitorar cuidadosamente os sinais vitais durante anestesia O uso concomitante de anti-inflamatórios não esteroides (AINEs) e bloqueadores betaadrenérgicos pode resultar em aumento de pressão arterial e menor controle da pressão arterial Broncodilatadores beta-agonistas age de forma contrária aos medicamentos desta classe Informe ao seu médico ou cirurgião-dentista se você está fazendo uso de algum outro medicamento.",1,fonte2,automatica,0.75
kefalomax,probenecida,A probenecida aumenta as concentrações de cefalotina e pode aumentar os riscos de reações tóxicas.,1,fonte2,automatica,0.65
kefazol,probenecida,"A probenecida aumenta as concentrações de cefazolina no sangue, e pode aumentar os riscos de reações tóxicas.",1,fonte2,automatica,0.65
keflaxina,probenecida,A probenecida pode aumentar e prolongar a concentração da Keflaxina no sangue. de alça (ex.: ) podem aumentar o risco de toxicidade para os rins com as cefalosporinas.,1,fonte2,automatica,0.65
keflin neutro,probenecida,A probenecida aumenta as concentrações de cefalotina e pode aumentar os riscos de reações tóxicas.,1,fonte2,automatica,0.65
keforal,probenecida,A probenecida pode aumentar e prolongar a concentração do Keforal no sangue. de alça (ex.: ) podem aumentar o risco de toxicidade para os rins com as cefalosporinas.,1,fonte2,automatica,0.65
kefox,probenecida,A probenecida pode aumentar e prolongar as concentrações de cefoxitina no sangue.,1,fonte2,automatica,0.65
kiadon,anticoagulantes,"A associação deste medicamento com anticoagulantes, antiplaquetários, anti-inflamatórios não esteroidais (AINES) e/ou agentes trombolíticos pode aumentar o risco de hemorragias (Micromedex 2.0, 2014).",1,fonte2,automatica,0.65
kiadon,aines,"A associação deste medicamento com anticoagulantes, antiplaquetários, anti-inflamatórios não esteroidais (AINES) e/ou agentes trombolíticos pode aumentar o risco de hemorragias (Micromedex 2.0, 2014).",1,fonte2,automatica,0.65
kiadon,insulina,"Este medicamento pode diminuir a efetividade dos anticonvulsivantes e pode alterar os efeitos da insulina, aumentando a sua depuração (Micromedex 2.0, 2014).",1,fonte2,automatica,0.65
kiadon,risperidona,"O uso concomitante de G. biloba pode aumentar os riscos de eventos adversos causados pela risperidona, como, por exemplo, priapismo (LIN et al ., 2007).",1,fonte2,automatica,0.65
klaricid,claritromicina,"O uso dos seguintes medicamentos é estritamente contraindicado, devido à gravidade dos efeitos causados pelas possíveis interações medicamentosas: Cisaprida, pimozida, astemizole e terfenadina: foram relatados aumentos dos níveis de cisaprida em pacientes tratados concomitantemente com claritromicina e cisaprida.",2,fonte2,automatica,0.9
klaricid,claritromicina,"Inibidores da HMG-CoA redutase (estatinas): O uso concomitante de claritromicina com lovastatina ou sinvastatina é contraindicado (ver Contraindicações), devido ao possível aumento do risco de miopatia (doença muscular), incluindo rabdomiólise (destruição do músculo esquelético).",2,fonte2,automatica,0.9
klaricid,sinvastatina,"Inibidores da HMG-CoA redutase (estatinas): O uso concomitante de claritromicina com lovastatina ou sinvastatina é contraindicado (ver Contraindicações), devido ao possível aumento do risco de miopatia (doença muscular), incluindo rabdomiólise (destruição do músculo esquelético).",2,fonte2,automatica,0.9
klaricid,claritromicina,Foram recebidos relatos de rabdomiólise em pacientes que administraram claritromicina junto com estas estatinas.,2,fonte2,automatica,0.8
klaricid,claritromicina,Deve-se ter precaução quando houver prescrição de claritromicina com estatinas.,1,fonte2,automatica,0.65
klaricid,claritromicina,"Por isso, deve-se monitorar esses medicamentos na corrente sanguínea devido à um possível aumento dessas substâncias devido à inibição de CYP3A4 pela claritromicina.",1,fonte2,automatica,0.75
klaricid,claritromicina,"Anticoagulantes orais de ação direta (DOACs): Recomenda-se precaução quando a claritromicina é administrada concomitantemente com a dabigatrana, rivaroxabana e apixabana, especialmente em pacientes com maior risco de sangramentos.",1,fonte2,automatica,0.65
klaricid,anticoagulantes,"Anticoagulantes orais de ação direta (DOACs): Recomenda-se precaução quando a claritromicina é administrada concomitantemente com a dabigatrana, rivaroxabana e apixabana, especialmente em pacientes com maior risco de sangramentos.",1,fonte2,automatica,0.65
klaricid,claritromicina,"Se midazolam via intravenosa for administrado concomitantemente com claritromicina, o paciente deve ser cuidadosamente monitorado para permitir um ajuste de dose adequado.",1,fonte2,automatica,0.65
klaricid,claritromicina,"O uso concomitante de claritromicina e colchicina é contraindicado. : quando claritromicina e digoxina são administradas concomitantemente, pode elevar a um aumento da exposição à digoxina.",2,fonte2,automatica,0.9
klaricid,digoxina,"O uso concomitante de claritromicina e colchicina é contraindicado. : quando claritromicina e digoxina são administradas concomitantemente, pode elevar a um aumento da exposição à digoxina.",2,fonte2,automatica,0.9
klaricid,colchicina,"O uso concomitante de claritromicina e colchicina é contraindicado. : quando claritromicina e digoxina são administradas concomitantemente, pode elevar a um aumento da exposição à digoxina.",2,fonte2,automatica,0.9
klaricid,claritromicina,"Bloqueadores de canais de cálcio: deve-se ter precaução ao administrar concomitantemente claritromicina e bloqueadores de canais de cálcio metabolizados por CYP3A4 (ex. verapamil, amlodipino, diltiazem) devido ao risco de hipotensão (pressão arterial baixa).",1,fonte2,automatica,0.65
klaricid,diltiazem,"Bloqueadores de canais de cálcio: deve-se ter precaução ao administrar concomitantemente claritromicina e bloqueadores de canais de cálcio metabolizados por CYP3A4 (ex. verapamil, amlodipino, diltiazem) devido ao risco de hipotensão (pressão arterial baixa).",1,fonte2,automatica,0.65
klaricid,verapamil,"Bloqueadores de canais de cálcio: deve-se ter precaução ao administrar concomitantemente claritromicina e bloqueadores de canais de cálcio metabolizados por CYP3A4 (ex. verapamil, amlodipino, diltiazem) devido ao risco de hipotensão (pressão arterial baixa).",1,fonte2,automatica,0.65
klaricid,claritromicina,"Hipotensão (pressão arterial baixa), bradiarritmia (redução da frequência e/ou ritmo do coração) e acidose lática (acúmulo de ácido lático no corpo) tem sido observadas em pacientes tomando claritromicina e verapamil juntos. : a claritromicina pode levar ao aumento nos níveis sanguíneos de itraconazol, enquanto o itraconazol pode aumentar os níveis sanguíneos da claritromicina.",1,fonte2,automatica,0.65
klaricid,itraconazol,"Hipotensão (pressão arterial baixa), bradiarritmia (redução da frequência e/ou ritmo do coração) e acidose lática (acúmulo de ácido lático no corpo) tem sido observadas em pacientes tomando claritromicina e verapamil juntos. : a claritromicina pode levar ao aumento nos níveis sanguíneos de itraconazol, enquanto o itraconazol pode aumentar os níveis sanguíneos da claritromicina.",1,fonte2,automatica,0.65
klaricid,verapamil,"Hipotensão (pressão arterial baixa), bradiarritmia (redução da frequência e/ou ritmo do coração) e acidose lática (acúmulo de ácido lático no corpo) tem sido observadas em pacientes tomando claritromicina e verapamil juntos. : a claritromicina pode levar ao aumento nos níveis sanguíneos de itraconazol, enquanto o itraconazol pode aumentar os níveis sanguíneos da claritromicina.",1,fonte2,automatica,0.65
klaricid,claritromicina,"Quando saquinavir é coadministrado com ritonavir, recomenda-se atenção para os potenciais efeitos do ritonavir na terapia com claritromicina.",1,fonte2,automatica,0.65
klaricid ud,claritromicina,"O uso dos seguintes medicamentos é estritamente contraindicado, devido à gravidade dos efeitos causados pelas possíveis interações medicamentosas: Cisaprida, pimozida, astemizole e terfenadina: foram relatados aumentos dos níveis de cisaprida em pacientes tratados concomitantemente com claritromicina.",2,fonte2,automatica,0.9
klaricid ud,claritromicina,"Inibidores da HMG-CoA redutase (estatinas): O uso concomitante de claritromicina com lovastatina ou sinvastatina é contraindicado (ver Contraindicações), devido ao possível aumento do risco de miopatia (doença muscular), incluindo rabdomiólise (destruição do músculo esquelético).",2,fonte2,automatica,0.9
klaricid ud,sinvastatina,"Inibidores da HMG-CoA redutase (estatinas): O uso concomitante de claritromicina com lovastatina ou sinvastatina é contraindicado (ver Contraindicações), devido ao possível aumento do risco de miopatia (doença muscular), incluindo rabdomiólise (destruição do músculo esquelético).",2,fonte2,automatica,0.9
klaricid ud,claritromicina,Foram recebidos relatos de rabdomiólise em pacientes que administraram claritromicina junto com estas estatinas.,2,fonte2,automatica,0.8
klaricid ud,claritromicina,Deve-se ter precaução quando houver prescrição de claritromicina com estatinas.,1,fonte2,automatica,0.65
klaricid ud,claritromicina,"Por isso, deve-se monitorar esses medicamentos na corrente sanguínea devido à um possível aumento dessas substâncias devido à inibição de CYP3A4 pela claritromicina.",1,fonte2,automatica,0.75
klaricid ud,claritromicina,"Anticoagulantes orais de ação direta (DOACs): Recomenda-se precaução quando a claritromicina é administrada concomitantemente com a dabigatrana, rivaroxabana e apixabana, especialmente em pacientes com maior risco de sangramentos.",1,fonte2,automatica,0.65
klaricid ud,anticoagulantes,"Anticoagulantes orais de ação direta (DOACs): Recomenda-se precaução quando a claritromicina é administrada concomitantemente com a dabigatrana, rivaroxabana e apixabana, especialmente em pacientes com maior risco de sangramentos.",1,fonte2,automatica,0.65
klaricid ud,claritromicina,"Se midazolam via intravenosa for administrado concomitantemente com claritromicina, o paciente deve ser cuidadosamente monitorado para permitir um ajuste de dose adequado.",1,fonte2,automatica,0.65
klaricid ud,claritromicina,"O uso concomitante de claritromicina e colchicina é contraindicado. : quando claritromicina e digoxina são administradas concomitantemente, pode ocorrer um aumento da exposição à digoxina.",2,fonte2,automatica,0.9
klaricid ud,digoxina,"O uso concomitante de claritromicina e colchicina é contraindicado. : quando claritromicina e digoxina são administradas concomitantemente, pode ocorrer um aumento da exposição à digoxina.",2,fonte2,automatica,0.9
klaricid ud,colchicina,"O uso concomitante de claritromicina e colchicina é contraindicado. : quando claritromicina e digoxina são administradas concomitantemente, pode ocorrer um aumento da exposição à digoxina.",2,fonte2,automatica,0.9
klaricid ud,claritromicina,"Bloqueadores de canais de cálcio: deve-se ter precaução ao administrar concomitantemente claritromicina e bloqueadores de canais de cálcio metabolizados por CYP3A4 (ex. verapamil, amlodipino, diltiazem) devido ao risco de hipotensão (pressão arterial baixa).",1,fonte2,automatica,0.65
klaricid ud,diltiazem,"Bloqueadores de canais de cálcio: deve-se ter precaução ao administrar concomitantemente claritromicina e bloqueadores de canais de cálcio metabolizados por CYP3A4 (ex. verapamil, amlodipino, diltiazem) devido ao risco de hipotensão (pressão arterial baixa).",1,fonte2,automatica,0.65
klaricid ud,verapamil,"Bloqueadores de canais de cálcio: deve-se ter precaução ao administrar concomitantemente claritromicina e bloqueadores de canais de cálcio metabolizados por CYP3A4 (ex. verapamil, amlodipino, diltiazem) devido ao risco de hipotensão (pressão arterial baixa).",1,fonte2,automatica,0.65
klaricid ud,claritromicina,"Hipotensão (pressão arterial baixa), bradiarritmia (diminuição da frequência e/ou ritmo do coração) e acidose lática (acúmulo de ácido lático no corpo) têm sido observadas em pacientes tomando claritromicina e verapamil juntos. : a claritromicina pode levar ao aumento nos níveis sanguíneos de itraconazol, enquanto o itraconazol pode aumentar os níveis sanguíneos da claritromicina.",1,fonte2,automatica,0.65
klaricid ud,itraconazol,"Hipotensão (pressão arterial baixa), bradiarritmia (diminuição da frequência e/ou ritmo do coração) e acidose lática (acúmulo de ácido lático no corpo) têm sido observadas em pacientes tomando claritromicina e verapamil juntos. : a claritromicina pode levar ao aumento nos níveis sanguíneos de itraconazol, enquanto o itraconazol pode aumentar os níveis sanguíneos da claritromicina.",1,fonte2,automatica,0.65
klaricid ud,verapamil,"Hipotensão (pressão arterial baixa), bradiarritmia (diminuição da frequência e/ou ritmo do coração) e acidose lática (acúmulo de ácido lático no corpo) têm sido observadas em pacientes tomando claritromicina e verapamil juntos. : a claritromicina pode levar ao aumento nos níveis sanguíneos de itraconazol, enquanto o itraconazol pode aumentar os níveis sanguíneos da claritromicina.",1,fonte2,automatica,0.65
klaricid ud,claritromicina,"Quando saquinavir é coadministrado com ritonavir, recomenda-se atenção para os potenciais efeitos do ritonavir na terapia com claritromicina.",1,fonte2,automatica,0.65
klaritril,colchicina,"Se a administração concomitante de Klaritril e colchicina for necessária, seu médico deverá monitorar quanto à ocorrência de sintomas clínicos de toxicidade por colchicina.",1,fonte2,automatica,0.75
kolevas,ciclosporina,"A administração concomitante de Kolevas com medicamentos inibidores do CYP 3A4 ou indutores do CYP 3A4 (sistemas de quebra de vários medicamentos) (por ex., ciclosporina, eritromicina/claritromicina, inibidores da protease, letermovir, cloridrato de diltiazem , itraconazol, suco de grapefruit, ) pode alterar a quantidade de atorvastatina no sangue.",1,fonte2,automatica,0.65
kolevas,eritromicina,"A administração concomitante de Kolevas com medicamentos inibidores do CYP 3A4 ou indutores do CYP 3A4 (sistemas de quebra de vários medicamentos) (por ex., ciclosporina, eritromicina/claritromicina, inibidores da protease, letermovir, cloridrato de diltiazem , itraconazol, suco de grapefruit, ) pode alterar a quantidade de atorvastatina no sangue.",1,fonte2,automatica,0.65
kolevas,claritromicina,"A administração concomitante de Kolevas com medicamentos inibidores do CYP 3A4 ou indutores do CYP 3A4 (sistemas de quebra de vários medicamentos) (por ex., ciclosporina, eritromicina/claritromicina, inibidores da protease, letermovir, cloridrato de diltiazem , itraconazol, suco de grapefruit, ) pode alterar a quantidade de atorvastatina no sangue.",1,fonte2,automatica,0.65
kolevas,atorvastatina,"A administração concomitante de Kolevas com medicamentos inibidores do CYP 3A4 ou indutores do CYP 3A4 (sistemas de quebra de vários medicamentos) (por ex., ciclosporina, eritromicina/claritromicina, inibidores da protease, letermovir, cloridrato de diltiazem , itraconazol, suco de grapefruit, ) pode alterar a quantidade de atorvastatina no sangue.",1,fonte2,automatica,0.65
kolevas,itraconazol,"A administração concomitante de Kolevas com medicamentos inibidores do CYP 3A4 ou indutores do CYP 3A4 (sistemas de quebra de vários medicamentos) (por ex., ciclosporina, eritromicina/claritromicina, inibidores da protease, letermovir, cloridrato de diltiazem , itraconazol, suco de grapefruit, ) pode alterar a quantidade de atorvastatina no sangue.",1,fonte2,automatica,0.65
ladogal,varfarina,"Informe seu médico caso esteja fazendo uso de outros medicamentos, principalmente , fenitoína, ), antidiabéticos (insulina), orais (varfarina), anti-hipertensivos, ), esteroides, e estatinas, uma vez que danazol pode potencializar ou reduzir o efeito dos mesmos.",1,fonte2,automatica,0.65
ladogal,insulina,"Informe seu médico caso esteja fazendo uso de outros medicamentos, principalmente , fenitoína, ), antidiabéticos (insulina), orais (varfarina), anti-hipertensivos, ), esteroides, e estatinas, uma vez que danazol pode potencializar ou reduzir o efeito dos mesmos.",1,fonte2,automatica,0.65
lanexat,diazepam,"Não há interação farmacocinética entre Lanexat e etanol, midazolam ou diazepam.",0,fonte2,automatica,0.85
lasilactona,furosemida,A furosemida pode potencializar os efeitos nocivos dos aminoglicosídeos e de outras substâncias ototóxicas (prejudicial ao aparelho auditivo) sobre a audição.,1,fonte2,automatica,0.65
lasilactona,aines,"Associações a considerar A administração concomitante com AINEs, incluindo o ácido acetilsalicílico, pode reduzir o efeito da Lasilactona.",1,fonte2,automatica,0.65
lasilactona,aines,"Em pacientes com desidratação ou hipovolemia pré-existente, os AINEs podem causar insuficiência renal aguda.",2,fonte2,automatica,0.8
lasilactona,furosemida,A furosemida pode aumentar a toxicidade do salicilato.,1,fonte2,automatica,0.65
lasilactona,furosemida,"Devido a furosemida, os efeitos de antidiabéticos e de fármacos simpatomiméticos que elevam a pressão sanguínea (ex.: e norepinefrina) podem ser atenuados, enquanto que os efeitos de relaxantes musculares tipo curare ou da podem ser potencializados.",1,fonte2,automatica,0.65
lasilactona,furosemida,"A furosemida pode potencializar os efeitos nocivos de fármacos tóxicos para os rins. e outros fármacos que, assim como a furosemida, são secretados significativamente por via túbulo-renal, podem reduzir o efeito da furosemida.",1,fonte2,automatica,0.65
lasix,furosemida,"Antibióticos aminoglicosídicos e outros medicamentos que podem ser tóxicos ao ouvido: a furosemida pode potencializar a ototoxicidade (toxicidade ao ouvido) causada por antibióticos aminoglicosídicos e outros fármacos ototóxicos, visto que os efeitos resultantes sobre a audição podem ser irreversíveis.",1,fonte2,automatica,0.65
lasix,furosemida,"Deve-se considerar interrupção da administração da furosemida temporariamente ou, ao menos, reduzir a dose de furosemida por 3 dias antes de iniciar o tratamento com, ou antes, de aumentar a dose de um inibidor da ECA ou antagonista do receptor de angiotensina II. : cautela deve ser adotada e os riscos e benefícios desta combinação ou tratamento concomitante com furosemida ou com outros diuréticos potentes devem ser considerados antes da decisão de uso.",1,fonte2,automatica,0.65
lasix,furosemida,Fármacos tóxicos aos rins: a furosemida pode potencializar os efeitos nocivos de fármacos tóxicos aos rins.,1,fonte2,automatica,0.65
lasix,furosemida,"Corticosteroides, carbenoxolona, alcaçuz e : o uso concomitante de furosemida com corticosteroides, carbenoxolona, alcaçuz em grandes quantidades e uso prolongado de laxantes, pode aumentar o risco de desenvolvimento de hipopotassemia.",1,fonte2,automatica,0.65
lasix,corticosteroides,"Corticosteroides, carbenoxolona, alcaçuz e : o uso concomitante de furosemida com corticosteroides, carbenoxolona, alcaçuz em grandes quantidades e uso prolongado de laxantes, pode aumentar o risco de desenvolvimento de hipopotassemia.",1,fonte2,automatica,0.65
lasix,furosemida,"Em pacientes tratados com alisquireno e furosemida oral, é recomendado monitorar a redução do efeito diurético e ajustar a dose de acordo.",1,fonte2,automatica,0.75
lasix,furosemida,"Exclusivo Comprimido Medicamento - Alimento Pode ocorrer alteração da absorção de furosemida quando administrada com , portanto, recomenda-se que os comprimidos sejam tomados com o estômago vazio.",1,fonte2,automatica,0.65
levaquin,probenecida,Entretanto estas alterações não requerem ajuste de dose de Levaquin quando coadministrado com probenecida ou cimetidina.,1,fonte2,automatica,0.65
levaquin,cimetidina,Entretanto estas alterações não requerem ajuste de dose de Levaquin quando coadministrado com probenecida ou cimetidina.,1,fonte2,automatica,0.65
levitra,cetoconazol,Levitra não deve ser administrado com doses de cetoconazol ou itraconazol maiores que 200 mg.,2,fonte2,automatica,0.8
levitra,itraconazol,Levitra não deve ser administrado com doses de cetoconazol ou itraconazol maiores que 200 mg.,2,fonte2,automatica,0.8
levitra,eritromicina,"O uso de Levitra comprimido orodispersível é contraindicado para pacientes sob tratamento com cobicistate, eritromicina, cetoconazol, itraconazol, claritromicina, indinavir ou ritonavir.",2,fonte2,automatica,0.9
levitra,claritromicina,"O uso de Levitra comprimido orodispersível é contraindicado para pacientes sob tratamento com cobicistate, eritromicina, cetoconazol, itraconazol, claritromicina, indinavir ou ritonavir.",2,fonte2,automatica,0.9
levitra,cetoconazol,"O uso de Levitra comprimido orodispersível é contraindicado para pacientes sob tratamento com cobicistate, eritromicina, cetoconazol, itraconazol, claritromicina, indinavir ou ritonavir.",2,fonte2,automatica,0.9
levitra,itraconazol,"O uso de Levitra comprimido orodispersível é contraindicado para pacientes sob tratamento com cobicistate, eritromicina, cetoconazol, itraconazol, claritromicina, indinavir ou ritonavir.",2,fonte2,automatica,0.9
levitra,digoxina,"Não houve interação entre 0,375 mg de digoxina (medicamento para insuficiência cardíaca), coadministrada com Levitra 20 mg comprimido revestido, em dias alternados, durante 14 dias. pode aumentar a quantidade de alguns medicamentos no sangue (substratos sensíveis da glicoproteína P - P-gp).",1,fonte2,automatica,0.65
lipanon,varfarina,"Interações medicamento-medicamento orais: o fenofibrato pode potencializar a ação dos anticoagulantes orais (acenocumarol, dicumarol, varfarina, , fenindiona) aumentando, portanto, o risco de sangramentos.",1,fonte2,automatica,0.65
lipanon,acenocumarol,"Interações medicamento-medicamento orais: o fenofibrato pode potencializar a ação dos anticoagulantes orais (acenocumarol, dicumarol, varfarina, , fenindiona) aumentando, portanto, o risco de sangramentos.",1,fonte2,automatica,0.65
lipanon,anticoagulantes,"Interações medicamento-medicamento orais: o fenofibrato pode potencializar a ação dos anticoagulantes orais (acenocumarol, dicumarol, varfarina, , fenindiona) aumentando, portanto, o risco de sangramentos.",1,fonte2,automatica,0.65
lopid,varfarina,Deve-se ter cautela ao administrar varfarina juntamente com Genfibrozila.,1,fonte2,automatica,0.65
lopid,atorvastatina,"Foram relatados casos de miosite grave e mioglobinúria (rabdomiólise) quando Genfibrozila e outros inibidores da HMG-CoA redutase, (como lovastatina, atorvastatina e rosuvastatina), foram empregados concomitantemente.",2,fonte2,automatica,0.8
lopid,colchicina,O risco de toxicidade neuromuscular e rabdomiólise pode ser aumentado com a administração concomitante de colchicina e Genfibrozila.,2,fonte2,automatica,0.8
lopril d,captopril,"Inibidores da Síntese de Prostaglandina Endógena Há relatos de que a pode reduzir os efeitos anti-hipertensivos do captopril, especialmente nos casos de hipertensão com renina baixa.",1,fonte2,automatica,0.65
lopril d,captopril,"Em pacientes idosos com depleção de volume (incluindo aqueles em tratamento com diuréticos), ou com comprometimento da função renal, a administração concomitante de antiinflamatórios não esteroidais, incluindo inibidores seletivos de COX-2, com inibidores da ECA, incluindo o captopril, pode resultar na deterioração da função renal, incluindo possível insuficiência renal aguda .",2,fonte2,automatica,0.8
lopril d,hidroclorotiazida,A hidroclorotiazida deve ser co-administrada com cautela e recomenda-se a monitorização freqüente do lítio sérico.,1,fonte2,automatica,0.65
lopril d,hidroclorotiazida,"Medicações Antigotosas - pode ser necessário o ajuste de dose da medicação antigotosa, já que a hidroclorotiazida pode aumentar o nível de ácido úrico no sangue.",1,fonte2,automatica,0.65
lopril d,hidroclorotiazida,"Outras Medicações Anti-Hipertensivas (p.ex.: Agentes Bloqueadores Ganglionares ou Adrenérgicos Periféricos) - pode ser necessário o ajuste da dose, pois a hidroclorotiazida pode potencializar seus efeitos.",1,fonte2,automatica,0.65
lopril d,insulina,"Medicamentos Antidiabéticos (Agentes Orais e Insulina) - como as tiazidas podem aumentar os níveis de sangüínea, pode ser necessário o ajuste de dose dos medicamentos antidiabéticos.",1,fonte2,automatica,0.65
lotar,dipirona,"Podem influenciar as concentrações plasmáticas e/ou aumentar o risco de efeitos adversos: conivaptana, , dalfopristina, quinupristina, , delavirdina, fosamprenavir, , rifapentina, saquinavir, , ephedra (Ma Huang), óleo de menta, , suco de Gravidade menor Podem aumentar o risco de gastrintestinal: anti-inflamatórios não hormonais (ex.: dexcetoprofeno, , diflunisal, dipirona, , cetorolaco, , meclofenamato, , nabumetona, , oxifembutazona, fenilbutazona, , sulindaco, Interações com losartana Gravidade maior Podem provocar maior risco de hipotensão, síncope, alterações de função renal e hipercalemia: inibidores da Enzima de conversão da Angiotensina I (IECAs), alisquireno (contraindicado uso em conjunto).",2,fonte2,automatica,0.9
lotar,losartana,"Podem influenciar as concentrações plasmáticas e/ou aumentar o risco de efeitos adversos: conivaptana, , dalfopristina, quinupristina, , delavirdina, fosamprenavir, , rifapentina, saquinavir, , ephedra (Ma Huang), óleo de menta, , suco de Gravidade menor Podem aumentar o risco de gastrintestinal: anti-inflamatórios não hormonais (ex.: dexcetoprofeno, , diflunisal, dipirona, , cetorolaco, , meclofenamato, , nabumetona, , oxifembutazona, fenilbutazona, , sulindaco, Interações com losartana Gravidade maior Podem provocar maior risco de hipotensão, síncope, alterações de função renal e hipercalemia: inibidores da Enzima de conversão da Angiotensina I (IECAs), alisquireno (contraindicado uso em conjunto).",2,fonte2,automatica,0.9
marevan,varfarina,"Interação medicamento-medicamento Deve-se ter cautela no uso de qualquer outro medicamento durante o tratamento com Marevan A varfarina interage com diversos grupos de medicamentos, diminuindo ou potencializando seus efeitos.",1,fonte2,automatica,0.65
marevan,varfarina,"A atividade da varfarina pode ser potencializada por esteroides anabólicos (como: etilestranol, metandrostenolona, noretrandolona), amiodarona, amitriptilina/nortriptilina, azapropazona, , benzafibrato, cefamandol, , hidrato de coral, , ciprofloxacino, clofibrato, cotrimoxazol, , destropropoxifeno, destrotiroxina, , neomicina, feprazona, , oxifenilbutazona, fenformina, fenilbutazona, feniramidol, quinidina, salicilatos, tolbutamida, sulfonamidas (ex: sulfafenazol, sulfinpirazona), tamoxifeno, triclofos,diflunisal, , ácido mefenâmico, , sulindaco e, possivelmente, outros analgésicos anti-inflamatórios, , ácido nalidíxico, , tetraciclinas e outros antibióticos de largo espectro, , metilfenidato, , fármacos para tratamento de disfunções da tireoide e qualquer fármaco potencialmente tóxico ao fígado.",1,fonte2,automatica,0.65
marevan,amiodarona,"A atividade da varfarina pode ser potencializada por esteroides anabólicos (como: etilestranol, metandrostenolona, noretrandolona), amiodarona, amitriptilina/nortriptilina, azapropazona, , benzafibrato, cefamandol, , hidrato de coral, , ciprofloxacino, clofibrato, cotrimoxazol, , destropropoxifeno, destrotiroxina, , neomicina, feprazona, , oxifenilbutazona, fenformina, fenilbutazona, feniramidol, quinidina, salicilatos, tolbutamida, sulfonamidas (ex: sulfafenazol, sulfinpirazona), tamoxifeno, triclofos,diflunisal, , ácido mefenâmico, , sulindaco e, possivelmente, outros analgésicos anti-inflamatórios, , ácido nalidíxico, , tetraciclinas e outros antibióticos de largo espectro, , metilfenidato, , fármacos para tratamento de disfunções da tireoide e qualquer fármaco potencialmente tóxico ao fígado.",1,fonte2,automatica,0.65
marevan,varfarina,"Mulheres em uso de varfarina devem consultar o médico antes do uso concomitante de creme vaginal ou supositório de miconazol, pois pode haver potencialização do efeito anticoagulante.",1,fonte2,automatica,0.65
marevan,varfarina,"Tanto a potencialização quanto a inibição do efeito anticoagulante têm sido relatadas com fenitoína, ACTH e corticosteroides. e o sulcralfato acarretam diminuição da atividade da varfarina.",1,fonte2,automatica,0.65
marevan,corticosteroides,"Tanto a potencialização quanto a inibição do efeito anticoagulante têm sido relatadas com fenitoína, ACTH e corticosteroides. e o sulcralfato acarretam diminuição da atividade da varfarina.",1,fonte2,automatica,0.65
meritor,insulina,"Entretanto, é necessário estar atento à potencialização da ação, quando administrado em associação com insulina ou sulfonilureias hipoglicemiantes.",1,fonte2,automatica,0.65
miantrex cs,metotrexato,"A administração concomitante de AINES com a terapia de alta dose de Miantrex CS foi relatada por elevar e prolongar os níveis de metotrexato sérico, o que resulta em óbitos por toxicidade grave de origem hematológica (incluindo supressão da medula óssea e anemia aplástica) e gastrointestinal.",2,fonte2,automatica,0.8
miantrex cs,aines,"A administração concomitante de AINES com a terapia de alta dose de Miantrex CS foi relatada por elevar e prolongar os níveis de metotrexato sérico, o que resulta em óbitos por toxicidade grave de origem hematológica (incluindo supressão da medula óssea e anemia aplástica) e gastrointestinal.",2,fonte2,automatica,0.8
miantrex cs,metotrexato,Os AINES e os salicilatos foram relatados por reduzir a secreção tubular de metotrexato em um modelo animal e pode aumentar a sua toxicidade pela elevação dos níveis de Miantrex CS .,1,fonte2,automatica,0.65
miantrex cs,aines,Os AINES e os salicilatos foram relatados por reduzir a secreção tubular de metotrexato em um modelo animal e pode aumentar a sua toxicidade pela elevação dos níveis de Miantrex CS .,1,fonte2,automatica,0.65
miantrex cs,aines,"Portanto, deve-se ter cautela quando eles forem administrados concomitantemente com baixas doses de Miantrex CS A possibilidade de toxicidade aumentada com o uso concomitante de AINES, incluindo os silicatos, não foi explorada completamente.",1,fonte2,automatica,0.65
minidiab,probenecida,"O médico precisa avaliar se as medicações reagem entre si alterando a sua ação, ou da outra; isso se chama interação medicamentosa. pode interagir com vários medicamentos, como , antiinflamatórios não esteroides (medicamentos que bloqueiam a inflamação e que não são derivadas de hormônios), salicilatos (ácido acetilsalicílico), beta-bloqueadores (medicamento que controla o ritmo do coração), inibidores da enzima conversora da angiotensina (medicamento para a pressão alta da família do ), antagonistas dos receptores H2 (medicamento que reduz a produção de ácido no estômago), a ação hipoglicemiante (capacidade de reduzir a quantidade de açúcar no sangue) com as sulfonilureias (medicamentos utilizados no tratamento do diabetes), em geral, pode também ser potencializada pelos inibidores de monoaminoxidase (medicamentos que bloqueiam a ação de algumas enzimas), quinolonas e fármacos que têm alta ligação a proteínas, tais como sulfonamidas, (ambos antibióticos), probenecida, cumarínicos (anticoagulante), (tipo de hormônio sintético), fenotiazinas (medicamento de uso psiquiátrico), corticosteroides (tipo de hormônio), agentes simpaticomiméticos (substâncias que imitam os efeitos do hormônio adrenalina e noradrenalina), tiazidas (diurético) e outros , medicamentos para distúrbios da tireoide, estrógenos (hormônio feminino), progestágenos (hormônio feminino), contraceptivos orais (pílulas para evitar a gravidez), fenitoína (antiepiléptico), ácido nicotínico, bloqueadores do canal de cálcio (medicações para doenças cardíacas ) e (antibiótico usado contra tuberculose). pode interagir com álcool.",1,fonte2,automatica,0.65
minidiab,contraceptivos,"O médico precisa avaliar se as medicações reagem entre si alterando a sua ação, ou da outra; isso se chama interação medicamentosa. pode interagir com vários medicamentos, como , antiinflamatórios não esteroides (medicamentos que bloqueiam a inflamação e que não são derivadas de hormônios), salicilatos (ácido acetilsalicílico), beta-bloqueadores (medicamento que controla o ritmo do coração), inibidores da enzima conversora da angiotensina (medicamento para a pressão alta da família do ), antagonistas dos receptores H2 (medicamento que reduz a produção de ácido no estômago), a ação hipoglicemiante (capacidade de reduzir a quantidade de açúcar no sangue) com as sulfonilureias (medicamentos utilizados no tratamento do diabetes), em geral, pode também ser potencializada pelos inibidores de monoaminoxidase (medicamentos que bloqueiam a ação de algumas enzimas), quinolonas e fármacos que têm alta ligação a proteínas, tais como sulfonamidas, (ambos antibióticos), probenecida, cumarínicos (anticoagulante), (tipo de hormônio sintético), fenotiazinas (medicamento de uso psiquiátrico), corticosteroides (tipo de hormônio), agentes simpaticomiméticos (substâncias que imitam os efeitos do hormônio adrenalina e noradrenalina), tiazidas (diurético) e outros , medicamentos para distúrbios da tireoide, estrógenos (hormônio feminino), progestágenos (hormônio feminino), contraceptivos orais (pílulas para evitar a gravidez), fenitoína (antiepiléptico), ácido nicotínico, bloqueadores do canal de cálcio (medicações para doenças cardíacas ) e (antibiótico usado contra tuberculose). pode interagir com álcool.",1,fonte2,automatica,0.65
minidiab,corticosteroides,"O médico precisa avaliar se as medicações reagem entre si alterando a sua ação, ou da outra; isso se chama interação medicamentosa. pode interagir com vários medicamentos, como , antiinflamatórios não esteroides (medicamentos que bloqueiam a inflamação e que não são derivadas de hormônios), salicilatos (ácido acetilsalicílico), beta-bloqueadores (medicamento que controla o ritmo do coração), inibidores da enzima conversora da angiotensina (medicamento para a pressão alta da família do ), antagonistas dos receptores H2 (medicamento que reduz a produção de ácido no estômago), a ação hipoglicemiante (capacidade de reduzir a quantidade de açúcar no sangue) com as sulfonilureias (medicamentos utilizados no tratamento do diabetes), em geral, pode também ser potencializada pelos inibidores de monoaminoxidase (medicamentos que bloqueiam a ação de algumas enzimas), quinolonas e fármacos que têm alta ligação a proteínas, tais como sulfonamidas, (ambos antibióticos), probenecida, cumarínicos (anticoagulante), (tipo de hormônio sintético), fenotiazinas (medicamento de uso psiquiátrico), corticosteroides (tipo de hormônio), agentes simpaticomiméticos (substâncias que imitam os efeitos do hormônio adrenalina e noradrenalina), tiazidas (diurético) e outros , medicamentos para distúrbios da tireoide, estrógenos (hormônio feminino), progestágenos (hormônio feminino), contraceptivos orais (pílulas para evitar a gravidez), fenitoína (antiepiléptico), ácido nicotínico, bloqueadores do canal de cálcio (medicações para doenças cardíacas ) e (antibiótico usado contra tuberculose). pode interagir com álcool.",1,fonte2,automatica,0.65
miosan caf,verapamil,"Recomenda-se cautela em casos de administração concomitante de Miosan Caf e inibidores da recaptação de serotonina, antidepressivos tricíclicos, buspirona, meperidina, tramadol, bupropiona e verapamil, pelo potencial de ocorrência de Síndrome serotoninérgica.",1,fonte2,automatica,0.65
miosan caf,tramadol,"Recomenda-se cautela em casos de administração concomitante de Miosan Caf e inibidores da recaptação de serotonina, antidepressivos tricíclicos, buspirona, meperidina, tramadol, bupropiona e verapamil, pelo potencial de ocorrência de Síndrome serotoninérgica.",1,fonte2,automatica,0.65
movatec,metotrexato,O uso concomitante no período de 3 dias pode aumentar a toxicidade do metotrexato;,1,fonte2,automatica,0.65
movatec,hidroclorotiazida,"Diuréticos (como hidroclorotiazida, espironolactona, furosemida): pode aumentar o risco de problemas renais graves em pacientes desidratados.",1,fonte2,automatica,0.65
movatec,furosemida,"Diuréticos (como hidroclorotiazida, espironolactona, furosemida): pode aumentar o risco de problemas renais graves em pacientes desidratados.",1,fonte2,automatica,0.65
movatec,captopril,"Medicamento usado na pressão alta e problemas cardíacos (antagonistas da ECA, como captopril, enalapril, e bloqueadores do receptor de angiotensina II, como telmisartana, valsartana): pode aumentar o risco de lesão renal em pacientes com a função renal comprometida;",1,fonte2,automatica,0.65
movatec,enalapril,"Medicamento usado na pressão alta e problemas cardíacos (antagonistas da ECA, como captopril, enalapril, e bloqueadores do receptor de angiotensina II, como telmisartana, valsartana): pode aumentar o risco de lesão renal em pacientes com a função renal comprometida;",1,fonte2,automatica,0.65
naldecon dia,varfarina,"Devido à ação de potencialização de cumarínicos (ex.: varfarina e acenocumarol), você não deve utilizar Naldecon Dia, de forma prolongada e regular, concomitantemente a esses medicamentos, por conta do aumento do risco de .",1,fonte2,automatica,0.65
naldecon dia,acenocumarol,"Devido à ação de potencialização de cumarínicos (ex.: varfarina e acenocumarol), você não deve utilizar Naldecon Dia, de forma prolongada e regular, concomitantemente a esses medicamentos, por conta do aumento do risco de .",1,fonte2,automatica,0.65
naldecon dia,paracetamol,O paracetamol gera falsa elevação nas leituras de Monitoramento Contínuo de (CGM) no sangue comparado ao teste de glicemia capilar (ponta do dedo).,1,fonte2,automatica,0.65
naldecon dia,paracetamol,"Embora as concentrações máximas sejam atrasadas quando o paracetamol é administrado com alimentos, a extensão da absorção não é afetada. pode aumentar a toxicidade de paracetamol.",1,fonte2,automatica,0.65
naldecon dia,paracetamol,"Deve ter atenção ao administrar paracetamol e flucloxacilina uma vez que a ingestão concomitante tem sido associada a acidose metabólica com hiato aniônico elevado, especialmente em pacientes com fatores de risco. pode aumentar a taxa de absorção do paracetamol.",1,fonte2,automatica,0.65
naldecon noite,varfarina,"Devido à ação de potencialização de cumarínicos (ex.: varfarina e acenocumarol), você não deve utilizar Naldecon Noite, de forma prolongada e regular, concomitantemente a esses medicamentos, por conta do aumento do risco de .",1,fonte2,automatica,0.65
naldecon noite,acenocumarol,"Devido à ação de potencialização de cumarínicos (ex.: varfarina e acenocumarol), você não deve utilizar Naldecon Noite, de forma prolongada e regular, concomitantemente a esses medicamentos, por conta do aumento do risco de .",1,fonte2,automatica,0.65
naldecon noite,paracetamol,O paracetamol gera falsa elevação nas leituras de Monitoramento Contínuo de (CGM) no sangue comparado ao teste de glicemia capilar (ponta do dedo).,1,fonte2,automatica,0.65
naldecon noite,paracetamol,"Embora as concentrações máximas sejam atrasadas quando o paracetamol é administrado com alimentos, a extensão da absorção não é afetada. pode aumentar a toxicidade de paracetamol.",1,fonte2,automatica,0.65
naldecon noite,paracetamol,"Deve ter atenção ao administrar paracetamol e flucloxacilina uma vez que a ingestão concomitante tem sido associada a acidose metabólica com hiato aniônico elevado, especialmente em pacientes com fatores de risco. pode aumentar a taxa de absorção do paracetamol.",1,fonte2,automatica,0.65
naprix,corticosteroides,"Recomenda-se monitoração médica cuidadosa da pressão arterial. , corticosteroides, procainamida, citostáticos e outras substâncias que podem alterar o perfil sanguíneo Aumento da probabilidade de ocorrência de reações hematológicas Sais de lítio A excreção de lítio pode ser reduzida pelos inibidores da enzima ECA.",1,fonte2,automatica,0.65
naprix,insulina,"Portanto, seu médico deve monitorar os níveis de lítio Agentes antidiabéticos (por exemplo: insulina e derivados de sulfonilureia) Os inibidores da ECA podem reduzir a resistência à insulina.",1,fonte2,automatica,0.75
naturetti,amiodarona,"Utilizar Naturetti com cautela nos seguintes casos: Em pacientes em uso de antiarrítmicos (medicamentos que tratam alterações nos batimentos cardíacos) como quinidina, amiodarona, vincamina, glicosídeos cardíacos como digitálicos e com medicamentos que induzam prolongamento do intervalo QT como citalopram, , ondansetrona;",1,fonte2,automatica,0.65
nausilon b6,contraceptivos,"O uso concomitante da piridoxina e de contraceptivos orais, pode aumentar as necessidades de piridoxina.",1,fonte2,automatica,0.65
nitrencord,dipirona,"É necessário monitoramento cauteloso da função cardíaca durante todo o tratamento concomitante de epirrubicina e bloqueadores de canais de cálcio , diflunisal, dipirona, droxicam, , indoprofeno, , cetorolaco, Aumenta o risco de gastrintestinal e/ou impede o efeito hipotensivo (baixar a pressão arterial) Aumenta a concentração de nitrendipino com possível toxicidade sobre o coração A literatura cita ainda que o uso associado de bloqueadores de canais de cálcio e betabloqueadores, durante anestesia com fentanila, deve ser utilizado com cuidado, pois pode ocorrer queda acentuada da pressão arterial.",1,fonte2,automatica,0.65
noctal,carbamazepina,"A ação dos benzodiazepínicos pode ser potencializada por (medicamentos para tratamento de convulsões e ex: carbamazepina), anti-histamínicos (medicamentos que inibem a liberação de histamina muitas vezes utilizado para tratar alergias ex: fexofenadina), barbitúricos (medicamentos utilizados como sedativos e clamantes ex: fenobarbital), inibidores da enzima monoamina oxidase – MAO (medicamento utilizado no tratamento da depressão ex: iproniazida), álcool, narcóticos, fenotiazinas, medicações psicotrópicas e outros fármacos que produzam depressão do sistema nervoso central.",1,fonte2,automatica,0.65
noctal,fenobarbital,"A ação dos benzodiazepínicos pode ser potencializada por (medicamentos para tratamento de convulsões e ex: carbamazepina), anti-histamínicos (medicamentos que inibem a liberação de histamina muitas vezes utilizado para tratar alergias ex: fexofenadina), barbitúricos (medicamentos utilizados como sedativos e clamantes ex: fenobarbital), inibidores da enzima monoamina oxidase – MAO (medicamento utilizado no tratamento da depressão ex: iproniazida), álcool, narcóticos, fenotiazinas, medicações psicotrópicas e outros fármacos que produzam depressão do sistema nervoso central.",1,fonte2,automatica,0.65
novalgina comprimido,dipirona,"Portanto, recomenda-se cautela quando dipirona e substrato de CYP2B6 e/ou CYP3A4 são administrados concomitantemente; a resposta clínica e/ou os níveis do medicamento devem ser seguidos de monitoramento terapêutico do medicamento.",1,fonte2,automatica,0.65
novalgina comprimido,dipirona,"Adicionar dipirona ao pode aumentar a hematotoxicidade (toxicidade do sangue) do metotrexato, particularmente em pacientes idosos.",1,fonte2,automatica,0.65
novalgina comprimido,metotrexato,"Adicionar dipirona ao pode aumentar a hematotoxicidade (toxicidade do sangue) do metotrexato, particularmente em pacientes idosos.",1,fonte2,automatica,0.65
novalgina comprimido,dipirona,"A dipirona pode reduzir o efeito do ácido acetilsalicílico na agregação plaquetária, quando tomado concomitantemente.",1,fonte2,automatica,0.65
olanzapina zydus nikkho,olanzapina,O hábito de fumar pode interferir no tratamento com olanzapina.,1,fonte2,automatica,0.65
omeprazol sódico eurofarma momenta,omeprazol,"Relate ao seu médico todos os medicamentos que vem utilizando, pois omeprazol sódico pode interferir na absorção ou eliminação de diversas substâncias.",1,fonte2,automatica,0.65
omeprazol sódico eurofarma momenta,varfarina,"A ação da varfarina encontra-se exacerbada quando administrada em conjunto com omeprazol, devendo-se realizar monitorização rigorosa dos exames de coagulação devido risco maior de sangramento.",1,fonte2,automatica,0.65
omeprazol sódico eurofarma momenta,omeprazol,"A ação da varfarina encontra-se exacerbada quando administrada em conjunto com omeprazol, devendo-se realizar monitorização rigorosa dos exames de coagulação devido risco maior de sangramento.",1,fonte2,automatica,0.65
oroxadin,fibratos,"Associação contraindicada Como com outros fibratos, o risco de rabdomiólise (destruição das células musculares) e mioglobinúria (perda de mioglobina, uma proteína típica dos tecidos musculares) pode ser aumentado se o ciprofibrato for utilizado em associação com outros medicamentos semelhantes.",2,fonte2,automatica,0.8
oroxadin,fibratos,"Associação não recomendada Como com outros fibratos, o risco de rabdomiólise e mioglobinúria pode ser aumentado se o ciprofibrato for utilizado em associação com inibidores da HMG CoA redutase.",2,fonte2,automatica,0.8
oroxadin,varfarina,"Associação que requer precaução O ciprofibrato tem demonstrado potencializar o efeito da varfarina, indicando que o tratamento com anticoagulante oral concomitante deve ser administrado com dose reduzida e ajustada Associações que devem ser consideradas Embora o ciprofibrato possa potencializar o efeito dos hipoglicemiantes orais (medicamentos que diminuem a taxa de açúcar no sangue), os dados disponíveis não sugerem que tal interação poderá causar problemas clinicamente significativos.",1,fonte2,automatica,0.65
pantoprazol sódico sesqui hidratado germed pharma,contraceptivos,"Não há interação medicamentosa clinicamente importante com as seguintes substâncias testadas: , cafeína, , etanol, , metoprolol, , fenitoína, e contraceptivos orais contendo e etinilestradiol.",0,fonte2,automatica,0.85
pantoprazol sódico sesqui hidratado germed pharma,amoxicilina,"Exclusivo Comprimido 40 mg: A administração de pantoprazol sódico sesquihidratado simultaneamente com os antibióticos claritromicina, metronidazol e amoxicilina não revelou nenhuma interação clinicamente significativa.",0,fonte2,automatica,0.85
pantoprazol sódico sesqui hidratado germed pharma,claritromicina,"Exclusivo Comprimido 40 mg: A administração de pantoprazol sódico sesquihidratado simultaneamente com os antibióticos claritromicina, metronidazol e amoxicilina não revelou nenhuma interação clinicamente significativa.",0,fonte2,automatica,0.85
pantoprazol sódico sesqui hidratado germed pharma,varfarina,"Portanto, em pacientes tratados com anticoagulantes cumarínicos (varfarina, ), recomenda-se monitoração do tempo de coagulação após o início e o final ou durante o tratamento com pantoprazol.",1,fonte2,automatica,0.65
pantoprazol sódico sesqui hidratado germed pharma,anticoagulantes,"Portanto, em pacientes tratados com anticoagulantes cumarínicos (varfarina, ), recomenda-se monitoração do tempo de coagulação após o início e o final ou durante o tratamento com pantoprazol.",1,fonte2,automatica,0.65
pantoprazol sódico sesqui hidratado medley,cetoconazol,"Pantoprazol sódico sesqui-hidratado pode alterar a absorção de medicamentos que necessitam da acidez no estômago para a sua absorção adequada, como o cetoconazol.",1,fonte2,automatica,0.65
pantoprazol sódico sesqui hidratado medley,diazepam,"Não há interação medicamentosa clinicamente importante com as seguintes substâncias testadas: Carbamazepina, cafeína, diazepam, diclofenaco, digoxina, etanol, glibenclamida, metoprolol, naproxeno, nifedipino, fenitoína, teofilina, piroxicam e contraceptivos orais contendo levonorgestrel e etinilestradiol.",0,fonte2,automatica,0.85
pantoprazol sódico sesqui hidratado medley,carbamazepina,"Não há interação medicamentosa clinicamente importante com as seguintes substâncias testadas: Carbamazepina, cafeína, diazepam, diclofenaco, digoxina, etanol, glibenclamida, metoprolol, naproxeno, nifedipino, fenitoína, teofilina, piroxicam e contraceptivos orais contendo levonorgestrel e etinilestradiol.",0,fonte2,automatica,0.85
pantoprazol sódico sesqui hidratado medley,digoxina,"Não há interação medicamentosa clinicamente importante com as seguintes substâncias testadas: Carbamazepina, cafeína, diazepam, diclofenaco, digoxina, etanol, glibenclamida, metoprolol, naproxeno, nifedipino, fenitoína, teofilina, piroxicam e contraceptivos orais contendo levonorgestrel e etinilestradiol.",0,fonte2,automatica,0.85
pantoprazol sódico sesqui hidratado medley,glibenclamida,"Não há interação medicamentosa clinicamente importante com as seguintes substâncias testadas: Carbamazepina, cafeína, diazepam, diclofenaco, digoxina, etanol, glibenclamida, metoprolol, naproxeno, nifedipino, fenitoína, teofilina, piroxicam e contraceptivos orais contendo levonorgestrel e etinilestradiol.",0,fonte2,automatica,0.85
pantoprazol sódico sesqui hidratado medley,nifedipino,"Não há interação medicamentosa clinicamente importante com as seguintes substâncias testadas: Carbamazepina, cafeína, diazepam, diclofenaco, digoxina, etanol, glibenclamida, metoprolol, naproxeno, nifedipino, fenitoína, teofilina, piroxicam e contraceptivos orais contendo levonorgestrel e etinilestradiol.",0,fonte2,automatica,0.85
pantoprazol sódico sesqui hidratado medley,amoxicilina,"Exclusivo Comprimido revestido de liberação retardada 40 mg: A administração de pantoprazol simultaneamente com os antibióticos claritromicina, metronidazol e amoxicilina não revelou nenhuma interação clinicamente significativa.",0,fonte2,automatica,0.85
pantoprazol sódico sesqui hidratado medley,claritromicina,"Exclusivo Comprimido revestido de liberação retardada 40 mg: A administração de pantoprazol simultaneamente com os antibióticos claritromicina, metronidazol e amoxicilina não revelou nenhuma interação clinicamente significativa.",0,fonte2,automatica,0.85
pantoprazol sódico sesqui hidratado medley,varfarina,"Portanto, em pacientes tratados com anticoagulantes cumarínicos (varfarina, femprocumona), recomenda-se a monitorização do tempo de coagulação após o início, o final ou durante o tratamento com pantoprazol.",1,fonte2,automatica,0.65
pantoprazol sódico sesqui hidratado medley,anticoagulantes,"Portanto, em pacientes tratados com anticoagulantes cumarínicos (varfarina, femprocumona), recomenda-se a monitorização do tempo de coagulação após o início, o final ou durante o tratamento com pantoprazol.",1,fonte2,automatica,0.65
pantozol,contraceptivos,"Não há interação medicamentosa clinicamente importante com as seguintes substâncias testadas: , cafeína, , etanol, , metoprolol, , nifedipina, fenitoína, e contraceptivos orais contendo e etinilestradiol.",0,fonte2,automatica,0.85
pantozol,varfarina,"Portanto, em pacientes tratados com anticoagulantes cumarínicos (varfarina, ), recomenda-se monitoração do tempo de coagulação após o início e o final ou durante o tratamento com pantoprazol.",1,fonte2,automatica,0.65
pantozol,anticoagulantes,"Portanto, em pacientes tratados com anticoagulantes cumarínicos (varfarina, ), recomenda-se monitoração do tempo de coagulação após o início e o final ou durante o tratamento com pantoprazol.",1,fonte2,automatica,0.65
pantozol,cetoconazol,"Comprimido 40 mg Pantozol pode alterar a absorção de medicamentos que necessitam da acidez no estômago para a sua absorção adequada, como o cetoconazol.",1,fonte2,automatica,0.65
pantozol,diazepam,"Não há interação medicamentosa clinicamente importante com as seguintes substâncias testadas: Carbamazepina, cafeína, diazepam, diclofenaco, digoxina, etanol, glibenclamida, metoprolol, naproxeno, nifedipina, fenitoína, teofilina, piroxicam e contraceptivos orais contendo levonorgestrel e etinilestradiol.",0,fonte2,automatica,0.85
pantozol,carbamazepina,"Não há interação medicamentosa clinicamente importante com as seguintes substâncias testadas: Carbamazepina, cafeína, diazepam, diclofenaco, digoxina, etanol, glibenclamida, metoprolol, naproxeno, nifedipina, fenitoína, teofilina, piroxicam e contraceptivos orais contendo levonorgestrel e etinilestradiol.",0,fonte2,automatica,0.85
pantozol,digoxina,"Não há interação medicamentosa clinicamente importante com as seguintes substâncias testadas: Carbamazepina, cafeína, diazepam, diclofenaco, digoxina, etanol, glibenclamida, metoprolol, naproxeno, nifedipina, fenitoína, teofilina, piroxicam e contraceptivos orais contendo levonorgestrel e etinilestradiol.",0,fonte2,automatica,0.85
pantozol,glibenclamida,"Não há interação medicamentosa clinicamente importante com as seguintes substâncias testadas: Carbamazepina, cafeína, diazepam, diclofenaco, digoxina, etanol, glibenclamida, metoprolol, naproxeno, nifedipina, fenitoína, teofilina, piroxicam e contraceptivos orais contendo levonorgestrel e etinilestradiol.",0,fonte2,automatica,0.85
pantozol,contraceptivos,"Não há interação medicamentosa clinicamente importante com as seguintes substâncias testadas: Carbamazepina, cafeína, diazepam, diclofenaco, digoxina, etanol, glibenclamida, metoprolol, naproxeno, nifedipina, fenitoína, teofilina, piroxicam e contraceptivos orais contendo levonorgestrel e etinilestradiol.",0,fonte2,automatica,0.85
pantozol,amoxicilina,"A administração de Pantozol simultaneamente com os antibióticos claritromicina, metronidazol e amoxicilina não revelou nenhuma interação clinicamente significativa.",0,fonte2,automatica,0.85
pantozol,claritromicina,"A administração de Pantozol simultaneamente com os antibióticos claritromicina, metronidazol e amoxicilina não revelou nenhuma interação clinicamente significativa.",0,fonte2,automatica,0.85
pantozol,anticoagulantes,"Em pacientes que estão sendo tratados com anticoagulantes cumarínicos, é recomendada a monitorização do tempo de protrombina / INR após o início, término ou durante o uso irregular de pantoprazol.",1,fonte2,automatica,0.65
pantozol,varfarina,"Portanto, em pacientes tratados com anticoagulantes cumarínicos (varfarina, femprocumona), recomenda-se monitoração do tempo de coagulação após o início e o final ou durante o tratamento com pantoprazol.",1,fonte2,automatica,0.65
pantozol,anticoagulantes,"Portanto, em pacientes tratados com anticoagulantes cumarínicos (varfarina, femprocumona), recomenda-se monitoração do tempo de coagulação após o início e o final ou durante o tratamento com pantoprazol.",1,fonte2,automatica,0.65
pantozol,cetoconazol,"Pó liofilizado para solução injetável Pantozol pode alterar a absorção de medicamentos que necessitam da acidez no estômago para a sua absorção adequada, como o cetoconazol.",1,fonte2,automatica,0.65
pantozol,diazepam,"Não há interação medicamentosa clinicamente importante de Pantozol com as seguintes substâncias testadas: Carbamazepina, cafeína, diazepam, diclofenaco, digoxina, etanol, glibenclamida, metoprolol, naproxeno, nifedipina, fenitoína, teofilina, piroxicam e contraceptivos orais contendo levonorgestrel e etinilestradiol.",0,fonte2,automatica,0.85
pantozol,carbamazepina,"Não há interação medicamentosa clinicamente importante de Pantozol com as seguintes substâncias testadas: Carbamazepina, cafeína, diazepam, diclofenaco, digoxina, etanol, glibenclamida, metoprolol, naproxeno, nifedipina, fenitoína, teofilina, piroxicam e contraceptivos orais contendo levonorgestrel e etinilestradiol.",0,fonte2,automatica,0.85
pantozol,digoxina,"Não há interação medicamentosa clinicamente importante de Pantozol com as seguintes substâncias testadas: Carbamazepina, cafeína, diazepam, diclofenaco, digoxina, etanol, glibenclamida, metoprolol, naproxeno, nifedipina, fenitoína, teofilina, piroxicam e contraceptivos orais contendo levonorgestrel e etinilestradiol.",0,fonte2,automatica,0.85
pantozol,glibenclamida,"Não há interação medicamentosa clinicamente importante de Pantozol com as seguintes substâncias testadas: Carbamazepina, cafeína, diazepam, diclofenaco, digoxina, etanol, glibenclamida, metoprolol, naproxeno, nifedipina, fenitoína, teofilina, piroxicam e contraceptivos orais contendo levonorgestrel e etinilestradiol.",0,fonte2,automatica,0.85
pantozol,contraceptivos,"Não há interação medicamentosa clinicamente importante de Pantozol com as seguintes substâncias testadas: Carbamazepina, cafeína, diazepam, diclofenaco, digoxina, etanol, glibenclamida, metoprolol, naproxeno, nifedipina, fenitoína, teofilina, piroxicam e contraceptivos orais contendo levonorgestrel e etinilestradiol.",0,fonte2,automatica,0.85
pantozol,amoxicilina,"A administração de Pantozol junto com os antibióticos claritromicina, metronidazol e amoxicilina não revelou nenhuma interação clinicamente significativa.",0,fonte2,automatica,0.85
pantozol,claritromicina,"A administração de Pantozol junto com os antibióticos claritromicina, metronidazol e amoxicilina não revelou nenhuma interação clinicamente significativa.",0,fonte2,automatica,0.85
paracetamol cloridrato de pseudoefedrina ems,paracetamol,"O paracetamol + cloridrato de pseudoefedrina não deve ser administrado a pacientes que estejam usando bicarbonato de sódio, pois pode levar a agitação, hipertensão (aumento da pressão arterial) e taquicardia (aumento do batimento cardíaco).",2,fonte2,automatica,0.8
paralon,paracetamol,Deve-se ter cautela na administração concomitante de Paracetamol + Clorzoxazona com bebidas alcoólicas ou outros medicamentos depressores do sistema nervoso central uma vez que o efeito depressor do sistema nervoso central pode ser potencializado.,1,fonte2,automatica,0.65
pariet,digoxina,"Seu médico irá informá-lo quais medicamentos você pode tomar durante o tratamento com Pariet pode alterar o efeito de certos medicamentos, como por exemplo, , um medicamento para infecções por fungo; digoxina, um medicamento para certas doenças do coração; atazanavir, um medicamento para , um medicamento usado em pessoas que receberam transplante de órgãos.",1,fonte2,automatica,0.65
plaquinol,insulina,"Insulina e drogas antidiabéticas Como a hidroxicloroquina pode aumentar os efeitos do tratamento hipoglicêmico (diminuição da taxa de açúcar no sangue), pode ser necessária uma diminuição nas doses de insulina ou drogas antidiabéticas.",1,fonte2,automatica,0.65
plaquinol,claritromicina,"Na ausência de estudos de interação “in vivo” recomenda-se cautela (por exemplo, monitoramento de reações adversas) quando inibidores fortes do CYP2C8 e/ou CYP3A4 (como gemfibrozil, clopidogrel, ritonavir, itraconazol, claritromicina, suco de toranja) são administrados concomitantemente.",1,fonte2,automatica,0.65
plaquinol,itraconazol,"Na ausência de estudos de interação “in vivo” recomenda-se cautela (por exemplo, monitoramento de reações adversas) quando inibidores fortes do CYP2C8 e/ou CYP3A4 (como gemfibrozil, clopidogrel, ritonavir, itraconazol, claritromicina, suco de toranja) são administrados concomitantemente.",1,fonte2,automatica,0.65
plaquinol,carbamazepina,"Recomenda-se cautela (por exemplo, monitoramento da eficácia) quando indutores fortes do CYP2C8 e do CYP3A4 (como rifampicina, erva de São João, carbamazepina, ) são administrados concomitantemente.",1,fonte2,automatica,0.65
plaquinol,rifampicina,"Recomenda-se cautela (por exemplo, monitoramento da eficácia) quando indutores fortes do CYP2C8 e do CYP3A4 (como rifampicina, erva de São João, carbamazepina, ) são administrados concomitantemente.",1,fonte2,automatica,0.65
plaquinol,ciclosporina,"Recomenda-se cautela (por exemplo, monitorização de reações adversas) quando substratos do CYP3A4 (como ciclosporina, estatinas) são administradas concomitantemente.",1,fonte2,automatica,0.65
plaquinol,digoxina,"Recomenda-se cautela (por exemplo, monitoramento de reações adversas ou para concentrações plasmáticas, conforme apropriado) quando substratos da gp-P com índice terapêutico estreito (como digoxina, dabigatran) são administrados concomitantemente.",1,fonte2,automatica,0.65
plasil comprimido,ciclosporina,"Devido ao efeito da metoclopramida de acelerar a digestão, a absorção de certos fármacos pode ser modificada. : metoclopramida diminui a quantidade de digoxina circulante, sendo necessária monitorização da concentração de digoxina no sangue. : metoclopramida aumenta a quantidade de ciclosporina circulante, sendo necessária monitorização da concentração de ciclosporina no sangue.",1,fonte2,automatica,0.65
plasil comprimido,digoxina,"Devido ao efeito da metoclopramida de acelerar a digestão, a absorção de certos fármacos pode ser modificada. : metoclopramida diminui a quantidade de digoxina circulante, sendo necessária monitorização da concentração de digoxina no sangue. : metoclopramida aumenta a quantidade de ciclosporina circulante, sendo necessária monitorização da concentração de ciclosporina no sangue.",1,fonte2,automatica,0.65
pravacol,fibratos,"Um aumento do risco de eventos adversos relacionados com os músculos, incluindo rabdomiólise, têm sido relatados quando os fibratos são coadministrados com outras estatinas.",2,fonte2,automatica,0.8
pravacol,colestipol,"Se esta combinação é considerada necessária, cuidados clínicos e monitoramento da CQ (níveis de creatinoquinase) de pacientes em tal regime é requerido. / colestipol A administração concomitante resultou na diminuição de aproximadamente 40 a 50% na biodisponibilidade da pravastatina.",1,fonte2,automatica,0.65
prednisolona ems,anticoagulantes,"Entretanto o uso concomitante de anti-inflamatórios não esteroidais no tratamento de deve promover benefício terapêutico aditivo e permitir redução de dosagem de glicocorticoide Severidade moderada Efeito da interação Anticolinérgicos, especialmente e compostos relacionados O uso concomitante a longo prazo com glicocorticoides pode aumentar a pressão intraocular Anticoagulantes, derivados cumarínicos ou indandionas, heparina, ou uroquinase Os efeitos dos derivados cumarínicos ou da indandiona geralmente diminuem (mas podem aumentar em alguns pacientes), quando estes medicamentos são utilizados concomitantemente com glicocorticoides.",1,fonte2,automatica,0.65
prednisolona ems,levotiroxina,"Ajuste de dose de um ou ambos os agentes podem ser necessários quando a terapia com glicocorticoide é descontinuada Agentes antitireoidianos (exemplo, levotiroxina) ou hormônios da tireoide Alterações na condição da tireoide do paciente podem ocorrer como um resultado de administração, alteração na dosagem ou descontinuação de hormônios da tireoide ou agentes antitireoidianos, podendo necessitar de ajuste de dosagem de corticosteroide, uma vez que a depuração metabólica de corticosteroides diminui em pacientes com hipotireoidismo (doença da tireoide) e aumenta em pacientes com hipertireoidismo.",1,fonte2,automatica,0.65
prednisolona ems,corticosteroides,"Ajuste de dose de um ou ambos os agentes podem ser necessários quando a terapia com glicocorticoide é descontinuada Agentes antitireoidianos (exemplo, levotiroxina) ou hormônios da tireoide Alterações na condição da tireoide do paciente podem ocorrer como um resultado de administração, alteração na dosagem ou descontinuação de hormônios da tireoide ou agentes antitireoidianos, podendo necessitar de ajuste de dosagem de corticosteroide, uma vez que a depuração metabólica de corticosteroides diminui em pacientes com hipotireoidismo (doença da tireoide) e aumenta em pacientes com hipertireoidismo.",1,fonte2,automatica,0.65
prednisolona ems,corticosteroides,"O ajuste de dose dos glicocorticoides pode ser requerido durante e após o uso concomitante Glicosídios digitálicos (exemplo, O uso concomitante de glicocorticoides pode aumentar a possibilidade de arritmias (alteração no ritmo do coração) ou toxicidade digitálica associada com hipocalemia (diminuição do potássio no sangue) Diuréticos (exemplo, Efeitos de natriuréticos e diuréticos podem diminuir as ações de retenção de sódio e fluidos de corticosteroides e vice-versa.",1,fonte2,automatica,0.65
prednisolona ems,digoxina,O ajuste de dose de isoniazida pode ser necessário durante e após o uso concomitante Interação Medicamento - Exame laboratorial Severidade menor Efeito da interação A prednisolona pode resultar em falso aumento dos níveis de digoxina Os corticosteroides podem alterar o teste de “ Nitroblue tetrazolium ” para infecções bacterianas e produzir resultados falso-negativos.,1,fonte2,automatica,0.65
prednisolona ems,isoniazida,O ajuste de dose de isoniazida pode ser necessário durante e após o uso concomitante Interação Medicamento - Exame laboratorial Severidade menor Efeito da interação A prednisolona pode resultar em falso aumento dos níveis de digoxina Os corticosteroides podem alterar o teste de “ Nitroblue tetrazolium ” para infecções bacterianas e produzir resultados falso-negativos.,1,fonte2,automatica,0.65
prednisolona ems,corticosteroides,O ajuste de dose de isoniazida pode ser necessário durante e após o uso concomitante Interação Medicamento - Exame laboratorial Severidade menor Efeito da interação A prednisolona pode resultar em falso aumento dos níveis de digoxina Os corticosteroides podem alterar o teste de “ Nitroblue tetrazolium ” para infecções bacterianas e produzir resultados falso-negativos.,1,fonte2,automatica,0.65
prevencor,sinvastatina,"Uma vez que a administração concomitante de sinvastatina e alguns medicamentos pode aumentar o risco de problemas musculares, é particularmente importante informar ao médico se você está tomando , agentes antifúngicos (tais como o ou o ), derivados do ácido fíbrico (tais como e bezafibrato), os antibióticos , inibidores da protease do (tais como o , o nelfinavir, o e o saquinavir), o antidepressivo nefazodona, amiodarona (medicamento usado para o tratamento de alterações do ritmo dos batimentos cardíacos), anti-hipertensivos, como por exemplo, verapamil ou diltiazem (medicamentos utilizados para o tratamento de pressão alta , angina ou outras cardíacas) ou doses altas (≥ 1 g /dia) de niacina ou de ácido nicotínico.",1,fonte2,automatica,0.65
prevencor,diltiazem,"Uma vez que a administração concomitante de sinvastatina e alguns medicamentos pode aumentar o risco de problemas musculares, é particularmente importante informar ao médico se você está tomando , agentes antifúngicos (tais como o ou o ), derivados do ácido fíbrico (tais como e bezafibrato), os antibióticos , inibidores da protease do (tais como o , o nelfinavir, o e o saquinavir), o antidepressivo nefazodona, amiodarona (medicamento usado para o tratamento de alterações do ritmo dos batimentos cardíacos), anti-hipertensivos, como por exemplo, verapamil ou diltiazem (medicamentos utilizados para o tratamento de pressão alta , angina ou outras cardíacas) ou doses altas (≥ 1 g /dia) de niacina ou de ácido nicotínico.",1,fonte2,automatica,0.65
prevencor,verapamil,"Uma vez que a administração concomitante de sinvastatina e alguns medicamentos pode aumentar o risco de problemas musculares, é particularmente importante informar ao médico se você está tomando , agentes antifúngicos (tais como o ou o ), derivados do ácido fíbrico (tais como e bezafibrato), os antibióticos , inibidores da protease do (tais como o , o nelfinavir, o e o saquinavir), o antidepressivo nefazodona, amiodarona (medicamento usado para o tratamento de alterações do ritmo dos batimentos cardíacos), anti-hipertensivos, como por exemplo, verapamil ou diltiazem (medicamentos utilizados para o tratamento de pressão alta , angina ou outras cardíacas) ou doses altas (≥ 1 g /dia) de niacina ou de ácido nicotínico.",1,fonte2,automatica,0.65
prevencor,amiodarona,"Uma vez que a administração concomitante de sinvastatina e alguns medicamentos pode aumentar o risco de problemas musculares, é particularmente importante informar ao médico se você está tomando , agentes antifúngicos (tais como o ou o ), derivados do ácido fíbrico (tais como e bezafibrato), os antibióticos , inibidores da protease do (tais como o , o nelfinavir, o e o saquinavir), o antidepressivo nefazodona, amiodarona (medicamento usado para o tratamento de alterações do ritmo dos batimentos cardíacos), anti-hipertensivos, como por exemplo, verapamil ou diltiazem (medicamentos utilizados para o tratamento de pressão alta , angina ou outras cardíacas) ou doses altas (≥ 1 g /dia) de niacina ou de ácido nicotínico.",1,fonte2,automatica,0.65
prevencor,niacina,"Uma vez que a administração concomitante de sinvastatina e alguns medicamentos pode aumentar o risco de problemas musculares, é particularmente importante informar ao médico se você está tomando , agentes antifúngicos (tais como o ou o ), derivados do ácido fíbrico (tais como e bezafibrato), os antibióticos , inibidores da protease do (tais como o , o nelfinavir, o e o saquinavir), o antidepressivo nefazodona, amiodarona (medicamento usado para o tratamento de alterações do ritmo dos batimentos cardíacos), anti-hipertensivos, como por exemplo, verapamil ou diltiazem (medicamentos utilizados para o tratamento de pressão alta , angina ou outras cardíacas) ou doses altas (≥ 1 g /dia) de niacina ou de ácido nicotínico.",1,fonte2,automatica,0.65
proflam comprimido,digoxina,"Ingestão concomitante com outras substâncias Recomenda-se informar ao médico caso haja uso concomitante de medicamentos que contenham lítio, digoxina, anticoagulantes, antidiabéticos orais, diuréticos e outros analgésicos.",1,fonte2,automatica,0.65
proflam comprimido,anticoagulantes,"Ingestão concomitante com outras substâncias Recomenda-se informar ao médico caso haja uso concomitante de medicamentos que contenham lítio, digoxina, anticoagulantes, antidiabéticos orais, diuréticos e outros analgésicos.",1,fonte2,automatica,0.65
puran t4,levotiroxina,"Antidiabéticos orais e insulina: o uso de levotiroxina pode levar a um aumento da glicemia, e em pacientes diabéticos, pode ser necessário ajuste de dose dos antidiabéticos orais ou da insulina.",1,fonte2,automatica,0.65
puran t4,insulina,"Antidiabéticos orais e insulina: o uso de levotiroxina pode levar a um aumento da glicemia, e em pacientes diabéticos, pode ser necessário ajuste de dose dos antidiabéticos orais ou da insulina.",1,fonte2,automatica,0.65
puran t4,omeprazol,"Medicamentos inibidores da bomba de prótons (como omeprazol, esomeprazol, pantoprazol, rabeprazol e lansoprazol) são utilizados para reduzir a quantidade de ácido produzido pelo estômago, o que pode reduzir a absorção de levotiroxina do intestino e, assim, torná-la menos eficaz.",1,fonte2,automatica,0.65
puran t4,levotiroxina,"Medicamentos inibidores da bomba de prótons (como omeprazol, esomeprazol, pantoprazol, rabeprazol e lansoprazol) são utilizados para reduzir a quantidade de ácido produzido pelo estômago, o que pode reduzir a absorção de levotiroxina do intestino e, assim, torná-la menos eficaz.",1,fonte2,automatica,0.65
puran t4,levotiroxina,"Se você estiver tomando levotiroxina enquanto estiver recebendo tratamento comos inibidores da bomba de prótons, seu médico deve monitorar sua função tireoidiana e pode ter que ajustar a dose de levotiroxina.",1,fonte2,automatica,0.75
puran t4,metformina,"Antidiabéticos: a levotiroxina pode reduzir o efeito hipoglicemico (diminuição da taxa de açúcar no sangue) dos agentes antidiabéticos orais, tais como metformina, , bem como da insulina.",1,fonte2,automatica,0.65
puran t4,levotiroxina,"Antidiabéticos: a levotiroxina pode reduzir o efeito hipoglicemico (diminuição da taxa de açúcar no sangue) dos agentes antidiabéticos orais, tais como metformina, , bem como da insulina.",1,fonte2,automatica,0.65
puran t4,insulina,"Antidiabéticos: a levotiroxina pode reduzir o efeito hipoglicemico (diminuição da taxa de açúcar no sangue) dos agentes antidiabéticos orais, tais como metformina, , bem como da insulina.",1,fonte2,automatica,0.65
puran t4,levotiroxina,"Aplicável ao uso concomitante de medicamentos administrados por via oral: Se você está tomando levotiroxina e (um medicamento antidiabético) ao mesmo tempo, isso pode afetar seus níveis de levotiroxina e pode ser que seu médico precise monitorar seus níveis tireoidianos e ajustar a dose de Puran T4.",1,fonte2,automatica,0.75
puran t4,levotiroxina,"Café: não tome Puran T4 com café, pois pode reduzir a absorção da levotiroxina pelo intestino, tornando-a menos eficaz.",1,fonte2,automatica,0.65
pyloripac,claritromicina,"Se a administração concomitante de claritromicina e colchicina for necessária, seu médico deverá monitorar quanto à ocorrência de sintomas clínicos de toxicidade por colchicina.",1,fonte2,automatica,0.75
pyloripac,colchicina,"Se a administração concomitante de claritromicina e colchicina for necessária, seu médico deverá monitorar quanto à ocorrência de sintomas clínicos de toxicidade por colchicina.",1,fonte2,automatica,0.75
pyloripac,claritromicina,Recomenda-se precaução quanto à administração de claritromicina juntamente com triazolam e midazolam intravenoso (aplicado na veia).,1,fonte2,automatica,0.65
pyloripac,claritromicina,Seu médico deverá monitorar tempo de INR e protrombina se você estiver tomando claritromicina junto com anticoagulantes orais.,1,fonte2,automatica,0.75
pyloripac,anticoagulantes,Seu médico deverá monitorar tempo de INR e protrombina se você estiver tomando claritromicina junto com anticoagulantes orais.,1,fonte2,automatica,0.75
pyloripac,claritromicina,"É contraindicado o uso de claritromicina em conjunto com lovastatina ou sinvastatina, o que aumenta a concentração de claritromicina no sangue e aumenta o risco de miopatia (doença muscular), incluindo a rabdomiólise (necrose ou desintegração no músculo esquelético).",2,fonte2,automatica,0.9
pyloripac,sinvastatina,"É contraindicado o uso de claritromicina em conjunto com lovastatina ou sinvastatina, o que aumenta a concentração de claritromicina no sangue e aumenta o risco de miopatia (doença muscular), incluindo a rabdomiólise (necrose ou desintegração no músculo esquelético).",2,fonte2,automatica,0.9
pyloripac retrat,probenecida,"Probenecida e Deve-se ter cautela na administração concomitante de levofloxacino com fármacos que afetam os rins, como probenecida e cimetidina, especialmente em pacientes com insuficiência renal (dos rins).",1,fonte2,automatica,0.65
pyloripac retrat,cimetidina,"Probenecida e Deve-se ter cautela na administração concomitante de levofloxacino com fármacos que afetam os rins, como probenecida e cimetidina, especialmente em pacientes com insuficiência renal (dos rins).",1,fonte2,automatica,0.65
qiftrim,metotrexato,"Interferência em exames de laboratório Qiftrim, especialmente o componente TMP, pode interferir na dosagem do metotrexato sérico, dependendo da técnica utilizada para medição do fármaco.",1,fonte2,automatica,0.65
querok,quetiapina,O uso de Hemifumarato de Quetiapina concomitante com outros fármacos conhecidos por causar desequilíbrio eletrolítico ou por aumentar o intervalo QT deve ser feito com cautela.,1,fonte2,automatica,0.65
querok,quetiapina,Hemifumarato de Quetiapina deve ser utilizado com cautela em pacientes recebendo outras medicações com efeitos anticolinérgicos (muscarínicos).,1,fonte2,automatica,0.65
quinoflox,metotrexato,"É recomendado o monitoramento da terapia com fenitoína, incluindo medições de concentração de fenitoína no sangue, durante e imediatamente após a administração simultânea de Quinoflox (cloridrato de ciprofloxacino) e fenitoína, para evitar a perda do controle de convulsões associadas aos níveis diminuídos de fenitoína e para evitar efeitos indesejáveis relacionados à superdose de fenitoína quando o Quinoflox (cloridrato de ciprofloxacino) é descontinuado em pacientes que estejam recebendo ambos. : O uso simultâneo com Quinoflox (cloridrato de ciprofloxacino) pode retardar a excreção do metotrexato (imunossupressor usado para o tratamento de alguns tipos de e artrite reumatoide), aumentando o nível sanguíneo deste.",1,fonte2,automatica,0.65
quinoflox,varfarina,"Antagonistas da vitamina K: A administração simultânea de ciprofloxacino com substâncias antagonistas da vitamina K, como por exemplo, varfarina, acenocumarol, , fluindiona, pode aumentar os efeitos destas.",1,fonte2,automatica,0.65
quinoflox,acenocumarol,"Antagonistas da vitamina K: A administração simultânea de ciprofloxacino com substâncias antagonistas da vitamina K, como por exemplo, varfarina, acenocumarol, , fluindiona, pode aumentar os efeitos destas.",1,fonte2,automatica,0.65
rapamune,ciclosporina,Os pacientes que recebem Rapamune e ciclosporina e/ ou inibidores de H MG-CoA redutase e/ou fibratos devem ser monitorados quanto ao desenvolvimento de rabdomiólise (quebra das fibras musculares).,2,fonte2,automatica,0.8
rapamune,fibratos,Os pacientes que recebem Rapamune e ciclosporina e/ ou inibidores de H MG-CoA redutase e/ou fibratos devem ser monitorados quanto ao desenvolvimento de rabdomiólise (quebra das fibras musculares).,2,fonte2,automatica,0.8
relaflex,dipirona,A dipirona pode potencializar eventual diminuição da temperatura corporal causada por fenotiazínicos.,1,fonte2,automatica,0.65
relaflex,ciclosporina,"Deve-se, portanto, realizar monitorização das concentrações de ciclosporina quando utilizada com dipirona.",1,fonte2,automatica,0.65
relaflex,dipirona,"Deve-se, portanto, realizar monitorização das concentrações de ciclosporina quando utilizada com dipirona.",1,fonte2,automatica,0.65
relaflex,dipirona,O uso de dipirona com metotrexato pode aumentar a toxicidade sanguínea do metotrexato particularmente em pacientes idosos.,1,fonte2,automatica,0.65
relaflex,metotrexato,O uso de dipirona com metotrexato pode aumentar a toxicidade sanguínea do metotrexato particularmente em pacientes idosos.,1,fonte2,automatica,0.65
relaflex,dipirona,"Ácido acetilsalicílico A dipirona pode reduzir o efeito do ácido acetilsalicílico na agregação plaquetária (união das plaquetas que atuam na coagulação), quando administrados concomitantemente.",1,fonte2,automatica,0.65
relaflex,dipirona,"Portanto, recomenda-se cautela do uso de dipirona com bupropiona.",1,fonte2,automatica,0.65
secnidal,varfarina,Associações que necessitam precaução de uso orais (descrito com a varfarina): aumento do efeito anticoagulante (que impede a coagulação do sangue) e do risco de por diminuição do metabolismo do fígado.,1,fonte2,automatica,0.65
secnidal,anticoagulantes,Recomenda-se controles frequentes da taxa de protrombina (substância presente no sangue que participa da coagulação) e o médico deve adaptar a dose dos anticoagulantes orais durante o tratamento com secnidazol e até 8 dias após o seu término.,1,fonte2,automatica,0.65
secnidazol ems,varfarina,Associações que necessitam precaução de uso orais (descrito com a varfarina) Aumento do efeito anticoagulante e do risco hemorrágico por diminuição do metabolismo hepático.,1,fonte2,automatica,0.65
simdax,digoxina,Nenhuma interação farmacocinética foi observada numa análise populacional de pacientes que estavam recebendo digoxina e infusão de Simdax A coadministração de mononitrato de isossorbida e Simdax (levosimendana) em voluntários sadios resultou em potencialização significativa da resposta hipotensora ortostática (redução excessiva da pressão arterial ao adotar-se a posição vertical).,1,fonte2,automatica,0.65
sinergen,enalapril,"Na lista a seguir, são relacionadas às principiais interações para cada um de seus componentes: Interações com enalapril Gravidade: Maior Aumento dos níveis de potássio no sangue, prejuízo de função dos rins, hipotensão (queda de pressão): (uso contraindicado em conjunto), amilorida, , triantereno, potássio;",2,fonte2,automatica,0.9
sinergen,ibuprofeno,"Pode interferir na concentração do anlodipino: Erva-de-São-João ( Hypericum perforatum Gravidade: Menor Pode aumentar o risco de hemorragias ou efeito antagônico à redução de pressão: aceclofenaco, dexcetoprofeno, diclofenaco, diflunisal, dipirona, etodolaco, etofenamato, fenoprofen, fentiazac, ibuprofeno, indometacina, cetoprofeno, cetorolaco, lornoxicam, meclofenamato, meloxicam, nabumetona, naproxeno, nimesulida, oxaprozin, oxifenbutazona, fenilbutazona, pirazolaco, piroxicam, propifenazona, sulindaco, , ácido flufenâmico, ácido mefenâmico, ácido niflúmico, ácido tiaprofênico;",1,fonte2,automatica,0.65
sinergen,dipirona,"Pode interferir na concentração do anlodipino: Erva-de-São-João ( Hypericum perforatum Gravidade: Menor Pode aumentar o risco de hemorragias ou efeito antagônico à redução de pressão: aceclofenaco, dexcetoprofeno, diclofenaco, diflunisal, dipirona, etodolaco, etofenamato, fenoprofen, fentiazac, ibuprofeno, indometacina, cetoprofeno, cetorolaco, lornoxicam, meclofenamato, meloxicam, nabumetona, naproxeno, nimesulida, oxaprozin, oxifenbutazona, fenilbutazona, pirazolaco, piroxicam, propifenazona, sulindaco, , ácido flufenâmico, ácido mefenâmico, ácido niflúmico, ácido tiaprofênico;",1,fonte2,automatica,0.65
sinergen,anlodipino,"Pode interferir na concentração do anlodipino: Erva-de-São-João ( Hypericum perforatum Gravidade: Menor Pode aumentar o risco de hemorragias ou efeito antagônico à redução de pressão: aceclofenaco, dexcetoprofeno, diclofenaco, diflunisal, dipirona, etodolaco, etofenamato, fenoprofen, fentiazac, ibuprofeno, indometacina, cetoprofeno, cetorolaco, lornoxicam, meclofenamato, meloxicam, nabumetona, naproxeno, nimesulida, oxaprozin, oxifenbutazona, fenilbutazona, pirazolaco, piroxicam, propifenazona, sulindaco, , ácido flufenâmico, ácido mefenâmico, ácido niflúmico, ácido tiaprofênico;",1,fonte2,automatica,0.65
sinergen,anlodipino,"Pode reduzir a eficácia: Ephedra ( Ma Huang , tipo de planta originária da China), óleo de menta, ioimbina, suco de Não se conhece a interferência de besilato de anlodipino ou maleato de enalapril em exames laboratoriais.",1,fonte2,automatica,0.65
sinergen,enalapril,"Pode reduzir a eficácia: Ephedra ( Ma Huang , tipo de planta originária da China), óleo de menta, ioimbina, suco de Não se conhece a interferência de besilato de anlodipino ou maleato de enalapril em exames laboratoriais.",1,fonte2,automatica,0.65
solu medrol,diltiazem,"O uso com anticonvulsivantes ( ), anticolinérgicos (substâncias antagonistas da ação de fibras nervosas parassimpáticas que liberam acetilcolina), anticolinesterásicos (drogas que inibem a ação da enzima colinesterase), antidiabéticos, antieméticos, antifúngicos, antivirais (inibidores da HIV-protease), inibidor da aromatase (droga usada no tratamento do câncer de mama e ovário), bloqueadores dos canais de cálcio (diltiazem), contraceptivos orais (etinilestradiol, noretindrona), ), antibióticos da classe dos macrolídeos (troleandomicina), anti-inflamatórios não esteroidais (ácido acetilsalicílico) e agentes depletores de potássio (drogas que aumentam a perda de potássio, como por exemplo, ) pode aumentar ou diminuir a quantidade de Solu-Medrol no sangue, o que poderá resultar em alteração na posologia do medicamento, conforme critério médico.",1,fonte2,automatica,0.65
solu medrol,contraceptivos,"O uso com anticonvulsivantes ( ), anticolinérgicos (substâncias antagonistas da ação de fibras nervosas parassimpáticas que liberam acetilcolina), anticolinesterásicos (drogas que inibem a ação da enzima colinesterase), antidiabéticos, antieméticos, antifúngicos, antivirais (inibidores da HIV-protease), inibidor da aromatase (droga usada no tratamento do câncer de mama e ovário), bloqueadores dos canais de cálcio (diltiazem), contraceptivos orais (etinilestradiol, noretindrona), ), antibióticos da classe dos macrolídeos (troleandomicina), anti-inflamatórios não esteroidais (ácido acetilsalicílico) e agentes depletores de potássio (drogas que aumentam a perda de potássio, como por exemplo, ) pode aumentar ou diminuir a quantidade de Solu-Medrol no sangue, o que poderá resultar em alteração na posologia do medicamento, conforme critério médico.",1,fonte2,automatica,0.65
spidufen,ibuprofeno,O tratamento concomitante com zidovudina e ibuprofeno pode aumentar o risco de hematoses e hematomas em pacientes hemofílicos HIV(+).,1,fonte2,automatica,0.65
spidufen,ibuprofeno,O uso concomitante de ibuprofeno e tacrolimo pode aumentar o risco de nefrotoxicidade devido à redução da síntese renal de prostaglandinas.,1,fonte2,automatica,0.65
spidufen,furosemida,"O uso concomitante com medicamentos diuréticos (como furosemida e tiazídicos), inibidores da enzima conversora de angiotensina (ECA), antagonistas da angiotensina II e betabloqueadores, principalmente em pacientes com comprometimento das funções renais, como os desidratados e os idosos com as funções renais comprometidas, pode resultar em deterioração das funções renais, podendo levar a uma possível insuficiência renal aguda, geralmente reversível.",2,fonte2,automatica,0.8
spidufen,ibuprofeno,"Interações farmacocinéticas O ibuprofeno pode aumentar os níveis plasmáticos de digoxina, fenitoína, lítio e metotrexato.",1,fonte2,automatica,0.65
spidufen,digoxina,"Interações farmacocinéticas O ibuprofeno pode aumentar os níveis plasmáticos de digoxina, fenitoína, lítio e metotrexato.",1,fonte2,automatica,0.65
spidufen,metotrexato,"Interações farmacocinéticas O ibuprofeno pode aumentar os níveis plasmáticos de digoxina, fenitoína, lítio e metotrexato.",1,fonte2,automatica,0.65
stilnox,varfarina,"Outros medicamentos Quando o zolpidem foi administrado junto com a varfarina, a , a ranitidina ou a , nenhuma interação farmacocinética foi observada.",0,fonte2,automatica,0.85
stilnox,ranitidina,"Outros medicamentos Quando o zolpidem foi administrado junto com a varfarina, a , a ranitidina ou a , nenhuma interação farmacocinética foi observada.",0,fonte2,automatica,0.85
tandrilax,paracetamol,"Interações medicamentosas relacionadas ao paracetamol Interação Medicamento-Medicamento Gravidade Moderada Medicamentos como a , diflunisal e em associação com o paracetamol apresentam risco de hepatotoxicidade e neutropenia, assim como a fenitoína também pode apresentar risco aumentado de hepatotoxicidade e diminuição de eficácia do paracetamol.",2,fonte2,automatica,0.8
tandrilax,varfarina,"A associação com varfarina pode causar risco de sangramento, assim como o acenocumarol pode ter seu efeito anticoagulante potencializado.",1,fonte2,automatica,0.65
tandrilax,acenocumarol,"A associação com varfarina pode causar risco de sangramento, assim como o acenocumarol pode ter seu efeito anticoagulante potencializado.",1,fonte2,automatica,0.65
taxotere,claritromicina,"Se o uso concomitante de um potente inibidor do CYP3A4 (por exemplo, cetoconazol, itraconazol, claritromicina, indinavir, nefazodona, nelfinavir, ritonavir, saquinavir, telitromicina e voriconazol) não pode ser evitado, é necessária uma supervisão médica rigorosa e ajuste de dose de Taxotere pode ser necessário durante o tratamento com o potente inibidor de CYP3A4.",1,fonte2,automatica,0.65
taxotere,cetoconazol,"Se o uso concomitante de um potente inibidor do CYP3A4 (por exemplo, cetoconazol, itraconazol, claritromicina, indinavir, nefazodona, nelfinavir, ritonavir, saquinavir, telitromicina e voriconazol) não pode ser evitado, é necessária uma supervisão médica rigorosa e ajuste de dose de Taxotere pode ser necessário durante o tratamento com o potente inibidor de CYP3A4.",1,fonte2,automatica,0.65
taxotere,itraconazol,"Se o uso concomitante de um potente inibidor do CYP3A4 (por exemplo, cetoconazol, itraconazol, claritromicina, indinavir, nefazodona, nelfinavir, ritonavir, saquinavir, telitromicina e voriconazol) não pode ser evitado, é necessária uma supervisão médica rigorosa e ajuste de dose de Taxotere pode ser necessário durante o tratamento com o potente inibidor de CYP3A4.",1,fonte2,automatica,0.65
tecnovorin,metotrexato,"No caso de administração intratecal de metotrexato como terapia local concomitantemente com ácido folínico, a presença do metabólito tetraidrofolato, que se difunde rapidamente no líquido cefalorraquidiano, pode reduzir o efeito antineoplásico do metotrexato.",1,fonte2,automatica,0.65
tobradex,aines,O uso concomitante de esteroides tópicos e AINEs (anti-inflamatórios não-esteroidais) tópicos pode aumentar o potencial de problemas de cicatrização da córnea.,1,fonte2,automatica,0.65
topamax,carbamazepina,A adição ou descontinuação da fenitoína ou da carbamazepina ao tratamento com Topamax poderá requerer um ajuste de dose deste último.,1,fonte2,automatica,0.65
topamax,digoxina,"Outras interações medicamentosas Digoxina: Quando o Topamax for associado ou descontinuado em pacientes submetidos a tratamento com a digoxina, recomenda-se atenção à monitoração rotineira e cuidadosa das concentrações no soro de digoxina.",1,fonte2,automatica,0.65
topamax,metformina,"Metformina: Quando Topamax é administrado ou retirado em pacientes tratados com metformina, deve-se dar atenção especial à monitorização rotineira para um controle adequado do Pioglitazona: Quando Topamax é associado ao tratamento com pioglitazona ou pioglitazona é associada ao tratamento com Topamax , deve-se dar atenção especial à monitorização rotineira dos pacientes para um controle adequado do diabetes.",1,fonte2,automatica,0.65
tracleer,glibenclamida,Glibenclamida (para a ) (uma vez que esta combinação pode aumentar o risco de efeitos colaterais);,1,fonte2,automatica,0.65
tracleer,fluconazol,Fluconazol (para ) (uma vez que este medicamento pode aumentar as concentrações de Tracleer no sangue);,1,fonte2,automatica,0.65
tracleer,rifampicina,Rifampicina (para a tuberculose) (uma vez que este medicamento pode reduzir a eficácia da Tracleer Medicamentos para o tratamento da infecção por HIV.,1,fonte2,automatica,0.65
trental,insulina,O efeito hipoglicemiante da insulina ou dos antidiabéticos orais pode ser potencializado (risco aumentado de hipoglicemia) com o uso concomitante de Trental solução injetável (pentoxifilina).,1,fonte2,automatica,0.65
tygacil,varfarina,"Caso Tygacil seja administrado com a varfarina, o tempo de protrombina ou outro teste de anticoagulação adequado deve ser monitorado.",1,fonte2,automatica,0.65
tylex,varfarina,"Compostos semelhantes à varfarina Para a maioria dos pacientes, o uso ocasional de paracetamol geralmente possui pequeno ou nenhum efeito no índice de normatização internacional (INR) em pacientes recebendo tratamento crônico com varfarina; no entanto, há controvérsia em relação à possibilidade de o paracetamol potencializar os efeitos da varfarina e outros derivados cumarínicos.",1,fonte2,automatica,0.65
tylex,paracetamol,"Compostos semelhantes à varfarina Para a maioria dos pacientes, o uso ocasional de paracetamol geralmente possui pequeno ou nenhum efeito no índice de normatização internacional (INR) em pacientes recebendo tratamento crônico com varfarina; no entanto, há controvérsia em relação à possibilidade de o paracetamol potencializar os efeitos da varfarina e outros derivados cumarínicos.",1,fonte2,automatica,0.65
ulcinax,cimetidina,"A Cimetidina pode potencializar os efeitos mielossupressores (por exemplo, neutropenia, agranulocitose) de agentes quimioterápicos como , epirubicina ou de terapias, como radiação.",1,fonte2,automatica,0.65
ultracet,tramadol,"A administração de tramadol pode aumentar o risco de convulsão em pacientes tomando inibidores da monoaminaoxidase (IMAOs), neurolépticos ou outros fármacos que reduzem o O risco de convulsões também pode aumentar em pacientes com , aqueles com histórico de convulsões ou em pacientes com risco reconhecido para convulsões [tais como trauma craniano, distúrbios metabólicos , abstinência de álcool ou drogas, infecções do Sistema Nervoso Central (SNC)].",1,fonte2,automatica,0.65
ultracet,tramadol,"Na superdose de tramadol, a administração de naloxona pode aumentar o risco de convulsão.",1,fonte2,automatica,0.65
ultracet,paracetamol,Risco aumentado de hepatotoxicidade (dano no fígado) com uso de álcool Alcoólatras crônicos podem estar sob risco aumentado de toxicidade hepática com o uso excessivo de paracetamol.,2,fonte2,automatica,0.8
uni cefalexin,contraceptivos,"A cefalexina pode reduzir os efeitos de anticoncepcionais orais, por essa razão recomenda-se o uso adicional de métodos contraceptivos alternativos.",1,fonte2,automatica,0.65
uni cefalexin,probenecida,A probenecida pode aumentar e prolongar a concentração da cefalexina no sangue.,1,fonte2,automatica,0.65
uni imiprax,cimetidina,"Cimetidina, metilfenidato O metilfenidato pode aumentar a concentração plasmática dos antidepressivos tricíclicos.",1,fonte2,automatica,0.65
uni imiprax,cimetidina,"A coadministração com antagonistas dos receptores H2 da histamina, cimetidina (inibidor de diversas enzimas P450, incluindo a CYP2D6 e CYP3A4), pode aumentar as concentrações plasmáticas de antidepressivos tricíclicos.",1,fonte2,automatica,0.65
unifenobarb,fenobarbital,Associações desaconselhadas Álcool: o efeito sedativo do fenobarbital é potencializado pelo álcool.,1,fonte2,automatica,0.65
unifenobarb,fenobarbital,"Associações que requerem precaução Medicamentos que provocam aumento dos níveis plasmáticos de fenobarbital com aumento dos seus efeitos colaterais, principalmente sedação: Ácido valpróico, valpromida (inibição do catabolismo hepático; efeito mais comum em crianças);",1,fonte2,automatica,0.65
unifenobarb,fenobarbital,"Neste caso recomenda-se monitorização clínico-laboratorial (nível plasmático do fenobarbital) e, se necessário, redução da dose de fenobarbital.",1,fonte2,automatica,0.65
unifenobarb,fenobarbital,"Deve-se assim, fazer novos ajustes posológicos. * Observações Nos pacientes sob anticoagulação oral deve-se realizar monitorização regular do tempo de protrombina (TP) durante e imediatamente após o final do tratamento com fenobarbital.",1,fonte2,automatica,0.65
unifenobarb,levotiroxina,"No caso da levotiroxina recomenda-se a monitorização dos níveis séricos de T3 e T4, para adequação da dose do hormônio;",1,fonte2,automatica,0.65
unigrip,varfarina,"Porém, há controvérsias em relação à possibilidade do paracetamol potencializar a ação anticoagulante da varfarina e de outros derivados cumarínicos.",1,fonte2,automatica,0.65
unigrip,paracetamol,"Porém, há controvérsias em relação à possibilidade do paracetamol potencializar a ação anticoagulante da varfarina e de outros derivados cumarínicos.",1,fonte2,automatica,0.65
unigrip,paracetamol,"Interações medicamento-exame laboratorial O paracetamol pode interferir nos sistemas de medida da glicemia em fitas reagentes, diminuindo em até 20% os valores médios de glicose.",1,fonte2,automatica,0.65
unigrip,paracetamol,"Advertências referente ao uso com álcool O consumo de álcool afeta negativamente a função hepática e pode aumentar o risco de toxicidade no fígado com o uso de produtos que contenham paracetamol, especialmente após overdose.",1,fonte2,automatica,0.65
unimedrol,diltiazem,"O uso com anticonvulsivantes ( ), anticolinérgicos (substâncias antagonistas da ação de fibras nervosas parassimpáticas que liberam acetilcolina), anticolinesterásicos (drogas que inibem a ação da enzima colinesterase), antidiabéticos, antieméticos, antifúngicos, antivirais (inibidores da HIV-protease), inibidor da aromatase (droga usada no tratamento do câncer de mama e ovário), bloqueadores dos canais de cálcio (diltiazem), contraceptivos orais (etinilestradiol, noretindrona), imunossupressores ( ), antibióticos da classe dos macrolídeos (troleandomicina), anti-inflamatórios não esteroidais (ácido acetilsalicílico) e agentes depletores de potássio (drogas que aumentam a perda de potássio, como por exemplo, ) pode aumentar ou diminuir a quantidade de succinato sódico de metilprednisolona no sangue, o que poderá resultar em alteração na posologia do medicamento, conforme critério médico.",1,fonte2,automatica,0.65
unimedrol,contraceptivos,"O uso com anticonvulsivantes ( ), anticolinérgicos (substâncias antagonistas da ação de fibras nervosas parassimpáticas que liberam acetilcolina), anticolinesterásicos (drogas que inibem a ação da enzima colinesterase), antidiabéticos, antieméticos, antifúngicos, antivirais (inibidores da HIV-protease), inibidor da aromatase (droga usada no tratamento do câncer de mama e ovário), bloqueadores dos canais de cálcio (diltiazem), contraceptivos orais (etinilestradiol, noretindrona), imunossupressores ( ), antibióticos da classe dos macrolídeos (troleandomicina), anti-inflamatórios não esteroidais (ácido acetilsalicílico) e agentes depletores de potássio (drogas que aumentam a perda de potássio, como por exemplo, ) pode aumentar ou diminuir a quantidade de succinato sódico de metilprednisolona no sangue, o que poderá resultar em alteração na posologia do medicamento, conforme critério médico.",1,fonte2,automatica,0.65
unitidazin,fluoxetina,"Deve-se ter cautela na administração concomitante com: Levodopa, vasoconstritores adrenérgicos (por exemplo, efedrina e fenilefrina), inibidores da MAO, lítio, anti-hipertensivos e betabloqueadores, antiácidos e antidiarreicos, quinidina, anti-arrítmicos, tiazídicos, antidiabéticos, agentes anticolinérgicos, , fluoxetina, paroxetina, outros inibidores seletivos da recaptação de serotonina e , antidepressivos tricíclicos, antipsicóticos, barbitúricos e Fenotiazinas afetam o metabolismo de carboidratos e, portanto, podem interferir no controle de pacientes diabéticos.",1,fonte2,automatica,0.65
unoprost,varfarina,"O uso de mesilato de doxazosina junto com inibidores da PDE-5 (fosfodiesterase, medicamentos para o tratamento de dificuldades de ereção) deve ser feito com cautela já que, em alguns pacientes, pode ocorrer hipotensão sintomática (queda da pressão arterial com sintomas). in vitro (estudo de laboratório) indicam que a doxazosina não apresenta efeito sobre a ligação proteica da , varfarina, fenitoína ou .",1,fonte2,automatica,0.65
uroseptal,varfarina,"Quinolonas, incluindo norfloxacino, podem potencializar os efeitos do anticoagulante oral varfarina e seus derivados.",1,fonte2,automatica,0.65
valproato de sódio ems,ranitidina,"Medicamentos para os quais não foi detectada nenhuma interação ou com interação sem relevância , ranitidina, clorpromazina, , , lítio, Medicamentos com outras interações O uso concomitante de valproato de sódio e amitriptilina raramente foi associado com toxicidade.",0,fonte2,automatica,0.85
vfend,varfarina,"Recomenda-se monitoração cuidadosa do tempo de protrombina (exame de coagulação), quando a varfarina e o voriconazol forem coadministrados.",1,fonte2,automatica,0.65
vfend,acenocumarol,"No uso com anticoagulantes orais os pacientes recebendo derivados cumarínicos (ex. femprocumona, acenocumarol) que forem tratados simultaneamente com Vfend , o tempo de protrombina (tempo de coagulação do sangue) deve ser monitorado em curtos intervalos de tempo e o regime posológico dos anticoagulantes deve ser ajustado apropriadamente.",1,fonte2,automatica,0.65
vfend,anticoagulantes,"No uso com anticoagulantes orais os pacientes recebendo derivados cumarínicos (ex. femprocumona, acenocumarol) que forem tratados simultaneamente com Vfend , o tempo de protrombina (tempo de coagulação do sangue) deve ser monitorado em curtos intervalos de tempo e o regime posológico dos anticoagulantes deve ser ajustado apropriadamente.",1,fonte2,automatica,0.65
vfend,ibuprofeno,Recomenda-se ajuste de dose de alcaloides da vinca (ex. vincristina e vinblastina) seja considerado na coadministração com Vfend Recomenda-se frequentemente monitoramento de eventos adversos e toxicidade relacionada aos AINES (anti-inflamatório não esteroidais (ex. ibuprofeno e diclofenaco).,1,fonte2,automatica,0.65
vfend,aines,Recomenda-se ajuste de dose de alcaloides da vinca (ex. vincristina e vinblastina) seja considerado na coadministração com Vfend Recomenda-se frequentemente monitoramento de eventos adversos e toxicidade relacionada aos AINES (anti-inflamatório não esteroidais (ex. ibuprofeno e diclofenaco).,1,fonte2,automatica,0.65
vfend,aine,O ajuste de dose do AINE pode ser necessário.,1,fonte2,automatica,0.65
vfend,omeprazol,"Quando o tratamento com Vfend for iniciado em pacientes que já estejam recebendo omeprazol, recomenda-se que a dose de omeprazol seja reduzida à metade.",1,fonte2,automatica,0.65
vibramicina,contraceptivos,"O uso concomitante de tetraciclinas e contraceptivos orais pode reduzir a eficácia dos anticoncepcionais (conhecidos popularmente como “pílulas”) e, portanto, um método contraceptivo adicional deve ser adotado se a paciente necessitar de tratamento com Vibramicina A Vibramicina interfere com o resultado de testes laboratoriais que utilizem fluorescência.",1,fonte2,automatica,0.65
vytorin,ciclosporina,"O risco de problemas musculares pode aumentar quando Vytorin é tomado ao mesmo tempo com qualquer um dos medicamentos ou substâncias relacionados abaixo, portanto é particularmente importante informar ao seu médico se você estiver tomando: Agentes antifúngicos (como itraconazol, posaconazol, cetoconazol ou voriconazol), inibidores da protease do HIV (como indinavir, nelfinavir, ritonavir e saquinavir), agentes antivirais para hepatite C (tais como boceprevir, telaprevir, elbasvir ou grazoprevir); os antibióticos eritromicina, claritromicina, telitromicina e ácido fusídico; o antidepressivo nefazodona; medicamentos contendo cobicistate; ciclosporina; danazol; derivados do ácido fíbrico (como genfibrozila e ); amiodarona (um medicamento usado para tratar irregularidades do ritmo do coração), verapamil, diltiazem ou (medicamentos usados para tratar hipertensão, angina ou outras doenças do coração); lomitapida (um medicamento utilizado para tratar uma doença genética grave e rara de colesterol);",1,fonte2,automatica,0.65
vytorin,eritromicina,"O risco de problemas musculares pode aumentar quando Vytorin é tomado ao mesmo tempo com qualquer um dos medicamentos ou substâncias relacionados abaixo, portanto é particularmente importante informar ao seu médico se você estiver tomando: Agentes antifúngicos (como itraconazol, posaconazol, cetoconazol ou voriconazol), inibidores da protease do HIV (como indinavir, nelfinavir, ritonavir e saquinavir), agentes antivirais para hepatite C (tais como boceprevir, telaprevir, elbasvir ou grazoprevir); os antibióticos eritromicina, claritromicina, telitromicina e ácido fusídico; o antidepressivo nefazodona; medicamentos contendo cobicistate; ciclosporina; danazol; derivados do ácido fíbrico (como genfibrozila e ); amiodarona (um medicamento usado para tratar irregularidades do ritmo do coração), verapamil, diltiazem ou (medicamentos usados para tratar hipertensão, angina ou outras doenças do coração); lomitapida (um medicamento utilizado para tratar uma doença genética grave e rara de colesterol);",1,fonte2,automatica,0.65
vytorin,claritromicina,"O risco de problemas musculares pode aumentar quando Vytorin é tomado ao mesmo tempo com qualquer um dos medicamentos ou substâncias relacionados abaixo, portanto é particularmente importante informar ao seu médico se você estiver tomando: Agentes antifúngicos (como itraconazol, posaconazol, cetoconazol ou voriconazol), inibidores da protease do HIV (como indinavir, nelfinavir, ritonavir e saquinavir), agentes antivirais para hepatite C (tais como boceprevir, telaprevir, elbasvir ou grazoprevir); os antibióticos eritromicina, claritromicina, telitromicina e ácido fusídico; o antidepressivo nefazodona; medicamentos contendo cobicistate; ciclosporina; danazol; derivados do ácido fíbrico (como genfibrozila e ); amiodarona (um medicamento usado para tratar irregularidades do ritmo do coração), verapamil, diltiazem ou (medicamentos usados para tratar hipertensão, angina ou outras doenças do coração); lomitapida (um medicamento utilizado para tratar uma doença genética grave e rara de colesterol);",1,fonte2,automatica,0.65
vytorin,cetoconazol,"O risco de problemas musculares pode aumentar quando Vytorin é tomado ao mesmo tempo com qualquer um dos medicamentos ou substâncias relacionados abaixo, portanto é particularmente importante informar ao seu médico se você estiver tomando: Agentes antifúngicos (como itraconazol, posaconazol, cetoconazol ou voriconazol), inibidores da protease do HIV (como indinavir, nelfinavir, ritonavir e saquinavir), agentes antivirais para hepatite C (tais como boceprevir, telaprevir, elbasvir ou grazoprevir); os antibióticos eritromicina, claritromicina, telitromicina e ácido fusídico; o antidepressivo nefazodona; medicamentos contendo cobicistate; ciclosporina; danazol; derivados do ácido fíbrico (como genfibrozila e ); amiodarona (um medicamento usado para tratar irregularidades do ritmo do coração), verapamil, diltiazem ou (medicamentos usados para tratar hipertensão, angina ou outras doenças do coração); lomitapida (um medicamento utilizado para tratar uma doença genética grave e rara de colesterol);",1,fonte2,automatica,0.65
vytorin,itraconazol,"O risco de problemas musculares pode aumentar quando Vytorin é tomado ao mesmo tempo com qualquer um dos medicamentos ou substâncias relacionados abaixo, portanto é particularmente importante informar ao seu médico se você estiver tomando: Agentes antifúngicos (como itraconazol, posaconazol, cetoconazol ou voriconazol), inibidores da protease do HIV (como indinavir, nelfinavir, ritonavir e saquinavir), agentes antivirais para hepatite C (tais como boceprevir, telaprevir, elbasvir ou grazoprevir); os antibióticos eritromicina, claritromicina, telitromicina e ácido fusídico; o antidepressivo nefazodona; medicamentos contendo cobicistate; ciclosporina; danazol; derivados do ácido fíbrico (como genfibrozila e ); amiodarona (um medicamento usado para tratar irregularidades do ritmo do coração), verapamil, diltiazem ou (medicamentos usados para tratar hipertensão, angina ou outras doenças do coração); lomitapida (um medicamento utilizado para tratar uma doença genética grave e rara de colesterol);",1,fonte2,automatica,0.65
warfarin,varfarina,"A varfarina interage com diversos grupos de medicamentos, diminuindo ou potencializando seus efeitos.",1,fonte2,automatica,0.65
warfarin,varfarina,"A atividade da varfarina pode ser potencializada por esteroides anabólicos (como: etilestranol, metandrostenolona, noretrandolona), amiodarona, amitriptilina/nortriptilina, azapropazona, , benzafibrato, cefamandol, , hidrato de coral, , ciprofloxacino, clofibrato, cotrimoxazol, , destropropoxifeno, destrotiroxina, , neomicina, feprazona, , oxifenilbutazona, fenformina, fenilbutazona, feniramidol, quinidina, salicilatos, tolbutamida, sulfonamidas (ex: sulfafenazol, sulfinpirazona), tamoxifeno, triclofos, diflunisal, , ácido mefenâmico, , sulindaco e, possivelmente, outros analgésicos anti-inflamatórios, , ácido nalidíxico, , tetraciclinas e outros antibióticos de largo espectro, , metilfenidato, , fármacos para tratamento de disfunções da tireoide e qualquer fármaco potencialmente tóxico ao fígado;",1,fonte2,automatica,0.65
warfarin,amiodarona,"A atividade da varfarina pode ser potencializada por esteroides anabólicos (como: etilestranol, metandrostenolona, noretrandolona), amiodarona, amitriptilina/nortriptilina, azapropazona, , benzafibrato, cefamandol, , hidrato de coral, , ciprofloxacino, clofibrato, cotrimoxazol, , destropropoxifeno, destrotiroxina, , neomicina, feprazona, , oxifenilbutazona, fenformina, fenilbutazona, feniramidol, quinidina, salicilatos, tolbutamida, sulfonamidas (ex: sulfafenazol, sulfinpirazona), tamoxifeno, triclofos, diflunisal, , ácido mefenâmico, , sulindaco e, possivelmente, outros analgésicos anti-inflamatórios, , ácido nalidíxico, , tetraciclinas e outros antibióticos de largo espectro, , metilfenidato, , fármacos para tratamento de disfunções da tireoide e qualquer fármaco potencialmente tóxico ao fígado;",1,fonte2,automatica,0.65
warfarin,varfarina,"Mulheres em uso de varfarina devem consultar o médico antes do uso concomitante de creme vaginal ou supositório de miconazol, pois pode haver potencialização do efeito anticoagulante;",1,fonte2,automatica,0.65
warfarin,varfarina,"Tanto a potencialização quanto a inibição do efeito anticoagulante têm sido relatadas com fenitoína, ACTH e corticosteroides; e o sulcralfato acarretam diminuição da atividade da varfarina.",1,fonte2,automatica,0.65
warfarin,corticosteroides,"Tanto a potencialização quanto a inibição do efeito anticoagulante têm sido relatadas com fenitoína, ACTH e corticosteroides; e o sulcralfato acarretam diminuição da atividade da varfarina.",1,fonte2,automatica,0.65
welireg,contraceptivos,"Efeitos de belzutifano em outras drogas A coadministração de belzutifano com substratos da CYP3A4, incluindo contraceptivos hormonais, diminui a concentração dos substratos da CYP3A4, o que pode reduzir a eficácia destes substratos.",1,fonte2,automatica,0.65
wintomylon,varfarina,"O Ácido Nalidíxico pode aumentar os efeitos de orais, tais como a varfarina ou a bis-hidroxicumarina, pelo deslocamento de quantidade significativa desses medicamentos dos sítios de ligação na albumina sérica.",1,fonte2,automatica,0.65
wintomylon,probenecida,"A ação do Ácido Nalidíxico pode ser inibida por certos agentes bacteriostáticos como e nitrofurantoína, sendo esta última um antagonista do Ácido Nalidíxico in vitro A probenecida pode reduzir a eficácia do Ácido Nalidíxico nas infecções urinárias, e aumentar o risco de toxicidade sistêmica.",1,fonte2,automatica,0.65
xadago,tramadol,"Medicamentos opióides Safinamida é contraindicado para uso concomitante com medicamentos chamados opioides, utilizados para alívio da dor, como por exemplo meperidina, metadona, propoxifeno, tramadol.",2,fonte2,automatica,0.9
xeljanz,cetoconazol,"Cautela ao utilizar o produto em associação ao cetoconazol, fluconazol e rifampicina.",1,fonte2,automatica,0.65
xeljanz,fluconazol,"Cautela ao utilizar o produto em associação ao cetoconazol, fluconazol e rifampicina.",1,fonte2,automatica,0.65
xeljanz,rifampicina,"Cautela ao utilizar o produto em associação ao cetoconazol, fluconazol e rifampicina.",1,fonte2,automatica,0.65
xeloda,varfarina,"Interação medicamentosa: quais os efeitos de tomar Xeloda com outros remédios? : avise seu médico se estiver tomando anticoagulantes como varfarina e , pois o uso desses medicamentos em combinação com Xeloda pode alterar a coagulação.",1,fonte2,automatica,0.65
xeloda,anticoagulantes,"Interação medicamentosa: quais os efeitos de tomar Xeloda com outros remédios? : avise seu médico se estiver tomando anticoagulantes como varfarina e , pois o uso desses medicamentos em combinação com Xeloda pode alterar a coagulação.",1,fonte2,automatica,0.65
xigduo xr,metformina,O álcool potencializa o efeito da metformina.,1,fonte2,automatica,0.65
xolair,corticosteroides,"Solução injetável / Pó liofilizado Informe seu médico ou farmacêutico se você está tomando ou tomou recentemente qualquer outro medicamento, mesmo aqueles sem prescrição médica. pode ser usado junto com corticosteroides inalatórios e/ou intranasais e outros medicamentos para asma alérgica e/ou rinossinusite crônica com pólipos nasais, bem como com anti-histamínicos H1 e H2 e LTRAs (antagonistas do receptor de leucotrienos) para urticária crônica espontânea, mas mesmo assim é importante informar o seu médico que você está tomando estes medicamentos antes da administração de Xolair Informe ao seu médico ou cirurgião-dentista se você está fazendo uso de algum outro medicamento.",0,fonte2,automatica,0.85
xtandi,amiodarona,"Tratar distúrbios estomacais (ex: Prevenir afecções cardíacas ou acidentes vasculares ( etexilato de dabigatrana Xtandi pode interferir em alguns medicamentos usados para tratar problemas no ritmo cardíaco (por exemplo, quinidina, procainamida, amiodarona e sotalol) ou aumentar o risco de problemas no ritmo cardíaco quando usado com certos medicamentos (por exemplo, , usado para aliviar a dor e como parte da desintoxicação por dependência química), moxifloxacino (um antibiótico), antipsicóticos (usados para doenças mentais graves).",1,fonte2,automatica,0.65
xultophy,varfarina,"Informe o seu médico se você estiver tomando varfarina ou outros “afinadores” do sangue, pois você pode precisar de um monitoramento mais frequente para medir o quão espesso o seu sangue está (chamado de ‘Razão Normalizada Internacional’ ou teste INR). com álcool Se você tomar bebidas alcoólicas, sua necessidade de Xultophy pode mudar.",1,fonte2,automatica,0.65
xylestesin spray,amiodarona,Deve-se ter precaução na administração de lidocaína com fármacos antiarrítmicos classe III (ex: amiodarona).,1,fonte2,automatica,0.65
yesom,varfarina,Monitoramento cuidadoso é recomendado quando o tratamento com a varfarina ou outros derivados cumarínicos for iniciado ou finalizado.,1,fonte2,automatica,0.65
yesom,omeprazol,O aumento do pH gástrico durante o tratamento com omeprazol pode alterar a absorção do fármaco antirretroviral.,1,fonte2,automatica,0.65
zarator,ciclosporina,"A administração concomitante de Zarator com medicamentos inibidores do citocromo P450 3A4 ou indutores do citocromo P450 3A4 (sistemas de quebra de vários medicamentos) (por ex., ciclosporina, eritromicina/claritromicina, inibidores da protease, cloridrato de diltiazem , suco de ) pode alterar a quantidade de atorvastatina no sangue.",1,fonte2,automatica,0.65
zarator,eritromicina,"A administração concomitante de Zarator com medicamentos inibidores do citocromo P450 3A4 ou indutores do citocromo P450 3A4 (sistemas de quebra de vários medicamentos) (por ex., ciclosporina, eritromicina/claritromicina, inibidores da protease, cloridrato de diltiazem , suco de ) pode alterar a quantidade de atorvastatina no sangue.",1,fonte2,automatica,0.65
zarator,claritromicina,"A administração concomitante de Zarator com medicamentos inibidores do citocromo P450 3A4 ou indutores do citocromo P450 3A4 (sistemas de quebra de vários medicamentos) (por ex., ciclosporina, eritromicina/claritromicina, inibidores da protease, cloridrato de diltiazem , suco de ) pode alterar a quantidade de atorvastatina no sangue.",1,fonte2,automatica,0.65
zarator,atorvastatina,"A administração concomitante de Zarator com medicamentos inibidores do citocromo P450 3A4 ou indutores do citocromo P450 3A4 (sistemas de quebra de vários medicamentos) (por ex., ciclosporina, eritromicina/claritromicina, inibidores da protease, cloridrato de diltiazem , suco de ) pode alterar a quantidade de atorvastatina no sangue.",1,fonte2,automatica,0.65
zarator,diltiazem,"A administração concomitante de Zarator com medicamentos inibidores do citocromo P450 3A4 ou indutores do citocromo P450 3A4 (sistemas de quebra de vários medicamentos) (por ex., ciclosporina, eritromicina/claritromicina, inibidores da protease, cloridrato de diltiazem , suco de ) pode alterar a quantidade de atorvastatina no sangue.",1,fonte2,automatica,0.65
zelix,eritromicina,"Cisaprida, astemizol, pimozida, quinidina, eritromicina e terfenadina são contraindicados para uso concomitante com Zelix 150mg.",2,fonte2,automatica,0.9
zelix,amiodarona,Amiodarona: o uso de amiodarona com Zelix 150 mg pode aumentar o intervalo QT (alteração em exame do coração).,1,fonte2,automatica,0.65
zelix,amiodarona,"Deve-se evitar ou ter cautela se o uso de Zelix 150 mg com amiodarona for necessário, especialmente com alta dose de Zelix (800 mg);",1,fonte2,automatica,0.65
zelix,fluconazol,Evitar o uso de Zelix com lemborexante; pode aumentar as concentrações sanguíneas (quantidade da medicação no sangue) de fluconazol; : o uso com fluconazol pode aumentar as concentrações sanguíneas (quantidade da medicação no sangue) de teofilina;,1,fonte2,automatica,0.65
zelix,losartana,"Abrocitinibe, tofacitinibe, , fenitoína, , saquinavir, , alcaloides da vinca, , antidepressivos tricíclicos (como a amitriptilina, por exemplo), antiinflamatórios não esteroidais, bloqueadores do canal de cálcio, losartana, , halofantrina e outros medicamentos metabolizados (transformados) pelo fígado podem ter sua concentração sanguínea aumentada; usada com Zelix 150 mg pode aumentar a quantidade de creatinina (substância produzida pelo rim) e bilirrubinas (substâncias produzidas pelo fígado);",1,fonte2,automatica,0.65
zelix,atorvastatina,"Medicamentos inibidores da HMG-CoA redutase (p. ex.: , atorvastatina) usados com Zelix 150 mg podem aumentar o risco do paciente evoluir com dor muscular (miopatia) e morte das células musculares (rabdomiólise); deve ter sua dose reduzida quando coadministrado com Zelix 150 mg, conforme instruído na bula e recomendado pelo seu médico;",2,fonte2,automatica,0.8
zetsim,ciclosporina,"O risco de problemas musculares pode aumentar quando Zetsim é tomado ao mesmo tempo com qualquer um dos medicamentos ou substâncias relacionados abaixo, portanto é particularmente importante informar ao seu médico se você estiver tomando: Agentes antifúngicos (como itraconazol, posaconazol, cetoconazol ou voriconazol), inibidores da protease do HIV (como indinavir, nelfinavir, ritonavir e saquinavir), agentes antivirais para hepatite C (tais como boceprevir, telaprevir, elbasvir ou grazoprevir); os antibióticos eritromicina, claritromicina, telitromicina e ácido fusídico; o antidepressivo nefazodona; medicamentos contendo cobicistate; ciclosporina; danazol; derivados do ácido fíbrico (como genfibrozila e ); amiodarona (um medicamento usado para tratar irregularidades do ritmo do coração), verapamil, diltiazem ou (medicamentos usados para tratar hipertensão, angina ou outras doenças do coração); lomitapida (um medicamento utilizado para tratar uma doença genética grave e rara de colesterol);",1,fonte2,automatica,0.65
zetsim,eritromicina,"O risco de problemas musculares pode aumentar quando Zetsim é tomado ao mesmo tempo com qualquer um dos medicamentos ou substâncias relacionados abaixo, portanto é particularmente importante informar ao seu médico se você estiver tomando: Agentes antifúngicos (como itraconazol, posaconazol, cetoconazol ou voriconazol), inibidores da protease do HIV (como indinavir, nelfinavir, ritonavir e saquinavir), agentes antivirais para hepatite C (tais como boceprevir, telaprevir, elbasvir ou grazoprevir); os antibióticos eritromicina, claritromicina, telitromicina e ácido fusídico; o antidepressivo nefazodona; medicamentos contendo cobicistate; ciclosporina; danazol; derivados do ácido fíbrico (como genfibrozila e ); amiodarona (um medicamento usado para tratar irregularidades do ritmo do coração), verapamil, diltiazem ou (medicamentos usados para tratar hipertensão, angina ou outras doenças do coração); lomitapida (um medicamento utilizado para tratar uma doença genética grave e rara de colesterol);",1,fonte2,automatica,0.65
zetsim,claritromicina,"O risco de problemas musculares pode aumentar quando Zetsim é tomado ao mesmo tempo com qualquer um dos medicamentos ou substâncias relacionados abaixo, portanto é particularmente importante informar ao seu médico se você estiver tomando: Agentes antifúngicos (como itraconazol, posaconazol, cetoconazol ou voriconazol), inibidores da protease do HIV (como indinavir, nelfinavir, ritonavir e saquinavir), agentes antivirais para hepatite C (tais como boceprevir, telaprevir, elbasvir ou grazoprevir); os antibióticos eritromicina, claritromicina, telitromicina e ácido fusídico; o antidepressivo nefazodona; medicamentos contendo cobicistate; ciclosporina; danazol; derivados do ácido fíbrico (como genfibrozila e ); amiodarona (um medicamento usado para tratar irregularidades do ritmo do coração), verapamil, diltiazem ou (medicamentos usados para tratar hipertensão, angina ou outras doenças do coração); lomitapida (um medicamento utilizado para tratar uma doença genética grave e rara de colesterol);",1,fonte2,automatica,0.65
zetsim,cetoconazol,"O risco de problemas musculares pode aumentar quando Zetsim é tomado ao mesmo tempo com qualquer um dos medicamentos ou substâncias relacionados abaixo, portanto é particularmente importante informar ao seu médico se você estiver tomando: Agentes antifúngicos (como itraconazol, posaconazol, cetoconazol ou voriconazol), inibidores da protease do HIV (como indinavir, nelfinavir, ritonavir e saquinavir), agentes antivirais para hepatite C (tais como boceprevir, telaprevir, elbasvir ou grazoprevir); os antibióticos eritromicina, claritromicina, telitromicina e ácido fusídico; o antidepressivo nefazodona; medicamentos contendo cobicistate; ciclosporina; danazol; derivados do ácido fíbrico (como genfibrozila e ); amiodarona (um medicamento usado para tratar irregularidades do ritmo do coração), verapamil, diltiazem ou (medicamentos usados para tratar hipertensão, angina ou outras doenças do coração); lomitapida (um medicamento utilizado para tratar uma doença genética grave e rara de colesterol);",1,fonte2,automatica,0.65
zetsim,itraconazol,"O risco de problemas musculares pode aumentar quando Zetsim é tomado ao mesmo tempo com qualquer um dos medicamentos ou substâncias relacionados abaixo, portanto é particularmente importante informar ao seu médico se você estiver tomando: Agentes antifúngicos (como itraconazol, posaconazol, cetoconazol ou voriconazol), inibidores da protease do HIV (como indinavir, nelfinavir, ritonavir e saquinavir), agentes antivirais para hepatite C (tais como boceprevir, telaprevir, elbasvir ou grazoprevir); os antibióticos eritromicina, claritromicina, telitromicina e ácido fusídico; o antidepressivo nefazodona; medicamentos contendo cobicistate; ciclosporina; danazol; derivados do ácido fíbrico (como genfibrozila e ); amiodarona (um medicamento usado para tratar irregularidades do ritmo do coração), verapamil, diltiazem ou (medicamentos usados para tratar hipertensão, angina ou outras doenças do coração); lomitapida (um medicamento utilizado para tratar uma doença genética grave e rara de colesterol);",1,fonte2,automatica,0.65
zinacef,furosemida,"Tratamentos de alta dose com cefalosporinas devem ser realizados com cautela em pacientes que administram diuréticos de forte ação (como furosemida) ou possíveis preparações nefrotóxicas (como antibióticos aminoglicosídeos), uma vez que não pode ser descartado comprometimento da função renal através dessas associações.",1,fonte2,automatica,0.65
zinacef,furosemida,"Tratamento concomitante com diuréticos potentes ou aminoglicosídeos Antibióticos cefalosporínicos em altas doses devem ser administrados com cautela a pacientes que recebem tratamento concomitante com diuréticos (medicamentos usados para eliminar líquido do corpo) potentes, como furosemida ou aminoglicosídeos.",1,fonte2,automatica,0.65
zitromax iv,atorvastatina,"IV não deve ser administrado em conjunto com: e derivados do Deve-se monitorar (acompanhamento médico e exames de sangue avaliando niveis terapêuticos das medicações) pacientes que utilizam Zitromax IV conjuntamente com (medicação que inibe o processo de coagulação) orais do tipo cumarínicos e Não há necessidade de ajuste de dose quando Zitromax IV for utilizado com os seguintes fármacos: Cetirizina, didanosina, atorvastatina, , m etilprednisolona, midazolam, nelfinavir, , sildenafila, terfenadina, , triazolam, trimetoprima/sulfametoxazol.",2,fonte2,automatica,0.8
zitromil,varfarina,"Foi realizado um estudo de farmacocinética para avaliar os efeitos de dose única de cimetidina administrada duas horas antes da Azitromicina Di-Hidratada, neste estudo não foram observadas quaisquer alterações na farmacocinética da Azitromicina Di-Hidratada. orais do tipo cumarínicos Em um estudo de interação farmacocinética, a Azitromicina Di-Hidratada não alterou o efeito anticoagulante de uma dose única de 15 mg de varfarina, quando administrada a voluntários sadios.",0,fonte2,automatica,0.85
zitromil,cimetidina,"Foi realizado um estudo de farmacocinética para avaliar os efeitos de dose única de cimetidina administrada duas horas antes da Azitromicina Di-Hidratada, neste estudo não foram observadas quaisquer alterações na farmacocinética da Azitromicina Di-Hidratada. orais do tipo cumarínicos Em um estudo de interação farmacocinética, a Azitromicina Di-Hidratada não alterou o efeito anticoagulante de uma dose única de 15 mg de varfarina, quando administrada a voluntários sadios.",0,fonte2,automatica,0.85
zitromil,anticoagulantes,"No período pós-comercialização foram recebidos relatos de potencialização da anticoagulação, subsequente à coadministração de Azitromicina Di-Hidratada e anticoagulantes orais do tipo cumarínicos.",1,fonte2,automatica,0.65
zoltec,eritromicina,"Cisaprida, astemizol, pimozida, quinidina, eritromicina e terfenadina são contraindicados para uso concomitante com Zoltec .",2,fonte2,automatica,0.9
zoltec,amiodarona,Amiodarona administrada concomitantemente com Zoltec pode aumentar o prolongamento intervalo do QT.,1,fonte2,automatica,0.65
zoltec,amiodarona,"Deve-se ter cautela se o uso concomitante de Zoltec e amiodarona for necessário, especialmente com alta dose de Zoltec Lemborexante: o uso de lemborexante com Zoltec pode elevar as concentrações sanguíneas de lemborexante e aumentar o risco de reações adversas, como sonolência.",1,fonte2,automatica,0.65
zoltec,fluconazol,Evitar o uso de Zoltec com lemborexante; pode aumentar as concentrações sanguíneas (quantidade da medicação no sangue) de fluconazol; : o uso com fluconazol pode aumentar as concentrações sanguíneas (quantidade da medicação no sangue) de teofilina;,1,fonte2,automatica,0.65
zoltec,losartana,"Abrocitinibe, tofacitinibe, , fenitoína, , saquinavir, , alcaloides da vinca, , antidepressivos tricíclicos (como a amitriptilina, por exemplo), anti-inflamatórios não esteroidais, bloqueadores do canal de cálcio, losartana, , halofantrina e outros medicamentos metabolizados (transformados) pelo fígado podem ter sua concentração sanguínea aumentada; usada com Zoltec pode aumentar a quantidade de creatinina (substância produzida pelo rim) e bilirrubinas (substâncias produzidas pelo fígado);",1,fonte2,automatica,0.65
zoltec,atorvastatina,"Medicamentos inibidores da HMG-CoA redutase (p.ex.: , atorvastatina) usados com Zoltec podem aumentar o risco do paciente evoluir com dor muscular (miopatia) e morte das células musculares (rabdomiólise); deve ter sua dose reduzida quando coadministrado com Zoltec , conforme instruído na bula e recomendado pelo seu médico;",2,fonte2,automatica,0.8
zotecan,cetoconazol,O cetoconazol deve ser descontinuado pelo menos 1 semana antes de iniciar o tratamento com Zotecan e não deve ser administrado durante a terapia com irinotecano.,2,fonte2,automatica,0.8
zyfloxin,fluoxetina,Zyfloxin (cloridrato de fluoxetina) pode ser administrado com sem que interações ocorram.,0,fonte2,automatica,0.85
zyloric,alopurinol,"O alopurinol pode aumentar os níveis e efeitos das seguintes substâncias: , didanosina, , pivampicilina, derivados da , antagonistas da vitamina K orais cumarínicos).",1,fonte2,automatica,0.65
zyvalprex,metotrexato,"Os prescritores devem monitorar a resposta clínica (controle da convulsão ou controle do humor) e considerar o monitoramento dos níveis séricos de valproato conforme apropriado. : Alguns relatos de casos descrevem uma diminuição significativa dos níveis séricos de valproato após a administração de metotrexato, com ocorrência de convulsões.",1,fonte2,automatica,0.75
zyvalprex,ranitidina,"Medicamentos para os quais não foi detectada nenhuma interação ou com interação sem relevância , ranitidina, clorpromazina, , lítio, Medicamentos com outras interações Amitriptilina/nortriptilina: o uso concomitante de divalproato de sódio e amitriptilina raramente foi associado com toxicidade.",0,fonte2,automatica,0.85
zyvalprex,valproico,"Portanto, quando administrado em conjunto com divalproato de sódio, a dose de propofol deve ser reduzida; : tratamento em conjunto com ácido valproico pode aumentar a concentração sanguínea de nimodipino até 50%;",1,fonte2,automatica,0.65
zyvalprex,quetiapina,Quetiapina: conjunto com divalproato de sódio pode aumentar o risco de neutropenia (redução no número de neutrófilos no sangue) ou leucopenia (redução no número de leucócitos no sangue).,1,fonte2,automatica,0.65
