medicamento_alvo,medicamento_outro,contexto,classe,fonte,origem,confianca
omize,carbamazepina,"O levomefolato de cálcio apresenta interação moderada, diminuindo a eficácia de algum dos ativos, quando utilizado com pirimetamina, fenobarbital, agentes anti- inflamatórios não esteroides, metotrexato, ácido valpróico, fenitoína, primidona e carbamazepina e ainda apresenta interação secundária quando utilizado com pancreatina, pancrelipase, levodopa, colchicina, triamterene, colestipol, sulfasalazina, trimetoprima , pentamidina, colestiramina, álcool e tabaco .",1,fonte1,manual,1.0
omize,metotrexato,"O levomefolato de cálcio apresenta interação moderada, diminuindo a eficácia de algum dos ativos, quando utilizado com pirimetamina, fenobarbital, agentes anti- inflamatórios não esteroides, metotrexato, ácido valpróico, fenitoína, primidona e carbamazepina e ainda apresenta interação secundária quando utilizado com pancreatina, pancrelipase, levodopa, colchicina, triamterene, colestipol, sulfasalazina, trimetoprima , pentamidina, colestiramina, álcool e tabaco .",1,fonte1,manual,1.0
omize,fenobarbital,"O levomefolato de cálcio apresenta interação moderada, diminuindo a eficácia de algum dos ativos, quando utilizado com pirimetamina, fenobarbital, agentes anti- inflamatórios não esteroides, metotrexato, ácido valpróico, fenitoína, primidona e carbamazepina e ainda apresenta interação secundária quando utilizado com pancreatina, pancrelipase, levodopa, colchicina, triamterene, colestipol, sulfasalazina, trimetoprima , pentamidina, colestiramina, álcool e tabaco .",1,fonte1,manual,1.0
omize,colchicina,"O levomefolato de cálcio apresenta interação moderada, diminuindo a eficácia de algum dos ativos, quando utilizado com pirimetamina, fenobarbital, agentes anti- inflamatórios não esteroides, metotrexato, ácido valpróico, fenitoína, primidona e carbamazepina e ainda apresenta interação secundária quando utilizado com pancreatina, pancrelipase, levodopa, colchicina, triamterene, colestipol, sulfasalazina, trimetoprima , pentamidina, colestiramina, álcool e tabaco .",1,fonte1,manual,1.0
omize,colestipol,"O levomefolato de cálcio apresenta interação moderada, diminuindo a eficácia de algum dos ativos, quando utilizado com pirimetamina, fenobarbital, agentes anti- inflamatórios não esteroides, metotrexato, ácido valpróico, fenitoína, primidona e carbamazepina e ainda apresenta interação secundária quando utilizado com pancreatina, pancrelipase, levodopa, colchicina, triamterene, colestipol, sulfasalazina, trimetoprima , pentamidina, colestiramina, álcool e tabaco .",1,fonte1,manual,1.0
acebrofilina,alopurinol,"O uso concomitante de acebrofilina com antibióticos macrolídeos (eritromicina), algumas quinolonas como norfloxacino e ciprofloxacino, antihistamínicos H2 (cimetidina, ranitidina, famotidina), alopurinol, diltiazem e ipriflavona, pode retardar a eliminação da teofilina, aumentando o risco de intoxicação pela mesma.",1,fonte1,manual,1.0
acebrofilina,eritromicina,"O uso concomitante de acebrofilina com antibióticos macrolídeos (eritromicina), algumas quinolonas como norfloxacino e ciprofloxacino, antihistamínicos H2 (cimetidina, ranitidina, famotidina), alopurinol, diltiazem e ipriflavona, pode retardar a eliminação da teofilina, aumentando o risco de intoxicação pela mesma.",1,fonte1,manual,1.0
acebrofilina,diltiazem,"O uso concomitante de acebrofilina com antibióticos macrolídeos (eritromicina), algumas quinolonas como norfloxacino e ciprofloxacino, antihistamínicos H2 (cimetidina, ranitidina, famotidina), alopurinol, diltiazem e ipriflavona, pode retardar a eliminação da teofilina, aumentando o risco de intoxicação pela mesma.",1,fonte1,manual,1.0
acebrofilina,cimetidina,"O uso concomitante de acebrofilina com antibióticos macrolídeos (eritromicina), algumas quinolonas como norfloxacino e ciprofloxacino, antihistamínicos H2 (cimetidina, ranitidina, famotidina), alopurinol, diltiazem e ipriflavona, pode retardar a eliminação da teofilina, aumentando o risco de intoxicação pela mesma.",1,fonte1,manual,1.0
acebrofilina,ranitidina,"O uso concomitante de acebrofilina com antibióticos macrolídeos (eritromicina), algumas quinolonas como norfloxacino e ciprofloxacino, antihistamínicos H2 (cimetidina, ranitidina, famotidina), alopurinol, diltiazem e ipriflavona, pode retardar a eliminação da teofilina, aumentando o risco de intoxicação pela mesma.",1,fonte1,manual,1.0
losartana potassica,varfarina,"INTE RAÇÕES MED ICAMENTO SAS Nos est udos clínicos de farmacocinética realiza dos com hidroclorotiazida, digoxina, varfarina, cimetidina, fe nobarbital, cetoconazol e eritromicina, não foram identificadas interações me dicamentosas de importância clínica.",0,fonte1,manual,1.0
losartana potassica,eritromicina,"INTE RAÇÕES MED ICAMENTO SAS Nos est udos clínicos de farmacocinética realiza dos com hidroclorotiazida, digoxina, varfarina, cimetidina, fe nobarbital, cetoconazol e eritromicina, não foram identificadas interações me dicamentosas de importância clínica.",0,fonte1,manual,1.0
losartana potassica,digoxina,"INTE RAÇÕES MED ICAMENTO SAS Nos est udos clínicos de farmacocinética realiza dos com hidroclorotiazida, digoxina, varfarina, cimetidina, fe nobarbital, cetoconazol e eritromicina, não foram identificadas interações me dicamentosas de importância clínica.",0,fonte1,manual,1.0
losartana potassica,cetoconazol,"INTE RAÇÕES MED ICAMENTO SAS Nos est udos clínicos de farmacocinética realiza dos com hidroclorotiazida, digoxina, varfarina, cimetidina, fe nobarbital, cetoconazol e eritromicina, não foram identificadas interações me dicamentosas de importância clínica.",0,fonte1,manual,1.0
losartana potassica,hidroclorotiazida,"INTE RAÇÕES MED ICAMENTO SAS Nos est udos clínicos de farmacocinética realiza dos com hidroclorotiazida, digoxina, varfarina, cimetidina, fe nobarbital, cetoconazol e eritromicina, não foram identificadas interações me dicamentosas de importância clínica.",0,fonte1,manual,1.0
enantato de noretisterona valerato de estradiol,eritromicina,"Essas alterações podem ser clinicamente relevantes em alguns casos. - Substâncias que reduzem a depuração dos CICs (inibidores enzimáticos) Inibidores potentes e moderados da CYP3A4, tais como antifúngicos azólicos (por exemplo, fluconazol, itraconazol, cetoconazol e voriconazol), verapamil, macrolídeos (por exemplo, claritromicina, eritromicina), diltiazem e suco de toranja ( grapefruit ) podem aumentar as concentrações plasmáticas de estrogênios ou de progestágenos ou de ambos. - Efeitos dos CICs sobre outros medicamentos Os contraceptivos hormonais podem interferir no metabolismo de outros fármacos.",1,fonte1,manual,1.0
enantato de noretisterona valerato de estradiol,claritromicina,"Essas alterações podem ser clinicamente relevantes em alguns casos. - Substâncias que reduzem a depuração dos CICs (inibidores enzimáticos) Inibidores potentes e moderados da CYP3A4, tais como antifúngicos azólicos (por exemplo, fluconazol, itraconazol, cetoconazol e voriconazol), verapamil, macrolídeos (por exemplo, claritromicina, eritromicina), diltiazem e suco de toranja ( grapefruit ) podem aumentar as concentrações plasmáticas de estrogênios ou de progestágenos ou de ambos. - Efeitos dos CICs sobre outros medicamentos Os contraceptivos hormonais podem interferir no metabolismo de outros fármacos.",1,fonte1,manual,1.0
enantato de noretisterona valerato de estradiol,cetoconazol,"Essas alterações podem ser clinicamente relevantes em alguns casos. - Substâncias que reduzem a depuração dos CICs (inibidores enzimáticos) Inibidores potentes e moderados da CYP3A4, tais como antifúngicos azólicos (por exemplo, fluconazol, itraconazol, cetoconazol e voriconazol), verapamil, macrolídeos (por exemplo, claritromicina, eritromicina), diltiazem e suco de toranja ( grapefruit ) podem aumentar as concentrações plasmáticas de estrogênios ou de progestágenos ou de ambos. - Efeitos dos CICs sobre outros medicamentos Os contraceptivos hormonais podem interferir no metabolismo de outros fármacos.",1,fonte1,manual,1.0
enantato de noretisterona valerato de estradiol,fluconazol,"Essas alterações podem ser clinicamente relevantes em alguns casos. - Substâncias que reduzem a depuração dos CICs (inibidores enzimáticos) Inibidores potentes e moderados da CYP3A4, tais como antifúngicos azólicos (por exemplo, fluconazol, itraconazol, cetoconazol e voriconazol), verapamil, macrolídeos (por exemplo, claritromicina, eritromicina), diltiazem e suco de toranja ( grapefruit ) podem aumentar as concentrações plasmáticas de estrogênios ou de progestágenos ou de ambos. - Efeitos dos CICs sobre outros medicamentos Os contraceptivos hormonais podem interferir no metabolismo de outros fármacos.",1,fonte1,manual,1.0
enantato de noretisterona valerato de estradiol,itraconazol,"Essas alterações podem ser clinicamente relevantes em alguns casos. - Substâncias que reduzem a depuração dos CICs (inibidores enzimáticos) Inibidores potentes e moderados da CYP3A4, tais como antifúngicos azólicos (por exemplo, fluconazol, itraconazol, cetoconazol e voriconazol), verapamil, macrolídeos (por exemplo, claritromicina, eritromicina), diltiazem e suco de toranja ( grapefruit ) podem aumentar as concentrações plasmáticas de estrogênios ou de progestágenos ou de ambos. - Efeitos dos CICs sobre outros medicamentos Os contraceptivos hormonais podem interferir no metabolismo de outros fármacos.",1,fonte1,manual,1.0
losartana potassica hidroclorotiazida,varfarina,"INTERAÇÕES MEDICAMENTOSAS losartana Não foram identificadas interações medicamentosas de significado clínico com os seguintes c ompostos avaliados nos estudos de farmacocinética clínica: hidroclorotiazida, digoxina, varfarina, cimetidina, fenobarbital (vide Hidroclorotiazida, Álcool, Barbituratos ou Narcóticos , a seguir), cetoconazol e eritromicina.",0,fonte1,manual,1.0
losartana potassica hidroclorotiazida,eritromicina,"INTERAÇÕES MEDICAMENTOSAS losartana Não foram identificadas interações medicamentosas de significado clínico com os seguintes c ompostos avaliados nos estudos de farmacocinética clínica: hidroclorotiazida, digoxina, varfarina, cimetidina, fenobarbital (vide Hidroclorotiazida, Álcool, Barbituratos ou Narcóticos , a seguir), cetoconazol e eritromicina.",0,fonte1,manual,1.0
losartana potassica hidroclorotiazida,losartana,"INTERAÇÕES MEDICAMENTOSAS losartana Não foram identificadas interações medicamentosas de significado clínico com os seguintes c ompostos avaliados nos estudos de farmacocinética clínica: hidroclorotiazida, digoxina, varfarina, cimetidina, fenobarbital (vide Hidroclorotiazida, Álcool, Barbituratos ou Narcóticos , a seguir), cetoconazol e eritromicina.",0,fonte1,manual,1.0
losartana potassica hidroclorotiazida,digoxina,"INTERAÇÕES MEDICAMENTOSAS losartana Não foram identificadas interações medicamentosas de significado clínico com os seguintes c ompostos avaliados nos estudos de farmacocinética clínica: hidroclorotiazida, digoxina, varfarina, cimetidina, fenobarbital (vide Hidroclorotiazida, Álcool, Barbituratos ou Narcóticos , a seguir), cetoconazol e eritromicina.",0,fonte1,manual,1.0
losartana potassica hidroclorotiazida,cetoconazol,"INTERAÇÕES MEDICAMENTOSAS losartana Não foram identificadas interações medicamentosas de significado clínico com os seguintes c ompostos avaliados nos estudos de farmacocinética clínica: hidroclorotiazida, digoxina, varfarina, cimetidina, fenobarbital (vide Hidroclorotiazida, Álcool, Barbituratos ou Narcóticos , a seguir), cetoconazol e eritromicina.",0,fonte1,manual,1.0
dienogeste,eritromicina,"Inibidores potentes e moderados do CYP3A4, tais como antifúngicos azólicos (por exemplo, itraconazol, voriconazol, fluconazol), verapamil, macrolídeos (por exemplo, claritromicina, eritromicina), diltiazem e suco de toranja ( grapefruit ) podem aumentar as concentrações plasmáticas desta progestina.",1,fonte1,manual,1.0
dienogeste,claritromicina,"Inibidores potentes e moderados do CYP3A4, tais como antifúngicos azólicos (por exemplo, itraconazol, voriconazol, fluconazol), verapamil, macrolídeos (por exemplo, claritromicina, eritromicina), diltiazem e suco de toranja ( grapefruit ) podem aumentar as concentrações plasmáticas desta progestina.",1,fonte1,manual,1.0
dienogeste,fluconazol,"Inibidores potentes e moderados do CYP3A4, tais como antifúngicos azólicos (por exemplo, itraconazol, voriconazol, fluconazol), verapamil, macrolídeos (por exemplo, claritromicina, eritromicina), diltiazem e suco de toranja ( grapefruit ) podem aumentar as concentrações plasmáticas desta progestina.",1,fonte1,manual,1.0
dienogeste,itraconazol,"Inibidores potentes e moderados do CYP3A4, tais como antifúngicos azólicos (por exemplo, itraconazol, voriconazol, fluconazol), verapamil, macrolídeos (por exemplo, claritromicina, eritromicina), diltiazem e suco de toranja ( grapefruit ) podem aumentar as concentrações plasmáticas desta progestina.",1,fonte1,manual,1.0
dienogeste,diltiazem,"Inibidores potentes e moderados do CYP3A4, tais como antifúngicos azólicos (por exemplo, itraconazol, voriconazol, fluconazol), verapamil, macrolídeos (por exemplo, claritromicina, eritromicina), diltiazem e suco de toranja ( grapefruit ) podem aumentar as concentrações plasmáticas desta progestina.",1,fonte1,manual,1.0
lamotrigina,paracetamol,"Tabela 1: Efeito de drogas na concentração da lamotrigina (ver Posologia e Modo de Usar): Drogas que aumentam a concentração da lamotrigina Drogas que reduzem a concentração da lamotrigina Drogas que têm pouco ou nenhum efeito na concentração da lamo trigina Valproato carbamazepina lítio fenitoína bupropiona primidona olanzapina fenobarbitona oxcarbazepina rifampicina felbamato lopinavir/ritonavir gabapentina atazanavir/ritonavir* levetiracetam Associação de etinilestradiol/levonorgestrel** pregabalina topiramato zonisamida aripiprazol lacosamida perampanel paracetamol *Para orientações de dosagem, ver Posologia e Modo de Usar – Recomendações gerais para populações de pacientes especiais, adicionalmente para mulheres tomando contraceptivos orais ver também Advertências e Precauções – Contraceptivos hormonais.",1,fonte1,manual,1.0
lamotrigina,carbamazepina,"Tabela 1: Efeito de drogas na concentração da lamotrigina (ver Posologia e Modo de Usar): Drogas que aumentam a concentração da lamotrigina Drogas que reduzem a concentração da lamotrigina Drogas que têm pouco ou nenhum efeito na concentração da lamo trigina Valproato carbamazepina lítio fenitoína bupropiona primidona olanzapina fenobarbitona oxcarbazepina rifampicina felbamato lopinavir/ritonavir gabapentina atazanavir/ritonavir* levetiracetam Associação de etinilestradiol/levonorgestrel** pregabalina topiramato zonisamida aripiprazol lacosamida perampanel paracetamol *Para orientações de dosagem, ver Posologia e Modo de Usar – Recomendações gerais para populações de pacientes especiais, adicionalmente para mulheres tomando contraceptivos orais ver também Advertências e Precauções – Contraceptivos hormonais.",1,fonte1,manual,1.0
lamotrigina,rifampicina,"Tabela 1: Efeito de drogas na concentração da lamotrigina (ver Posologia e Modo de Usar): Drogas que aumentam a concentração da lamotrigina Drogas que reduzem a concentração da lamotrigina Drogas que têm pouco ou nenhum efeito na concentração da lamo trigina Valproato carbamazepina lítio fenitoína bupropiona primidona olanzapina fenobarbitona oxcarbazepina rifampicina felbamato lopinavir/ritonavir gabapentina atazanavir/ritonavir* levetiracetam Associação de etinilestradiol/levonorgestrel** pregabalina topiramato zonisamida aripiprazol lacosamida perampanel paracetamol *Para orientações de dosagem, ver Posologia e Modo de Usar – Recomendações gerais para populações de pacientes especiais, adicionalmente para mulheres tomando contraceptivos orais ver também Advertências e Precauções – Contraceptivos hormonais.",1,fonte1,manual,1.0
lamotrigina,gabapentina,"Tabela 1: Efeito de drogas na concentração da lamotrigina (ver Posologia e Modo de Usar): Drogas que aumentam a concentração da lamotrigina Drogas que reduzem a concentração da lamotrigina Drogas que têm pouco ou nenhum efeito na concentração da lamo trigina Valproato carbamazepina lítio fenitoína bupropiona primidona olanzapina fenobarbitona oxcarbazepina rifampicina felbamato lopinavir/ritonavir gabapentina atazanavir/ritonavir* levetiracetam Associação de etinilestradiol/levonorgestrel** pregabalina topiramato zonisamida aripiprazol lacosamida perampanel paracetamol *Para orientações de dosagem, ver Posologia e Modo de Usar – Recomendações gerais para populações de pacientes especiais, adicionalmente para mulheres tomando contraceptivos orais ver também Advertências e Precauções – Contraceptivos hormonais.",1,fonte1,manual,1.0
lamotrigina,olanzapina,"Tabela 1: Efeito de drogas na concentração da lamotrigina (ver Posologia e Modo de Usar): Drogas que aumentam a concentração da lamotrigina Drogas que reduzem a concentração da lamotrigina Drogas que têm pouco ou nenhum efeito na concentração da lamo trigina Valproato carbamazepina lítio fenitoína bupropiona primidona olanzapina fenobarbitona oxcarbazepina rifampicina felbamato lopinavir/ritonavir gabapentina atazanavir/ritonavir* levetiracetam Associação de etinilestradiol/levonorgestrel** pregabalina topiramato zonisamida aripiprazol lacosamida perampanel paracetamol *Para orientações de dosagem, ver Posologia e Modo de Usar – Recomendações gerais para populações de pacientes especiais, adicionalmente para mulheres tomando contraceptivos orais ver também Advertências e Precauções – Contraceptivos hormonais.",1,fonte1,manual,1.0
cloridrato de moxifloxacino,probenecida,"INTERAÇÕES MEDICAMENTOSAS Para as seguintes substâncias foi comprovada a ausência de interação clinicamente relevante com cloridrato de moxifloxacino: atenolol, ranitidina, suplementos de cálcio, teofilina, ciclosporina, contraceptivos orais, glibenclamida, itraconazol, digoxina, m orfina, probenecida.",0,fonte1,manual,1.0
cloridrato de moxifloxacino,ciclosporina,"INTERAÇÕES MEDICAMENTOSAS Para as seguintes substâncias foi comprovada a ausência de interação clinicamente relevante com cloridrato de moxifloxacino: atenolol, ranitidina, suplementos de cálcio, teofilina, ciclosporina, contraceptivos orais, glibenclamida, itraconazol, digoxina, m orfina, probenecida.",0,fonte1,manual,1.0
cloridrato de moxifloxacino,digoxina,"INTERAÇÕES MEDICAMENTOSAS Para as seguintes substâncias foi comprovada a ausência de interação clinicamente relevante com cloridrato de moxifloxacino: atenolol, ranitidina, suplementos de cálcio, teofilina, ciclosporina, contraceptivos orais, glibenclamida, itraconazol, digoxina, m orfina, probenecida.",0,fonte1,manual,1.0
cloridrato de moxifloxacino,itraconazol,"INTERAÇÕES MEDICAMENTOSAS Para as seguintes substâncias foi comprovada a ausência de interação clinicamente relevante com cloridrato de moxifloxacino: atenolol, ranitidina, suplementos de cálcio, teofilina, ciclosporina, contraceptivos orais, glibenclamida, itraconazol, digoxina, m orfina, probenecida.",0,fonte1,manual,1.0
cloridrato de moxifloxacino,glibenclamida,"INTERAÇÕES MEDICAMENTOSAS Para as seguintes substâncias foi comprovada a ausência de interação clinicamente relevante com cloridrato de moxifloxacino: atenolol, ranitidina, suplementos de cálcio, teofilina, ciclosporina, contraceptivos orais, glibenclamida, itraconazol, digoxina, m orfina, probenecida.",0,fonte1,manual,1.0
cabazitaxel,claritromicina,"INTERAÇÕES MEDICAMENTOSAS Medic amento -medicamento O metabolismo de cabazitaxel é modificado pela administração concomita nte de substâncias conhecidas como fortes inibidores (ex: cetoconazol, itraconazol, claritromicina, atazanavir, indinavir, nefazodona, nelfinavir, ritonavir, saquinavi r, telitromicina, voriconazol) ou fortes indutores (ex: rifampicina , carbamazepina ou fen itoína) da enzima CYP3A.",1,fonte1,manual,1.0
cabazitaxel,carbamazepina,"INTERAÇÕES MEDICAMENTOSAS Medic amento -medicamento O metabolismo de cabazitaxel é modificado pela administração concomita nte de substâncias conhecidas como fortes inibidores (ex: cetoconazol, itraconazol, claritromicina, atazanavir, indinavir, nefazodona, nelfinavir, ritonavir, saquinavi r, telitromicina, voriconazol) ou fortes indutores (ex: rifampicina , carbamazepina ou fen itoína) da enzima CYP3A.",1,fonte1,manual,1.0
cabazitaxel,cetoconazol,"INTERAÇÕES MEDICAMENTOSAS Medic amento -medicamento O metabolismo de cabazitaxel é modificado pela administração concomita nte de substâncias conhecidas como fortes inibidores (ex: cetoconazol, itraconazol, claritromicina, atazanavir, indinavir, nefazodona, nelfinavir, ritonavir, saquinavi r, telitromicina, voriconazol) ou fortes indutores (ex: rifampicina , carbamazepina ou fen itoína) da enzima CYP3A.",1,fonte1,manual,1.0
cabazitaxel,itraconazol,"INTERAÇÕES MEDICAMENTOSAS Medic amento -medicamento O metabolismo de cabazitaxel é modificado pela administração concomita nte de substâncias conhecidas como fortes inibidores (ex: cetoconazol, itraconazol, claritromicina, atazanavir, indinavir, nefazodona, nelfinavir, ritonavir, saquinavi r, telitromicina, voriconazol) ou fortes indutores (ex: rifampicina , carbamazepina ou fen itoína) da enzima CYP3A.",1,fonte1,manual,1.0
cabazitaxel,rifampicina,"INTERAÇÕES MEDICAMENTOSAS Medic amento -medicamento O metabolismo de cabazitaxel é modificado pela administração concomita nte de substâncias conhecidas como fortes inibidores (ex: cetoconazol, itraconazol, claritromicina, atazanavir, indinavir, nefazodona, nelfinavir, ritonavir, saquinavi r, telitromicina, voriconazol) ou fortes indutores (ex: rifampicina , carbamazepina ou fen itoína) da enzima CYP3A.",1,fonte1,manual,1.0
cabazitaxel,claritromicina,"INTERAÇÕES MEDICAMENTOSAS Medicamento -medicamento O metabolismo de cabazitaxel é modificado pela administração concomitante de substâncias conhecidas como fortes inibidores (ex: cetoconazol, itraconazol, claritromicina, atazanavir, indinavir, nefazodona, nelfinavir, ritonavir, saquinavir, telitromicina, voriconazol) ou fortes indutores (ex: rifampicina, carbamazepina ou fenitoína) da CYP3A.",1,fonte1,manual,1.0
cabazitaxel,carbamazepina,"INTERAÇÕES MEDICAMENTOSAS Medicamento -medicamento O metabolismo de cabazitaxel é modificado pela administração concomitante de substâncias conhecidas como fortes inibidores (ex: cetoconazol, itraconazol, claritromicina, atazanavir, indinavir, nefazodona, nelfinavir, ritonavir, saquinavir, telitromicina, voriconazol) ou fortes indutores (ex: rifampicina, carbamazepina ou fenitoína) da CYP3A.",1,fonte1,manual,1.0
cabazitaxel,cetoconazol,"INTERAÇÕES MEDICAMENTOSAS Medicamento -medicamento O metabolismo de cabazitaxel é modificado pela administração concomitante de substâncias conhecidas como fortes inibidores (ex: cetoconazol, itraconazol, claritromicina, atazanavir, indinavir, nefazodona, nelfinavir, ritonavir, saquinavir, telitromicina, voriconazol) ou fortes indutores (ex: rifampicina, carbamazepina ou fenitoína) da CYP3A.",1,fonte1,manual,1.0
cabazitaxel,itraconazol,"INTERAÇÕES MEDICAMENTOSAS Medicamento -medicamento O metabolismo de cabazitaxel é modificado pela administração concomitante de substâncias conhecidas como fortes inibidores (ex: cetoconazol, itraconazol, claritromicina, atazanavir, indinavir, nefazodona, nelfinavir, ritonavir, saquinavir, telitromicina, voriconazol) ou fortes indutores (ex: rifampicina, carbamazepina ou fenitoína) da CYP3A.",1,fonte1,manual,1.0
cabazitaxel,rifampicina,"INTERAÇÕES MEDICAMENTOSAS Medicamento -medicamento O metabolismo de cabazitaxel é modificado pela administração concomitante de substâncias conhecidas como fortes inibidores (ex: cetoconazol, itraconazol, claritromicina, atazanavir, indinavir, nefazodona, nelfinavir, ritonavir, saquinavir, telitromicina, voriconazol) ou fortes indutores (ex: rifampicina, carbamazepina ou fenitoína) da CYP3A.",1,fonte1,manual,1.0
cloridrato de hidroxizina,eritromicina,"Exemplos de drogas associadas ao prolongamento do intervalo QT e/ou Torsades de Pointes estão listados abaixo (mas não se limitam a apenas essas): - Antiarrítmicos classe IA (quinidina, procainamida, disopiramida); - Antiarrítmicos classe III (amiodarona, sotalol, bretílio); - Antiarrítmicos classe IC (flecainida, propafenona); - Antipsicóticos (clorpromazina, haloperidol, pimozida, droperidol, ziprasidona, risperidona, olanzapina); - Antidepressivos (fluoxetina, citalopram, venlafaxina, antidepressivos tricíclicos e tetracíclicos, por exemplo, amtriptilina, imipramina, maprotilina); dicloridrato_hidroxizina_sol_oral_VPS_V02 - Opioides (metadona); - Antibióticos macrolídeos e análogos (eritromicina, claritromicina, azitromicina, tacrolimus); - Quinolonas (moxifloxacino, ciprofloxacino, levofloxacino); - Pentamidina; - Antimaláricos (quinina, cloroquina); - Antifúngicos azólicos (cetoconazol, fluconazol, voriconazol); - Domperidona; - Antagonistas dos receptores 5-HT 3 (ondansetrona); - Trióxido de arsênio; - Inibidores da tirosinoquinase (vandetanibe, sunitinibe, nilotinibe); - Vorinostat (inibidor da histona deacetilase); - Agonista do receptor adrenérgico beta-2 (salmeterol, formoterol).",2,fonte1,manual,1.0
cloridrato de hidroxizina,claritromicina,"Exemplos de drogas associadas ao prolongamento do intervalo QT e/ou Torsades de Pointes estão listados abaixo (mas não se limitam a apenas essas): - Antiarrítmicos classe IA (quinidina, procainamida, disopiramida); - Antiarrítmicos classe III (amiodarona, sotalol, bretílio); - Antiarrítmicos classe IC (flecainida, propafenona); - Antipsicóticos (clorpromazina, haloperidol, pimozida, droperidol, ziprasidona, risperidona, olanzapina); - Antidepressivos (fluoxetina, citalopram, venlafaxina, antidepressivos tricíclicos e tetracíclicos, por exemplo, amtriptilina, imipramina, maprotilina); dicloridrato_hidroxizina_sol_oral_VPS_V02 - Opioides (metadona); - Antibióticos macrolídeos e análogos (eritromicina, claritromicina, azitromicina, tacrolimus); - Quinolonas (moxifloxacino, ciprofloxacino, levofloxacino); - Pentamidina; - Antimaláricos (quinina, cloroquina); - Antifúngicos azólicos (cetoconazol, fluconazol, voriconazol); - Domperidona; - Antagonistas dos receptores 5-HT 3 (ondansetrona); - Trióxido de arsênio; - Inibidores da tirosinoquinase (vandetanibe, sunitinibe, nilotinibe); - Vorinostat (inibidor da histona deacetilase); - Agonista do receptor adrenérgico beta-2 (salmeterol, formoterol).",2,fonte1,manual,1.0
cloridrato de hidroxizina,fluoxetina,"Exemplos de drogas associadas ao prolongamento do intervalo QT e/ou Torsades de Pointes estão listados abaixo (mas não se limitam a apenas essas): - Antiarrítmicos classe IA (quinidina, procainamida, disopiramida); - Antiarrítmicos classe III (amiodarona, sotalol, bretílio); - Antiarrítmicos classe IC (flecainida, propafenona); - Antipsicóticos (clorpromazina, haloperidol, pimozida, droperidol, ziprasidona, risperidona, olanzapina); - Antidepressivos (fluoxetina, citalopram, venlafaxina, antidepressivos tricíclicos e tetracíclicos, por exemplo, amtriptilina, imipramina, maprotilina); dicloridrato_hidroxizina_sol_oral_VPS_V02 - Opioides (metadona); - Antibióticos macrolídeos e análogos (eritromicina, claritromicina, azitromicina, tacrolimus); - Quinolonas (moxifloxacino, ciprofloxacino, levofloxacino); - Pentamidina; - Antimaláricos (quinina, cloroquina); - Antifúngicos azólicos (cetoconazol, fluconazol, voriconazol); - Domperidona; - Antagonistas dos receptores 5-HT 3 (ondansetrona); - Trióxido de arsênio; - Inibidores da tirosinoquinase (vandetanibe, sunitinibe, nilotinibe); - Vorinostat (inibidor da histona deacetilase); - Agonista do receptor adrenérgico beta-2 (salmeterol, formoterol).",2,fonte1,manual,1.0
cloridrato de hidroxizina,cetoconazol,"Exemplos de drogas associadas ao prolongamento do intervalo QT e/ou Torsades de Pointes estão listados abaixo (mas não se limitam a apenas essas): - Antiarrítmicos classe IA (quinidina, procainamida, disopiramida); - Antiarrítmicos classe III (amiodarona, sotalol, bretílio); - Antiarrítmicos classe IC (flecainida, propafenona); - Antipsicóticos (clorpromazina, haloperidol, pimozida, droperidol, ziprasidona, risperidona, olanzapina); - Antidepressivos (fluoxetina, citalopram, venlafaxina, antidepressivos tricíclicos e tetracíclicos, por exemplo, amtriptilina, imipramina, maprotilina); dicloridrato_hidroxizina_sol_oral_VPS_V02 - Opioides (metadona); - Antibióticos macrolídeos e análogos (eritromicina, claritromicina, azitromicina, tacrolimus); - Quinolonas (moxifloxacino, ciprofloxacino, levofloxacino); - Pentamidina; - Antimaláricos (quinina, cloroquina); - Antifúngicos azólicos (cetoconazol, fluconazol, voriconazol); - Domperidona; - Antagonistas dos receptores 5-HT 3 (ondansetrona); - Trióxido de arsênio; - Inibidores da tirosinoquinase (vandetanibe, sunitinibe, nilotinibe); - Vorinostat (inibidor da histona deacetilase); - Agonista do receptor adrenérgico beta-2 (salmeterol, formoterol).",2,fonte1,manual,1.0
cloridrato de hidroxizina,fluconazol,"Exemplos de drogas associadas ao prolongamento do intervalo QT e/ou Torsades de Pointes estão listados abaixo (mas não se limitam a apenas essas): - Antiarrítmicos classe IA (quinidina, procainamida, disopiramida); - Antiarrítmicos classe III (amiodarona, sotalol, bretílio); - Antiarrítmicos classe IC (flecainida, propafenona); - Antipsicóticos (clorpromazina, haloperidol, pimozida, droperidol, ziprasidona, risperidona, olanzapina); - Antidepressivos (fluoxetina, citalopram, venlafaxina, antidepressivos tricíclicos e tetracíclicos, por exemplo, amtriptilina, imipramina, maprotilina); dicloridrato_hidroxizina_sol_oral_VPS_V02 - Opioides (metadona); - Antibióticos macrolídeos e análogos (eritromicina, claritromicina, azitromicina, tacrolimus); - Quinolonas (moxifloxacino, ciprofloxacino, levofloxacino); - Pentamidina; - Antimaláricos (quinina, cloroquina); - Antifúngicos azólicos (cetoconazol, fluconazol, voriconazol); - Domperidona; - Antagonistas dos receptores 5-HT 3 (ondansetrona); - Trióxido de arsênio; - Inibidores da tirosinoquinase (vandetanibe, sunitinibe, nilotinibe); - Vorinostat (inibidor da histona deacetilase); - Agonista do receptor adrenérgico beta-2 (salmeterol, formoterol).",2,fonte1,manual,1.0
desogestrel,eritromicina,"A administração concomitante de inibidores fortes (por exemplo, cetoconazol, itraconazol, claritromicina) ou moderados (por exemplo, fluconazol, diltiazem, eritromicina) da CYP3A4 podem aumentar as concentrações séricas dos progestagênios, incluindo o eton ogestrel, o metabólito ativo do desogestrel.",1,fonte1,manual,1.0
desogestrel,claritromicina,"A administração concomitante de inibidores fortes (por exemplo, cetoconazol, itraconazol, claritromicina) ou moderados (por exemplo, fluconazol, diltiazem, eritromicina) da CYP3A4 podem aumentar as concentrações séricas dos progestagênios, incluindo o eton ogestrel, o metabólito ativo do desogestrel.",1,fonte1,manual,1.0
desogestrel,cetoconazol,"A administração concomitante de inibidores fortes (por exemplo, cetoconazol, itraconazol, claritromicina) ou moderados (por exemplo, fluconazol, diltiazem, eritromicina) da CYP3A4 podem aumentar as concentrações séricas dos progestagênios, incluindo o eton ogestrel, o metabólito ativo do desogestrel.",1,fonte1,manual,1.0
desogestrel,fluconazol,"A administração concomitante de inibidores fortes (por exemplo, cetoconazol, itraconazol, claritromicina) ou moderados (por exemplo, fluconazol, diltiazem, eritromicina) da CYP3A4 podem aumentar as concentrações séricas dos progestagênios, incluindo o eton ogestrel, o metabólito ativo do desogestrel.",1,fonte1,manual,1.0
desogestrel,itraconazol,"A administração concomitante de inibidores fortes (por exemplo, cetoconazol, itraconazol, claritromicina) ou moderados (por exemplo, fluconazol, diltiazem, eritromicina) da CYP3A4 podem aumentar as concentrações séricas dos progestagênios, incluindo o eton ogestrel, o metabólito ativo do desogestrel.",1,fonte1,manual,1.0
estradiol drospirenona,eritromicina,"Estas alteraçõe s podem ser clinicamente relevantes em alguns casos. -Substâncias que diminuem a depuração de hormônios sexuais (inibidores enzimáticos) Inibidores fortes e moderados do CYP3A4, tais como antifúngicos azólicos (por exemplo, fluconazol, itraconazol, cetoconazol, voriconazol,), macrolídeos (por exemplo, claritromicina, eritromicina), verapamil, diltiazem e suco de toranja (grapefruit ) podem aumentar as concentrações plasmáticas do progestógeno ou do estrogênio ou de ambos.",1,fonte1,manual,1.0
estradiol drospirenona,claritromicina,"Estas alteraçõe s podem ser clinicamente relevantes em alguns casos. -Substâncias que diminuem a depuração de hormônios sexuais (inibidores enzimáticos) Inibidores fortes e moderados do CYP3A4, tais como antifúngicos azólicos (por exemplo, fluconazol, itraconazol, cetoconazol, voriconazol,), macrolídeos (por exemplo, claritromicina, eritromicina), verapamil, diltiazem e suco de toranja (grapefruit ) podem aumentar as concentrações plasmáticas do progestógeno ou do estrogênio ou de ambos.",1,fonte1,manual,1.0
estradiol drospirenona,cetoconazol,"Estas alteraçõe s podem ser clinicamente relevantes em alguns casos. -Substâncias que diminuem a depuração de hormônios sexuais (inibidores enzimáticos) Inibidores fortes e moderados do CYP3A4, tais como antifúngicos azólicos (por exemplo, fluconazol, itraconazol, cetoconazol, voriconazol,), macrolídeos (por exemplo, claritromicina, eritromicina), verapamil, diltiazem e suco de toranja (grapefruit ) podem aumentar as concentrações plasmáticas do progestógeno ou do estrogênio ou de ambos.",1,fonte1,manual,1.0
estradiol drospirenona,fluconazol,"Estas alteraçõe s podem ser clinicamente relevantes em alguns casos. -Substâncias que diminuem a depuração de hormônios sexuais (inibidores enzimáticos) Inibidores fortes e moderados do CYP3A4, tais como antifúngicos azólicos (por exemplo, fluconazol, itraconazol, cetoconazol, voriconazol,), macrolídeos (por exemplo, claritromicina, eritromicina), verapamil, diltiazem e suco de toranja (grapefruit ) podem aumentar as concentrações plasmáticas do progestógeno ou do estrogênio ou de ambos.",1,fonte1,manual,1.0
estradiol drospirenona,itraconazol,"Estas alteraçõe s podem ser clinicamente relevantes em alguns casos. -Substâncias que diminuem a depuração de hormônios sexuais (inibidores enzimáticos) Inibidores fortes e moderados do CYP3A4, tais como antifúngicos azólicos (por exemplo, fluconazol, itraconazol, cetoconazol, voriconazol,), macrolídeos (por exemplo, claritromicina, eritromicina), verapamil, diltiazem e suco de toranja (grapefruit ) podem aumentar as concentrações plasmáticas do progestógeno ou do estrogênio ou de ambos.",1,fonte1,manual,1.0
drospirenona etinilestradiol,eritromicina,"Substâncias que diminuem a depuração dos COCs (inibidores enzimáticos) Inibidores potentes e moderados do CYP 3A4 tais como antifúngicos azólicos (como por exemplo, itraconazol, voriconazol, fluconazol), verapamil, antibióticos macrolídeos (como por exemplo, claritromicina, eritromicina), diltiazem e suco de toronja ( grapefruit ) podem aumentar as concentrações plasmáticas do estrogênio ou progestógeno ou de ambos.",1,fonte1,manual,1.0
drospirenona etinilestradiol,claritromicina,"Substâncias que diminuem a depuração dos COCs (inibidores enzimáticos) Inibidores potentes e moderados do CYP 3A4 tais como antifúngicos azólicos (como por exemplo, itraconazol, voriconazol, fluconazol), verapamil, antibióticos macrolídeos (como por exemplo, claritromicina, eritromicina), diltiazem e suco de toronja ( grapefruit ) podem aumentar as concentrações plasmáticas do estrogênio ou progestógeno ou de ambos.",1,fonte1,manual,1.0
drospirenona etinilestradiol,fluconazol,"Substâncias que diminuem a depuração dos COCs (inibidores enzimáticos) Inibidores potentes e moderados do CYP 3A4 tais como antifúngicos azólicos (como por exemplo, itraconazol, voriconazol, fluconazol), verapamil, antibióticos macrolídeos (como por exemplo, claritromicina, eritromicina), diltiazem e suco de toronja ( grapefruit ) podem aumentar as concentrações plasmáticas do estrogênio ou progestógeno ou de ambos.",1,fonte1,manual,1.0
drospirenona etinilestradiol,itraconazol,"Substâncias que diminuem a depuração dos COCs (inibidores enzimáticos) Inibidores potentes e moderados do CYP 3A4 tais como antifúngicos azólicos (como por exemplo, itraconazol, voriconazol, fluconazol), verapamil, antibióticos macrolídeos (como por exemplo, claritromicina, eritromicina), diltiazem e suco de toronja ( grapefruit ) podem aumentar as concentrações plasmáticas do estrogênio ou progestógeno ou de ambos.",1,fonte1,manual,1.0
drospirenona etinilestradiol,diltiazem,"Substâncias que diminuem a depuração dos COCs (inibidores enzimáticos) Inibidores potentes e moderados do CYP 3A4 tais como antifúngicos azólicos (como por exemplo, itraconazol, voriconazol, fluconazol), verapamil, antibióticos macrolídeos (como por exemplo, claritromicina, eritromicina), diltiazem e suco de toronja ( grapefruit ) podem aumentar as concentrações plasmáticas do estrogênio ou progestógeno ou de ambos.",1,fonte1,manual,1.0
divalproato de sodio,paracetamol,"Medicamentos para os quais não foi detectada nenhuma int eração ou com interação sem relevância: antiácidos, cimetidina, ranitidina, clorpromazina, haloperidol, paracetamol, lítio, lorazepam, olanzapina, rufinamida.",0,fonte1,manual,1.0
divalproato de sodio,haloperidol,"Medicamentos para os quais não foi detectada nenhuma int eração ou com interação sem relevância: antiácidos, cimetidina, ranitidina, clorpromazina, haloperidol, paracetamol, lítio, lorazepam, olanzapina, rufinamida.",0,fonte1,manual,1.0
divalproato de sodio,olanzapina,"Medicamentos para os quais não foi detectada nenhuma int eração ou com interação sem relevância: antiácidos, cimetidina, ranitidina, clorpromazina, haloperidol, paracetamol, lítio, lorazepam, olanzapina, rufinamida.",0,fonte1,manual,1.0
divalproato de sodio,cimetidina,"Medicamentos para os quais não foi detectada nenhuma int eração ou com interação sem relevância: antiácidos, cimetidina, ranitidina, clorpromazina, haloperidol, paracetamol, lítio, lorazepam, olanzapina, rufinamida.",0,fonte1,manual,1.0
divalproato de sodio,ranitidina,"Medicamentos para os quais não foi detectada nenhuma int eração ou com interação sem relevância: antiácidos, cimetidina, ranitidina, clorpromazina, haloperidol, paracetamol, lítio, lorazepam, olanzapina, rufinamida.",0,fonte1,manual,1.0
claritromicina,varfarina,"São ex emplos, mas não se resume a: anticoagulantes orais (ex. varfarina, rivaroxabana, apixabana), antipsicóticos atípicos (ex. quetiapina, lurasidona) alcaloides do ergot, alprazolam, astemizol, carbamazepina, cilostazol, cisaprida, metilprednisolona, omeprazol , pimozida, quinidina, sildenafila, sinvastatina, terfenadina, triazolam, sirolimo, tacrolimo, lovastatina, disopiramida, midazolam, ciclosporina, hidroxicloroquina, cloroquina, vimblastina, rifabutina, ticagrelor, ivabradina e ranolazina.",2,fonte1,manual,1.0
claritromicina,ciclosporina,"São ex emplos, mas não se resume a: anticoagulantes orais (ex. varfarina, rivaroxabana, apixabana), antipsicóticos atípicos (ex. quetiapina, lurasidona) alcaloides do ergot, alprazolam, astemizol, carbamazepina, cilostazol, cisaprida, metilprednisolona, omeprazol , pimozida, quinidina, sildenafila, sinvastatina, terfenadina, triazolam, sirolimo, tacrolimo, lovastatina, disopiramida, midazolam, ciclosporina, hidroxicloroquina, cloroquina, vimblastina, rifabutina, ticagrelor, ivabradina e ranolazina.",2,fonte1,manual,1.0
claritromicina,omeprazol,"São ex emplos, mas não se resume a: anticoagulantes orais (ex. varfarina, rivaroxabana, apixabana), antipsicóticos atípicos (ex. quetiapina, lurasidona) alcaloides do ergot, alprazolam, astemizol, carbamazepina, cilostazol, cisaprida, metilprednisolona, omeprazol , pimozida, quinidina, sildenafila, sinvastatina, terfenadina, triazolam, sirolimo, tacrolimo, lovastatina, disopiramida, midazolam, ciclosporina, hidroxicloroquina, cloroquina, vimblastina, rifabutina, ticagrelor, ivabradina e ranolazina.",2,fonte1,manual,1.0
claritromicina,sinvastatina,"São ex emplos, mas não se resume a: anticoagulantes orais (ex. varfarina, rivaroxabana, apixabana), antipsicóticos atípicos (ex. quetiapina, lurasidona) alcaloides do ergot, alprazolam, astemizol, carbamazepina, cilostazol, cisaprida, metilprednisolona, omeprazol , pimozida, quinidina, sildenafila, sinvastatina, terfenadina, triazolam, sirolimo, tacrolimo, lovastatina, disopiramida, midazolam, ciclosporina, hidroxicloroquina, cloroquina, vimblastina, rifabutina, ticagrelor, ivabradina e ranolazina.",2,fonte1,manual,1.0
claritromicina,carbamazepina,"São ex emplos, mas não se resume a: anticoagulantes orais (ex. varfarina, rivaroxabana, apixabana), antipsicóticos atípicos (ex. quetiapina, lurasidona) alcaloides do ergot, alprazolam, astemizol, carbamazepina, cilostazol, cisaprida, metilprednisolona, omeprazol , pimozida, quinidina, sildenafila, sinvastatina, terfenadina, triazolam, sirolimo, tacrolimo, lovastatina, disopiramida, midazolam, ciclosporina, hidroxicloroquina, cloroquina, vimblastina, rifabutina, ticagrelor, ivabradina e ranolazina.",2,fonte1,manual,1.0
telmisartana hidroclorotiazida,varfarina,"A coadministração de telmisartana não resultou em interações clinicamente significativas com a varfarina, a hidroclorotiazida, a glibenclamida, o ibuprofeno, o paracetam ol, a sinvastatina e o anlodipino.",0,fonte1,manual,1.0
telmisartana hidroclorotiazida,ibuprofeno,"A coadministração de telmisartana não resultou em interações clinicamente significativas com a varfarina, a hidroclorotiazida, a glibenclamida, o ibuprofeno, o paracetam ol, a sinvastatina e o anlodipino.",0,fonte1,manual,1.0
telmisartana hidroclorotiazida,sinvastatina,"A coadministração de telmisartana não resultou em interações clinicamente significativas com a varfarina, a hidroclorotiazida, a glibenclamida, o ibuprofeno, o paracetam ol, a sinvastatina e o anlodipino.",0,fonte1,manual,1.0
telmisartana hidroclorotiazida,glibenclamida,"A coadministração de telmisartana não resultou em interações clinicamente significativas com a varfarina, a hidroclorotiazida, a glibenclamida, o ibuprofeno, o paracetam ol, a sinvastatina e o anlodipino.",0,fonte1,manual,1.0
telmisartana hidroclorotiazida,hidroclorotiazida,"A coadministração de telmisartana não resultou em interações clinicamente significativas com a varfarina, a hidroclorotiazida, a glibenclamida, o ibuprofeno, o paracetam ol, a sinvastatina e o anlodipino.",0,fonte1,manual,1.0
dapagliflozina,varfarina,"Em estudos de interação conduzidos em indivíduos sadios, utilizando principalmente o desenho de dose única, a dapagliflozina não alterou significativamente a farmacocinética da metformina, pioglitazona, sitagliptina, glimepirida, hidroclorotiazida, bumetanida, valsartana, sinvastatina, digoxina (um substrato da gp -P) ou varfarina (a varfarina é um substrato do CYP 2C).",0,fonte1,manual,1.0
dapagliflozina,metformina,"Em estudos de interação conduzidos em indivíduos sadios, utilizando principalmente o desenho de dose única, a dapagliflozina não alterou significativamente a farmacocinética da metformina, pioglitazona, sitagliptina, glimepirida, hidroclorotiazida, bumetanida, valsartana, sinvastatina, digoxina (um substrato da gp -P) ou varfarina (a varfarina é um substrato do CYP 2C).",0,fonte1,manual,1.0
dapagliflozina,sinvastatina,"Em estudos de interação conduzidos em indivíduos sadios, utilizando principalmente o desenho de dose única, a dapagliflozina não alterou significativamente a farmacocinética da metformina, pioglitazona, sitagliptina, glimepirida, hidroclorotiazida, bumetanida, valsartana, sinvastatina, digoxina (um substrato da gp -P) ou varfarina (a varfarina é um substrato do CYP 2C).",0,fonte1,manual,1.0
dapagliflozina,digoxina,"Em estudos de interação conduzidos em indivíduos sadios, utilizando principalmente o desenho de dose única, a dapagliflozina não alterou significativamente a farmacocinética da metformina, pioglitazona, sitagliptina, glimepirida, hidroclorotiazida, bumetanida, valsartana, sinvastatina, digoxina (um substrato da gp -P) ou varfarina (a varfarina é um substrato do CYP 2C).",0,fonte1,manual,1.0
dapagliflozina,hidroclorotiazida,"Em estudos de interação conduzidos em indivíduos sadios, utilizando principalmente o desenho de dose única, a dapagliflozina não alterou significativamente a farmacocinética da metformina, pioglitazona, sitagliptina, glimepirida, hidroclorotiazida, bumetanida, valsartana, sinvastatina, digoxina (um substrato da gp -P) ou varfarina (a varfarina é um substrato do CYP 2C).",0,fonte1,manual,1.0
risperidona,fluoxetina,"No entanto, como o ritonavir é um inibidor forte de CYP3A4 e um inibidor fraco de CYP2D6, o ritonavir e inibidores de protease potenciali zados com ritonavir podem aumentar as concentrações da fração a ntipsicótica ativa da risperidona. - Betabloqueadores: Alguns betabloqueadores podem aumentar as concentrações plasmáticas da risperidona , mas não da fração antipsicótica ativa. - Bloqueadores de canal de cálcio: O verapamil, um inibidor moderado de CYP3 A4 e um inibidor de P-gp, aumenta a con centração plasmática de risperidona e da fração antipsicótica ativa. - Glicosídeos digitálicos: A risperidona não demonstra efeito clinicamen te significativo na farm acocinética da digoxina. - Diuréticos: Furosemida: veja no item “ADVERTÊN CIAS E PRECAUÇÕES” o aumento da mortalidade em pacientes idosos com demência que estão recebendo tratamento concomitante com furosemida. - Medicamentos gastrintestinais: Antagonistas de receptor H2: a cimetidina e a ranitidina, ambas inibidores fracos de CYP2D6 e CYP3A4, aumentaram a biodisponibi lidade da risperidona, mas apenas marginalmente aquela da fração antipsicótica ativa. - Lítio: A risperidona não demonstra efeito clinicam ente relevante sobre a farmacocinética do lítio. - Antidepressivos tricíclicos e inibidores seletivos da recaptação de serotonina: A fluoxetina, um inibidor forte da CYP2D6, aumenta a concentração plasmática da risper idona, mas menos da f ração antipsicótica ativa.",1,fonte1,manual,1.0
risperidona,digoxina,"No entanto, como o ritonavir é um inibidor forte de CYP3A4 e um inibidor fraco de CYP2D6, o ritonavir e inibidores de protease potenciali zados com ritonavir podem aumentar as concentrações da fração a ntipsicótica ativa da risperidona. - Betabloqueadores: Alguns betabloqueadores podem aumentar as concentrações plasmáticas da risperidona , mas não da fração antipsicótica ativa. - Bloqueadores de canal de cálcio: O verapamil, um inibidor moderado de CYP3 A4 e um inibidor de P-gp, aumenta a con centração plasmática de risperidona e da fração antipsicótica ativa. - Glicosídeos digitálicos: A risperidona não demonstra efeito clinicamen te significativo na farm acocinética da digoxina. - Diuréticos: Furosemida: veja no item “ADVERTÊN CIAS E PRECAUÇÕES” o aumento da mortalidade em pacientes idosos com demência que estão recebendo tratamento concomitante com furosemida. - Medicamentos gastrintestinais: Antagonistas de receptor H2: a cimetidina e a ranitidina, ambas inibidores fracos de CYP2D6 e CYP3A4, aumentaram a biodisponibi lidade da risperidona, mas apenas marginalmente aquela da fração antipsicótica ativa. - Lítio: A risperidona não demonstra efeito clinicam ente relevante sobre a farmacocinética do lítio. - Antidepressivos tricíclicos e inibidores seletivos da recaptação de serotonina: A fluoxetina, um inibidor forte da CYP2D6, aumenta a concentração plasmática da risper idona, mas menos da f ração antipsicótica ativa.",1,fonte1,manual,1.0
risperidona,furosemida,"No entanto, como o ritonavir é um inibidor forte de CYP3A4 e um inibidor fraco de CYP2D6, o ritonavir e inibidores de protease potenciali zados com ritonavir podem aumentar as concentrações da fração a ntipsicótica ativa da risperidona. - Betabloqueadores: Alguns betabloqueadores podem aumentar as concentrações plasmáticas da risperidona , mas não da fração antipsicótica ativa. - Bloqueadores de canal de cálcio: O verapamil, um inibidor moderado de CYP3 A4 e um inibidor de P-gp, aumenta a con centração plasmática de risperidona e da fração antipsicótica ativa. - Glicosídeos digitálicos: A risperidona não demonstra efeito clinicamen te significativo na farm acocinética da digoxina. - Diuréticos: Furosemida: veja no item “ADVERTÊN CIAS E PRECAUÇÕES” o aumento da mortalidade em pacientes idosos com demência que estão recebendo tratamento concomitante com furosemida. - Medicamentos gastrintestinais: Antagonistas de receptor H2: a cimetidina e a ranitidina, ambas inibidores fracos de CYP2D6 e CYP3A4, aumentaram a biodisponibi lidade da risperidona, mas apenas marginalmente aquela da fração antipsicótica ativa. - Lítio: A risperidona não demonstra efeito clinicam ente relevante sobre a farmacocinética do lítio. - Antidepressivos tricíclicos e inibidores seletivos da recaptação de serotonina: A fluoxetina, um inibidor forte da CYP2D6, aumenta a concentração plasmática da risper idona, mas menos da f ração antipsicótica ativa.",1,fonte1,manual,1.0
risperidona,verapamil,"No entanto, como o ritonavir é um inibidor forte de CYP3A4 e um inibidor fraco de CYP2D6, o ritonavir e inibidores de protease potenciali zados com ritonavir podem aumentar as concentrações da fração a ntipsicótica ativa da risperidona. - Betabloqueadores: Alguns betabloqueadores podem aumentar as concentrações plasmáticas da risperidona , mas não da fração antipsicótica ativa. - Bloqueadores de canal de cálcio: O verapamil, um inibidor moderado de CYP3 A4 e um inibidor de P-gp, aumenta a con centração plasmática de risperidona e da fração antipsicótica ativa. - Glicosídeos digitálicos: A risperidona não demonstra efeito clinicamen te significativo na farm acocinética da digoxina. - Diuréticos: Furosemida: veja no item “ADVERTÊN CIAS E PRECAUÇÕES” o aumento da mortalidade em pacientes idosos com demência que estão recebendo tratamento concomitante com furosemida. - Medicamentos gastrintestinais: Antagonistas de receptor H2: a cimetidina e a ranitidina, ambas inibidores fracos de CYP2D6 e CYP3A4, aumentaram a biodisponibi lidade da risperidona, mas apenas marginalmente aquela da fração antipsicótica ativa. - Lítio: A risperidona não demonstra efeito clinicam ente relevante sobre a farmacocinética do lítio. - Antidepressivos tricíclicos e inibidores seletivos da recaptação de serotonina: A fluoxetina, um inibidor forte da CYP2D6, aumenta a concentração plasmática da risper idona, mas menos da f ração antipsicótica ativa.",1,fonte1,manual,1.0
risperidona,cimetidina,"No entanto, como o ritonavir é um inibidor forte de CYP3A4 e um inibidor fraco de CYP2D6, o ritonavir e inibidores de protease potenciali zados com ritonavir podem aumentar as concentrações da fração a ntipsicótica ativa da risperidona. - Betabloqueadores: Alguns betabloqueadores podem aumentar as concentrações plasmáticas da risperidona , mas não da fração antipsicótica ativa. - Bloqueadores de canal de cálcio: O verapamil, um inibidor moderado de CYP3 A4 e um inibidor de P-gp, aumenta a con centração plasmática de risperidona e da fração antipsicótica ativa. - Glicosídeos digitálicos: A risperidona não demonstra efeito clinicamen te significativo na farm acocinética da digoxina. - Diuréticos: Furosemida: veja no item “ADVERTÊN CIAS E PRECAUÇÕES” o aumento da mortalidade em pacientes idosos com demência que estão recebendo tratamento concomitante com furosemida. - Medicamentos gastrintestinais: Antagonistas de receptor H2: a cimetidina e a ranitidina, ambas inibidores fracos de CYP2D6 e CYP3A4, aumentaram a biodisponibi lidade da risperidona, mas apenas marginalmente aquela da fração antipsicótica ativa. - Lítio: A risperidona não demonstra efeito clinicam ente relevante sobre a farmacocinética do lítio. - Antidepressivos tricíclicos e inibidores seletivos da recaptação de serotonina: A fluoxetina, um inibidor forte da CYP2D6, aumenta a concentração plasmática da risper idona, mas menos da f ração antipsicótica ativa.",1,fonte1,manual,1.0
cloridrato de donepezila,varfarina,"O cloridrato de donepezila e seus metabólit os não inibem o metabolis mo da teofilina, varfarina, cimetidina, digoxina, tioridazina, risperidona e sertralina em humanos.",0,fonte1,manual,1.0
cloridrato de donepezila,sertralina,"O cloridrato de donepezila e seus metabólit os não inibem o metabolis mo da teofilina, varfarina, cimetidina, digoxina, tioridazina, risperidona e sertralina em humanos.",0,fonte1,manual,1.0
cloridrato de donepezila,digoxina,"O cloridrato de donepezila e seus metabólit os não inibem o metabolis mo da teofilina, varfarina, cimetidina, digoxina, tioridazina, risperidona e sertralina em humanos.",0,fonte1,manual,1.0
cloridrato de donepezila,risperidona,"O cloridrato de donepezila e seus metabólit os não inibem o metabolis mo da teofilina, varfarina, cimetidina, digoxina, tioridazina, risperidona e sertralina em humanos.",0,fonte1,manual,1.0
cloridrato de donepezila,cimetidina,"O cloridrato de donepezila e seus metabólit os não inibem o metabolis mo da teofilina, varfarina, cimetidina, digoxina, tioridazina, risperidona e sertralina em humanos.",0,fonte1,manual,1.0
losartana potassica hidroclorotiazida,varfarina,"INTERAÇÕES MEDICAMENTOSAS Losartana Não foram identificadas interações medicamentosas de significado clínico com os seguintes compostos avaliados nos estudos de farmacocinética clínica: hidroclorotiazida, digoxina, varfarina, cimetidina, fenobarbital (veja Hidroclorotiazida, Álcool, Barbituratos ou Narcóticos , a seguir), cetoconazol e eritromicina.",0,fonte1,manual,1.0
losartana potassica hidroclorotiazida,eritromicina,"INTERAÇÕES MEDICAMENTOSAS Losartana Não foram identificadas interações medicamentosas de significado clínico com os seguintes compostos avaliados nos estudos de farmacocinética clínica: hidroclorotiazida, digoxina, varfarina, cimetidina, fenobarbital (veja Hidroclorotiazida, Álcool, Barbituratos ou Narcóticos , a seguir), cetoconazol e eritromicina.",0,fonte1,manual,1.0
losartana potassica hidroclorotiazida,losartana,"INTERAÇÕES MEDICAMENTOSAS Losartana Não foram identificadas interações medicamentosas de significado clínico com os seguintes compostos avaliados nos estudos de farmacocinética clínica: hidroclorotiazida, digoxina, varfarina, cimetidina, fenobarbital (veja Hidroclorotiazida, Álcool, Barbituratos ou Narcóticos , a seguir), cetoconazol e eritromicina.",0,fonte1,manual,1.0
losartana potassica hidroclorotiazida,digoxina,"INTERAÇÕES MEDICAMENTOSAS Losartana Não foram identificadas interações medicamentosas de significado clínico com os seguintes compostos avaliados nos estudos de farmacocinética clínica: hidroclorotiazida, digoxina, varfarina, cimetidina, fenobarbital (veja Hidroclorotiazida, Álcool, Barbituratos ou Narcóticos , a seguir), cetoconazol e eritromicina.",0,fonte1,manual,1.0
losartana potassica hidroclorotiazida,cetoconazol,"INTERAÇÕES MEDICAMENTOSAS Losartana Não foram identificadas interações medicamentosas de significado clínico com os seguintes compostos avaliados nos estudos de farmacocinética clínica: hidroclorotiazida, digoxina, varfarina, cimetidina, fenobarbital (veja Hidroclorotiazida, Álcool, Barbituratos ou Narcóticos , a seguir), cetoconazol e eritromicina.",0,fonte1,manual,1.0
losartana potassica,varfarina,"INTERAÇÕES MEDICAMENTOSAS Nos estudos clínicos de farmacocinética realizados com hidroclorotiazida, digoxina, varfarina, cimetidina, fenobarbital, cetoconazol e eritromicina, não foram identificadas interações medicamentosas de importância clínica.",0,fonte1,manual,1.0
losartana potassica,eritromicina,"INTERAÇÕES MEDICAMENTOSAS Nos estudos clínicos de farmacocinética realizados com hidroclorotiazida, digoxina, varfarina, cimetidina, fenobarbital, cetoconazol e eritromicina, não foram identificadas interações medicamentosas de importância clínica.",0,fonte1,manual,1.0
losartana potassica,digoxina,"INTERAÇÕES MEDICAMENTOSAS Nos estudos clínicos de farmacocinética realizados com hidroclorotiazida, digoxina, varfarina, cimetidina, fenobarbital, cetoconazol e eritromicina, não foram identificadas interações medicamentosas de importância clínica.",0,fonte1,manual,1.0
losartana potassica,cetoconazol,"INTERAÇÕES MEDICAMENTOSAS Nos estudos clínicos de farmacocinética realizados com hidroclorotiazida, digoxina, varfarina, cimetidina, fenobarbital, cetoconazol e eritromicina, não foram identificadas interações medicamentosas de importância clínica.",0,fonte1,manual,1.0
losartana potassica,fenobarbital,"INTERAÇÕES MEDICAMENTOSAS Nos estudos clínicos de farmacocinética realizados com hidroclorotiazida, digoxina, varfarina, cimetidina, fenobarbital, cetoconazol e eritromicina, não foram identificadas interações medicamentosas de importância clínica.",0,fonte1,manual,1.0
drospirenona etinilestradiol,verapamil,"Substâncias que diminuem a depuração dos COCs (inibidores enzimáticos) Inibidores potentes e moderados do CYP 3A4 tais como antifúngicos azólicos (como por exemplo, itraconazol, voriconazol, fluconazol), verapamil, antibióticos macrolídeos (como por exemplo, claritromicina, eritromicina), diltiaz em e suco de toronja (“grapefruit”) podem aumentar as concentrações plasmáticas do estrogênio ou progestógeno ou de ambos.",1,fonte1,manual,1.0
besilato de anlodipino,varfarina,Estudos Especiais: Efeito do anlodipino sobre Outros Agentes atorvastatina: a coadministração de doses múltiplas de 10 mg de anlodipino e 80 mg de atorvastatina não resultou em mudança significante nos parâmetros farmacocinéticos no estado de equilíbrio (steady state ) da atorvastatina. digoxina: a coadministração de anlodipino e digoxina não alterou os níveis séricos ou o clearance renal de digoxina nos voluntários sadios. etanol (Álcool): dose única e doses múltiplas de 10 mg de anlodipino não tiveram efeito significante na farmacocinética do etanol. varfarina: a coadministração de anlodipino e com varfarina não alterou o tempo de resposta de protombina da varfarina. besilato de anlodipino 5 mg e 10 mg - comprimidos – VPS08 ciclosporina: nenhum estudo de interação medicamentosa foi conduzido com a ciclosporina e o anlodipino em voluntários saudáveis ou outras populações com exceção dos pacientes com transplante renal.,0,fonte1,manual,1.0
besilato de anlodipino,ciclosporina,Estudos Especiais: Efeito do anlodipino sobre Outros Agentes atorvastatina: a coadministração de doses múltiplas de 10 mg de anlodipino e 80 mg de atorvastatina não resultou em mudança significante nos parâmetros farmacocinéticos no estado de equilíbrio (steady state ) da atorvastatina. digoxina: a coadministração de anlodipino e digoxina não alterou os níveis séricos ou o clearance renal de digoxina nos voluntários sadios. etanol (Álcool): dose única e doses múltiplas de 10 mg de anlodipino não tiveram efeito significante na farmacocinética do etanol. varfarina: a coadministração de anlodipino e com varfarina não alterou o tempo de resposta de protombina da varfarina. besilato de anlodipino 5 mg e 10 mg - comprimidos – VPS08 ciclosporina: nenhum estudo de interação medicamentosa foi conduzido com a ciclosporina e o anlodipino em voluntários saudáveis ou outras populações com exceção dos pacientes com transplante renal.,0,fonte1,manual,1.0
besilato de anlodipino,atorvastatina,Estudos Especiais: Efeito do anlodipino sobre Outros Agentes atorvastatina: a coadministração de doses múltiplas de 10 mg de anlodipino e 80 mg de atorvastatina não resultou em mudança significante nos parâmetros farmacocinéticos no estado de equilíbrio (steady state ) da atorvastatina. digoxina: a coadministração de anlodipino e digoxina não alterou os níveis séricos ou o clearance renal de digoxina nos voluntários sadios. etanol (Álcool): dose única e doses múltiplas de 10 mg de anlodipino não tiveram efeito significante na farmacocinética do etanol. varfarina: a coadministração de anlodipino e com varfarina não alterou o tempo de resposta de protombina da varfarina. besilato de anlodipino 5 mg e 10 mg - comprimidos – VPS08 ciclosporina: nenhum estudo de interação medicamentosa foi conduzido com a ciclosporina e o anlodipino em voluntários saudáveis ou outras populações com exceção dos pacientes com transplante renal.,0,fonte1,manual,1.0
besilato de anlodipino,digoxina,Estudos Especiais: Efeito do anlodipino sobre Outros Agentes atorvastatina: a coadministração de doses múltiplas de 10 mg de anlodipino e 80 mg de atorvastatina não resultou em mudança significante nos parâmetros farmacocinéticos no estado de equilíbrio (steady state ) da atorvastatina. digoxina: a coadministração de anlodipino e digoxina não alterou os níveis séricos ou o clearance renal de digoxina nos voluntários sadios. etanol (Álcool): dose única e doses múltiplas de 10 mg de anlodipino não tiveram efeito significante na farmacocinética do etanol. varfarina: a coadministração de anlodipino e com varfarina não alterou o tempo de resposta de protombina da varfarina. besilato de anlodipino 5 mg e 10 mg - comprimidos – VPS08 ciclosporina: nenhum estudo de interação medicamentosa foi conduzido com a ciclosporina e o anlodipino em voluntários saudáveis ou outras populações com exceção dos pacientes com transplante renal.,0,fonte1,manual,1.0
besilato de anlodipino,anlodipino,Estudos Especiais: Efeito do anlodipino sobre Outros Agentes atorvastatina: a coadministração de doses múltiplas de 10 mg de anlodipino e 80 mg de atorvastatina não resultou em mudança significante nos parâmetros farmacocinéticos no estado de equilíbrio (steady state ) da atorvastatina. digoxina: a coadministração de anlodipino e digoxina não alterou os níveis séricos ou o clearance renal de digoxina nos voluntários sadios. etanol (Álcool): dose única e doses múltiplas de 10 mg de anlodipino não tiveram efeito significante na farmacocinética do etanol. varfarina: a coadministração de anlodipino e com varfarina não alterou o tempo de resposta de protombina da varfarina. besilato de anlodipino 5 mg e 10 mg - comprimidos – VPS08 ciclosporina: nenhum estudo de interação medicamentosa foi conduzido com a ciclosporina e o anlodipino em voluntários saudáveis ou outras populações com exceção dos pacientes com transplante renal.,0,fonte1,manual,1.0
lamotrigina,contraceptivos,"Tabela 1: Efeito de drogas na concentração da lamotrigina (ver Posologia e Modo de Usar): Drogas que aumentam a concentração da lamotrigina Drogas que reduzem a concentração da lamotrigina Drogas que têm pouco ou nenhum efeito na concentração da lamotrigina carbamazepina lítio bupropiona olanzapina oxcarbazepina felbamato gapabentina levetiracetam pregabalina topiramato zonisamida aripripazol lacosamida perampanel paracetamol fenitoína primidona fenobarbitona valproato rifampicina lopinavir/ritonavi r atazanavir/ritonavir* Associação d e etinilestradiol/levonorgestrel* *Para orientações de dosagem, ver Posologia e Modo de Usar – Recomendações gerais para populações de pacientes especiais, adicionalmente para mulheres t omando contraceptivos orais ver t ambém Advertências e Precauçõe s – Contracepti vos hormonais.",1,fonte1,manual,1.0
besilato de anlodipino,varfarina,Estudos Especiais: Efeito do anlodipino sobre Outro s Agentes atorvastatina: a coadministração de doses múltiplas de 10 mg de an lodipino e 80 mg de atorvastatina não resultou em m udança significante nos parâmetros farmacocinéticos no est ado de equilíbrio ( steady state ) da atorvastatina. digoxina: a coadministração de anlodipino e digoxina não alte rou os níveis séricos ou o clearance renal de digoxina nos voluntários sadios. etanol (Álcool): dose única e doses múltiplas de 10 mg de anlodipino não tiveram efeito significante na farmacocinética do etanol. varfarina: a coadministração de anlodipino com varfarina não a lterou o tempo de resposta de protrombina da varfar ina. ciclosporina: nenhum estudo de interação medicamentosa foi conduz ido com a ciclosporina e o anlodipino em voluntário s saudáveis ou outras populações com exceção dos paci entes com transplante renal.,0,fonte1,manual,1.0
besilato de anlodipino,ciclosporina,Estudos Especiais: Efeito do anlodipino sobre Outro s Agentes atorvastatina: a coadministração de doses múltiplas de 10 mg de an lodipino e 80 mg de atorvastatina não resultou em m udança significante nos parâmetros farmacocinéticos no est ado de equilíbrio ( steady state ) da atorvastatina. digoxina: a coadministração de anlodipino e digoxina não alte rou os níveis séricos ou o clearance renal de digoxina nos voluntários sadios. etanol (Álcool): dose única e doses múltiplas de 10 mg de anlodipino não tiveram efeito significante na farmacocinética do etanol. varfarina: a coadministração de anlodipino com varfarina não a lterou o tempo de resposta de protrombina da varfar ina. ciclosporina: nenhum estudo de interação medicamentosa foi conduz ido com a ciclosporina e o anlodipino em voluntário s saudáveis ou outras populações com exceção dos paci entes com transplante renal.,0,fonte1,manual,1.0
besilato de anlodipino,atorvastatina,Estudos Especiais: Efeito do anlodipino sobre Outro s Agentes atorvastatina: a coadministração de doses múltiplas de 10 mg de an lodipino e 80 mg de atorvastatina não resultou em m udança significante nos parâmetros farmacocinéticos no est ado de equilíbrio ( steady state ) da atorvastatina. digoxina: a coadministração de anlodipino e digoxina não alte rou os níveis séricos ou o clearance renal de digoxina nos voluntários sadios. etanol (Álcool): dose única e doses múltiplas de 10 mg de anlodipino não tiveram efeito significante na farmacocinética do etanol. varfarina: a coadministração de anlodipino com varfarina não a lterou o tempo de resposta de protrombina da varfar ina. ciclosporina: nenhum estudo de interação medicamentosa foi conduz ido com a ciclosporina e o anlodipino em voluntário s saudáveis ou outras populações com exceção dos paci entes com transplante renal.,0,fonte1,manual,1.0
besilato de anlodipino,digoxina,Estudos Especiais: Efeito do anlodipino sobre Outro s Agentes atorvastatina: a coadministração de doses múltiplas de 10 mg de an lodipino e 80 mg de atorvastatina não resultou em m udança significante nos parâmetros farmacocinéticos no est ado de equilíbrio ( steady state ) da atorvastatina. digoxina: a coadministração de anlodipino e digoxina não alte rou os níveis séricos ou o clearance renal de digoxina nos voluntários sadios. etanol (Álcool): dose única e doses múltiplas de 10 mg de anlodipino não tiveram efeito significante na farmacocinética do etanol. varfarina: a coadministração de anlodipino com varfarina não a lterou o tempo de resposta de protrombina da varfar ina. ciclosporina: nenhum estudo de interação medicamentosa foi conduz ido com a ciclosporina e o anlodipino em voluntário s saudáveis ou outras populações com exceção dos paci entes com transplante renal.,0,fonte1,manual,1.0
besilato de anlodipino,anlodipino,Estudos Especiais: Efeito do anlodipino sobre Outro s Agentes atorvastatina: a coadministração de doses múltiplas de 10 mg de an lodipino e 80 mg de atorvastatina não resultou em m udança significante nos parâmetros farmacocinéticos no est ado de equilíbrio ( steady state ) da atorvastatina. digoxina: a coadministração de anlodipino e digoxina não alte rou os níveis séricos ou o clearance renal de digoxina nos voluntários sadios. etanol (Álcool): dose única e doses múltiplas de 10 mg de anlodipino não tiveram efeito significante na farmacocinética do etanol. varfarina: a coadministração de anlodipino com varfarina não a lterou o tempo de resposta de protrombina da varfar ina. ciclosporina: nenhum estudo de interação medicamentosa foi conduz ido com a ciclosporina e o anlodipino em voluntário s saudáveis ou outras populações com exceção dos paci entes com transplante renal.,0,fonte1,manual,1.0
cloridrato de donepezila,varfarina,"O cloridrato de donepezila e seu s metabólitos não inibem o meta bolismo da teofilina, varfarina, cimetidina, digoxina, tioridaz ina, risperidona e sertralina em humanos.",0,fonte1,manual,1.0
cloridrato de donepezila,sertralina,"O cloridrato de donepezila e seu s metabólitos não inibem o meta bolismo da teofilina, varfarina, cimetidina, digoxina, tioridaz ina, risperidona e sertralina em humanos.",0,fonte1,manual,1.0
cloridrato de donepezila,digoxina,"O cloridrato de donepezila e seu s metabólitos não inibem o meta bolismo da teofilina, varfarina, cimetidina, digoxina, tioridaz ina, risperidona e sertralina em humanos.",0,fonte1,manual,1.0
cloridrato de donepezila,risperidona,"O cloridrato de donepezila e seu s metabólitos não inibem o meta bolismo da teofilina, varfarina, cimetidina, digoxina, tioridaz ina, risperidona e sertralina em humanos.",0,fonte1,manual,1.0
cloridrato de donepezila,cimetidina,"O cloridrato de donepezila e seu s metabólitos não inibem o meta bolismo da teofilina, varfarina, cimetidina, digoxina, tioridaz ina, risperidona e sertralina em humanos.",0,fonte1,manual,1.0
pantoprazol,diazepam,"Os estudos de interação com fármacos que também são metabolizados com estas vias, como a carbamazepina, diazepam, glibenclamida, nifedipino, fenitoina e um contraceptivo oral contendo levonorgestrel e etinilestradiol, não se observaram interações clínicas significativas.",0,fonte1,manual,1.0
pantoprazol,fenitoina,"Os estudos de interação com fármacos que também são metabolizados com estas vias, como a carbamazepina, diazepam, glibenclamida, nifedipino, fenitoina e um contraceptivo oral contendo levonorgestrel e etinilestradiol, não se observaram interações clínicas significativas.",0,fonte1,manual,1.0
pantoprazol,carbamazepina,"Os estudos de interação com fármacos que também são metabolizados com estas vias, como a carbamazepina, diazepam, glibenclamida, nifedipino, fenitoina e um contraceptivo oral contendo levonorgestrel e etinilestradiol, não se observaram interações clínicas significativas.",0,fonte1,manual,1.0
pantoprazol,glibenclamida,"Os estudos de interação com fármacos que também são metabolizados com estas vias, como a carbamazepina, diazepam, glibenclamida, nifedipino, fenitoina e um contraceptivo oral contendo levonorgestrel e etinilestradiol, não se observaram interações clínicas significativas.",0,fonte1,manual,1.0
pantoprazol,nifedipino,"Os estudos de interação com fármacos que também são metabolizados com estas vias, como a carbamazepina, diazepam, glibenclamida, nifedipino, fenitoina e um contraceptivo oral contendo levonorgestrel e etinilestradiol, não se observaram interações clínicas significativas.",0,fonte1,manual,1.0
desogestrel,eritromicina,"Um método anticoncepcional de barreira deve ser utilizado em adição ao desogestrel durante a administração do medicamento indutor de enzimas hepáticas e por 28 dias após a descontinuação do medicamento indutor de enzimas hepáticas, para mulheres em tratamento prolongado com medicamentos indutores de enzimas , deve ser considerado o uso de um métodoanticonceptivo alternativo não afetado por medicamentos indutores de enzimas. desogestrel – VPS 06 A administração concomitante de inibidores fortes (por exemplo, cetoconazol, itraconazol, claritromicina) ou moderados (por exemplo, fluconazol, diltiazem, eritromicina) da CYP3A4 podem aumentar as concentrações séricas dos progestagênios, incluindo o etonogestrel, o metabólito ativo do desogestrel.",1,fonte1,manual,1.0
desogestrel,claritromicina,"Um método anticoncepcional de barreira deve ser utilizado em adição ao desogestrel durante a administração do medicamento indutor de enzimas hepáticas e por 28 dias após a descontinuação do medicamento indutor de enzimas hepáticas, para mulheres em tratamento prolongado com medicamentos indutores de enzimas , deve ser considerado o uso de um métodoanticonceptivo alternativo não afetado por medicamentos indutores de enzimas. desogestrel – VPS 06 A administração concomitante de inibidores fortes (por exemplo, cetoconazol, itraconazol, claritromicina) ou moderados (por exemplo, fluconazol, diltiazem, eritromicina) da CYP3A4 podem aumentar as concentrações séricas dos progestagênios, incluindo o etonogestrel, o metabólito ativo do desogestrel.",1,fonte1,manual,1.0
desogestrel,cetoconazol,"Um método anticoncepcional de barreira deve ser utilizado em adição ao desogestrel durante a administração do medicamento indutor de enzimas hepáticas e por 28 dias após a descontinuação do medicamento indutor de enzimas hepáticas, para mulheres em tratamento prolongado com medicamentos indutores de enzimas , deve ser considerado o uso de um métodoanticonceptivo alternativo não afetado por medicamentos indutores de enzimas. desogestrel – VPS 06 A administração concomitante de inibidores fortes (por exemplo, cetoconazol, itraconazol, claritromicina) ou moderados (por exemplo, fluconazol, diltiazem, eritromicina) da CYP3A4 podem aumentar as concentrações séricas dos progestagênios, incluindo o etonogestrel, o metabólito ativo do desogestrel.",1,fonte1,manual,1.0
desogestrel,fluconazol,"Um método anticoncepcional de barreira deve ser utilizado em adição ao desogestrel durante a administração do medicamento indutor de enzimas hepáticas e por 28 dias após a descontinuação do medicamento indutor de enzimas hepáticas, para mulheres em tratamento prolongado com medicamentos indutores de enzimas , deve ser considerado o uso de um métodoanticonceptivo alternativo não afetado por medicamentos indutores de enzimas. desogestrel – VPS 06 A administração concomitante de inibidores fortes (por exemplo, cetoconazol, itraconazol, claritromicina) ou moderados (por exemplo, fluconazol, diltiazem, eritromicina) da CYP3A4 podem aumentar as concentrações séricas dos progestagênios, incluindo o etonogestrel, o metabólito ativo do desogestrel.",1,fonte1,manual,1.0
desogestrel,itraconazol,"Um método anticoncepcional de barreira deve ser utilizado em adição ao desogestrel durante a administração do medicamento indutor de enzimas hepáticas e por 28 dias após a descontinuação do medicamento indutor de enzimas hepáticas, para mulheres em tratamento prolongado com medicamentos indutores de enzimas , deve ser considerado o uso de um métodoanticonceptivo alternativo não afetado por medicamentos indutores de enzimas. desogestrel – VPS 06 A administração concomitante de inibidores fortes (por exemplo, cetoconazol, itraconazol, claritromicina) ou moderados (por exemplo, fluconazol, diltiazem, eritromicina) da CYP3A4 podem aumentar as concentrações séricas dos progestagênios, incluindo o etonogestrel, o metabólito ativo do desogestrel.",1,fonte1,manual,1.0
atorvastatina calcica,ciclosporina,"INTERAÇÕES MEDICAMENTOSAS VPS8= atorvastatina cálcica _Bula_Profissional 15 O risco de mio patia durante o tratamento com inibidores da HMG -CoA redut ase se apresenta aumentado com a administração concomitante de ciclosporina, fibratos, niacina em doses que alteram o perfil lipídico ou inibidores do citocromo P450 3A4 /transportadores , (por exempl o, eritromicina e antifúngicos azólicos) (vide a seguir e nos itens 8.",1,fonte1,manual,1.0
atorvastatina calcica,eritromicina,"INTERAÇÕES MEDICAMENTOSAS VPS8= atorvastatina cálcica _Bula_Profissional 15 O risco de mio patia durante o tratamento com inibidores da HMG -CoA redut ase se apresenta aumentado com a administração concomitante de ciclosporina, fibratos, niacina em doses que alteram o perfil lipídico ou inibidores do citocromo P450 3A4 /transportadores , (por exempl o, eritromicina e antifúngicos azólicos) (vide a seguir e nos itens 8.",1,fonte1,manual,1.0
atorvastatina calcica,atorvastatina,"INTERAÇÕES MEDICAMENTOSAS VPS8= atorvastatina cálcica _Bula_Profissional 15 O risco de mio patia durante o tratamento com inibidores da HMG -CoA redut ase se apresenta aumentado com a administração concomitante de ciclosporina, fibratos, niacina em doses que alteram o perfil lipídico ou inibidores do citocromo P450 3A4 /transportadores , (por exempl o, eritromicina e antifúngicos azólicos) (vide a seguir e nos itens 8.",1,fonte1,manual,1.0
atorvastatina calcica,niacina,"INTERAÇÕES MEDICAMENTOSAS VPS8= atorvastatina cálcica _Bula_Profissional 15 O risco de mio patia durante o tratamento com inibidores da HMG -CoA redut ase se apresenta aumentado com a administração concomitante de ciclosporina, fibratos, niacina em doses que alteram o perfil lipídico ou inibidores do citocromo P450 3A4 /transportadores , (por exempl o, eritromicina e antifúngicos azólicos) (vide a seguir e nos itens 8.",1,fonte1,manual,1.0
atorvastatina calcica,fibratos,"INTERAÇÕES MEDICAMENTOSAS VPS8= atorvastatina cálcica _Bula_Profissional 15 O risco de mio patia durante o tratamento com inibidores da HMG -CoA redut ase se apresenta aumentado com a administração concomitante de ciclosporina, fibratos, niacina em doses que alteram o perfil lipídico ou inibidores do citocromo P450 3A4 /transportadores , (por exempl o, eritromicina e antifúngicos azólicos) (vide a seguir e nos itens 8.",1,fonte1,manual,1.0
cloridrato de donepezila,varfarina,"O cloridrato de donepezila e seus metabólito s não inibem o metabolis mo da teofilina, varfarina, cimetidina, digoxina, tioridazina, risperidona e sertralina em humanos.",0,fonte1,manual,1.0
cloridrato de donepezila,sertralina,"O cloridrato de donepezila e seus metabólito s não inibem o metabolis mo da teofilina, varfarina, cimetidina, digoxina, tioridazina, risperidona e sertralina em humanos.",0,fonte1,manual,1.0
cloridrato de donepezila,digoxina,"O cloridrato de donepezila e seus metabólito s não inibem o metabolis mo da teofilina, varfarina, cimetidina, digoxina, tioridazina, risperidona e sertralina em humanos.",0,fonte1,manual,1.0
cloridrato de donepezila,risperidona,"O cloridrato de donepezila e seus metabólito s não inibem o metabolis mo da teofilina, varfarina, cimetidina, digoxina, tioridazina, risperidona e sertralina em humanos.",0,fonte1,manual,1.0
cloridrato de donepezila,cimetidina,"O cloridrato de donepezila e seus metabólito s não inibem o metabolis mo da teofilina, varfarina, cimetidina, digoxina, tioridazina, risperidona e sertralina em humanos.",0,fonte1,manual,1.0
acetato de ciproterona etinilestradiol,eritromicina,"Estas alterações podem ser clinicamente relevantes em alguns casos. • Substâncias que reduzem a depuração de acetato de ciproterona + etinilestradiol (inibidores enzimáticos): Inibidores fortes e moderados do CYP3A4, tais como antifúngicos azólicos (por exemplo, itraconazol, voriconazol, fluconazol), verapamil, antibióticos macrolídeos (por exemplo, claritromicina, eritromicina), diltiazem e suco de tor anja (“grapefruit”) podem aumentar as concentrações plasmáticas de estrogênio ou de progestógeno, ou de ambos.",1,fonte1,manual,1.0
acetato de ciproterona etinilestradiol,claritromicina,"Estas alterações podem ser clinicamente relevantes em alguns casos. • Substâncias que reduzem a depuração de acetato de ciproterona + etinilestradiol (inibidores enzimáticos): Inibidores fortes e moderados do CYP3A4, tais como antifúngicos azólicos (por exemplo, itraconazol, voriconazol, fluconazol), verapamil, antibióticos macrolídeos (por exemplo, claritromicina, eritromicina), diltiazem e suco de tor anja (“grapefruit”) podem aumentar as concentrações plasmáticas de estrogênio ou de progestógeno, ou de ambos.",1,fonte1,manual,1.0
acetato de ciproterona etinilestradiol,fluconazol,"Estas alterações podem ser clinicamente relevantes em alguns casos. • Substâncias que reduzem a depuração de acetato de ciproterona + etinilestradiol (inibidores enzimáticos): Inibidores fortes e moderados do CYP3A4, tais como antifúngicos azólicos (por exemplo, itraconazol, voriconazol, fluconazol), verapamil, antibióticos macrolídeos (por exemplo, claritromicina, eritromicina), diltiazem e suco de tor anja (“grapefruit”) podem aumentar as concentrações plasmáticas de estrogênio ou de progestógeno, ou de ambos.",1,fonte1,manual,1.0
acetato de ciproterona etinilestradiol,itraconazol,"Estas alterações podem ser clinicamente relevantes em alguns casos. • Substâncias que reduzem a depuração de acetato de ciproterona + etinilestradiol (inibidores enzimáticos): Inibidores fortes e moderados do CYP3A4, tais como antifúngicos azólicos (por exemplo, itraconazol, voriconazol, fluconazol), verapamil, antibióticos macrolídeos (por exemplo, claritromicina, eritromicina), diltiazem e suco de tor anja (“grapefruit”) podem aumentar as concentrações plasmáticas de estrogênio ou de progestógeno, ou de ambos.",1,fonte1,manual,1.0
acetato de ciproterona etinilestradiol,diltiazem,"Estas alterações podem ser clinicamente relevantes em alguns casos. • Substâncias que reduzem a depuração de acetato de ciproterona + etinilestradiol (inibidores enzimáticos): Inibidores fortes e moderados do CYP3A4, tais como antifúngicos azólicos (por exemplo, itraconazol, voriconazol, fluconazol), verapamil, antibióticos macrolídeos (por exemplo, claritromicina, eritromicina), diltiazem e suco de tor anja (“grapefruit”) podem aumentar as concentrações plasmáticas de estrogênio ou de progestógeno, ou de ambos.",1,fonte1,manual,1.0
cloridrato de donepezila cloridrato de memantina,varfarina,"O cloridrato de donepezila e seus metabólitos não inibem o metabolismo da teofilina, varfarina, cimetidina, digoxina, tioridazina, risperidona e sertralina em humanos.",0,fonte1,manual,1.0
cloridrato de donepezila cloridrato de memantina,sertralina,"O cloridrato de donepezila e seus metabólitos não inibem o metabolismo da teofilina, varfarina, cimetidina, digoxina, tioridazina, risperidona e sertralina em humanos.",0,fonte1,manual,1.0
cloridrato de donepezila cloridrato de memantina,digoxina,"O cloridrato de donepezila e seus metabólitos não inibem o metabolismo da teofilina, varfarina, cimetidina, digoxina, tioridazina, risperidona e sertralina em humanos.",0,fonte1,manual,1.0
cloridrato de donepezila cloridrato de memantina,risperidona,"O cloridrato de donepezila e seus metabólitos não inibem o metabolismo da teofilina, varfarina, cimetidina, digoxina, tioridazina, risperidona e sertralina em humanos.",0,fonte1,manual,1.0
cloridrato de donepezila cloridrato de memantina,cimetidina,"O cloridrato de donepezila e seus metabólitos não inibem o metabolismo da teofilina, varfarina, cimetidina, digoxina, tioridazina, risperidona e sertralina em humanos.",0,fonte1,manual,1.0
ramelteona,varfarina,"A administração concomitante de ramelteona com omeprazol (substrato da CYP2C19), dextrometorfano (substrato da CYP2D6), midazolam (substrato da CYP3A4), teofilina (substrato da CYP1A2), digoxina (substrato da p- glicoproteína), varfarina (substrato da CYP2C 9 [S]/CYP1A2 [R]), venlafaxina, fluvoxamina, donepezila, doxepina, sertralina, escitalopram, zolpidem, lorazepam, gabapentina ou contraceptivo oral combinado contendo estradiol e levonorgestrel não produziu alterações clinicamente significativas nas exposi ções máxima e total a essas drogas.",0,fonte1,manual,1.0
ramelteona,omeprazol,"A administração concomitante de ramelteona com omeprazol (substrato da CYP2C19), dextrometorfano (substrato da CYP2D6), midazolam (substrato da CYP3A4), teofilina (substrato da CYP1A2), digoxina (substrato da p- glicoproteína), varfarina (substrato da CYP2C 9 [S]/CYP1A2 [R]), venlafaxina, fluvoxamina, donepezila, doxepina, sertralina, escitalopram, zolpidem, lorazepam, gabapentina ou contraceptivo oral combinado contendo estradiol e levonorgestrel não produziu alterações clinicamente significativas nas exposi ções máxima e total a essas drogas.",0,fonte1,manual,1.0
ramelteona,sertralina,"A administração concomitante de ramelteona com omeprazol (substrato da CYP2C19), dextrometorfano (substrato da CYP2D6), midazolam (substrato da CYP3A4), teofilina (substrato da CYP1A2), digoxina (substrato da p- glicoproteína), varfarina (substrato da CYP2C 9 [S]/CYP1A2 [R]), venlafaxina, fluvoxamina, donepezila, doxepina, sertralina, escitalopram, zolpidem, lorazepam, gabapentina ou contraceptivo oral combinado contendo estradiol e levonorgestrel não produziu alterações clinicamente significativas nas exposi ções máxima e total a essas drogas.",0,fonte1,manual,1.0
ramelteona,digoxina,"A administração concomitante de ramelteona com omeprazol (substrato da CYP2C19), dextrometorfano (substrato da CYP2D6), midazolam (substrato da CYP3A4), teofilina (substrato da CYP1A2), digoxina (substrato da p- glicoproteína), varfarina (substrato da CYP2C 9 [S]/CYP1A2 [R]), venlafaxina, fluvoxamina, donepezila, doxepina, sertralina, escitalopram, zolpidem, lorazepam, gabapentina ou contraceptivo oral combinado contendo estradiol e levonorgestrel não produziu alterações clinicamente significativas nas exposi ções máxima e total a essas drogas.",0,fonte1,manual,1.0
ramelteona,gabapentina,"A administração concomitante de ramelteona com omeprazol (substrato da CYP2C19), dextrometorfano (substrato da CYP2D6), midazolam (substrato da CYP3A4), teofilina (substrato da CYP1A2), digoxina (substrato da p- glicoproteína), varfarina (substrato da CYP2C 9 [S]/CYP1A2 [R]), venlafaxina, fluvoxamina, donepezila, doxepina, sertralina, escitalopram, zolpidem, lorazepam, gabapentina ou contraceptivo oral combinado contendo estradiol e levonorgestrel não produziu alterações clinicamente significativas nas exposi ções máxima e total a essas drogas.",0,fonte1,manual,1.0
gelmax,digoxina,"Interações Medicamento - Medicamento Os seguintes medicamentos têm seu efeito diminuído quando administrados concomitantemente com GELMAX®: tetraciclinas, fenitoínas, antifúngicos azólicos (ex. fluconazol, itraconazol, isoconazol), etambutol, suplementos orais de ferro, cefalosporinas (como cefazolina e cefadroxil a), gabapentina, digoxina, erlotinibe, atazanavir, amprenavir, preparações para tireoide (levotiroxina, por exemplo), bloqueadores dos canais de cálcio (por exemplo: anlodipin o, nifedipin o e verapamil).",1,fonte1,manual,1.0
gelmax,fluconazol,"Interações Medicamento - Medicamento Os seguintes medicamentos têm seu efeito diminuído quando administrados concomitantemente com GELMAX®: tetraciclinas, fenitoínas, antifúngicos azólicos (ex. fluconazol, itraconazol, isoconazol), etambutol, suplementos orais de ferro, cefalosporinas (como cefazolina e cefadroxil a), gabapentina, digoxina, erlotinibe, atazanavir, amprenavir, preparações para tireoide (levotiroxina, por exemplo), bloqueadores dos canais de cálcio (por exemplo: anlodipin o, nifedipin o e verapamil).",1,fonte1,manual,1.0
gelmax,itraconazol,"Interações Medicamento - Medicamento Os seguintes medicamentos têm seu efeito diminuído quando administrados concomitantemente com GELMAX®: tetraciclinas, fenitoínas, antifúngicos azólicos (ex. fluconazol, itraconazol, isoconazol), etambutol, suplementos orais de ferro, cefalosporinas (como cefazolina e cefadroxil a), gabapentina, digoxina, erlotinibe, atazanavir, amprenavir, preparações para tireoide (levotiroxina, por exemplo), bloqueadores dos canais de cálcio (por exemplo: anlodipin o, nifedipin o e verapamil).",1,fonte1,manual,1.0
gelmax,levotiroxina,"Interações Medicamento - Medicamento Os seguintes medicamentos têm seu efeito diminuído quando administrados concomitantemente com GELMAX®: tetraciclinas, fenitoínas, antifúngicos azólicos (ex. fluconazol, itraconazol, isoconazol), etambutol, suplementos orais de ferro, cefalosporinas (como cefazolina e cefadroxil a), gabapentina, digoxina, erlotinibe, atazanavir, amprenavir, preparações para tireoide (levotiroxina, por exemplo), bloqueadores dos canais de cálcio (por exemplo: anlodipin o, nifedipin o e verapamil).",1,fonte1,manual,1.0
gelmax,verapamil,"Interações Medicamento - Medicamento Os seguintes medicamentos têm seu efeito diminuído quando administrados concomitantemente com GELMAX®: tetraciclinas, fenitoínas, antifúngicos azólicos (ex. fluconazol, itraconazol, isoconazol), etambutol, suplementos orais de ferro, cefalosporinas (como cefazolina e cefadroxil a), gabapentina, digoxina, erlotinibe, atazanavir, amprenavir, preparações para tireoide (levotiroxina, por exemplo), bloqueadores dos canais de cálcio (por exemplo: anlodipin o, nifedipin o e verapamil).",1,fonte1,manual,1.0
acido acetilsalicilico,digoxina,"O ácido acetilsalicílico aumenta: • o risco de sangramento pelo uso de medicamentos anticoagulantes, agentes antiagregantes plaquetários ou álcool; • a toxicidade do metotrexato (quando utilizado em doses < 15 mg/semana) e do ácido valproico; • o risco de lesão gastrintestinal pelo uso de outros anti -inflamatórios não esteroidais (AINES) ou álcool; • o risco de sangramento gastrintestinal pelo uso de inibidores seletivos de recaptação da serotonina ou AINES; • os níveis sanguíneos de digoxina; • o efeito de determinados antidiabéticos, medicamentos para diminuir a taxa de açúcar no sangue (por exemplo, insulina, sulfonilureia); • o risco de superdose por salicilatos quando interrompido o tratamento com glicocorticoides sistêmicos.",1,fonte1,manual,1.0
acido acetilsalicilico,metotrexato,"O ácido acetilsalicílico aumenta: • o risco de sangramento pelo uso de medicamentos anticoagulantes, agentes antiagregantes plaquetários ou álcool; • a toxicidade do metotrexato (quando utilizado em doses < 15 mg/semana) e do ácido valproico; • o risco de lesão gastrintestinal pelo uso de outros anti -inflamatórios não esteroidais (AINES) ou álcool; • o risco de sangramento gastrintestinal pelo uso de inibidores seletivos de recaptação da serotonina ou AINES; • os níveis sanguíneos de digoxina; • o efeito de determinados antidiabéticos, medicamentos para diminuir a taxa de açúcar no sangue (por exemplo, insulina, sulfonilureia); • o risco de superdose por salicilatos quando interrompido o tratamento com glicocorticoides sistêmicos.",1,fonte1,manual,1.0
acido acetilsalicilico,insulina,"O ácido acetilsalicílico aumenta: • o risco de sangramento pelo uso de medicamentos anticoagulantes, agentes antiagregantes plaquetários ou álcool; • a toxicidade do metotrexato (quando utilizado em doses < 15 mg/semana) e do ácido valproico; • o risco de lesão gastrintestinal pelo uso de outros anti -inflamatórios não esteroidais (AINES) ou álcool; • o risco de sangramento gastrintestinal pelo uso de inibidores seletivos de recaptação da serotonina ou AINES; • os níveis sanguíneos de digoxina; • o efeito de determinados antidiabéticos, medicamentos para diminuir a taxa de açúcar no sangue (por exemplo, insulina, sulfonilureia); • o risco de superdose por salicilatos quando interrompido o tratamento com glicocorticoides sistêmicos.",1,fonte1,manual,1.0
acido acetilsalicilico,valproico,"O ácido acetilsalicílico aumenta: • o risco de sangramento pelo uso de medicamentos anticoagulantes, agentes antiagregantes plaquetários ou álcool; • a toxicidade do metotrexato (quando utilizado em doses < 15 mg/semana) e do ácido valproico; • o risco de lesão gastrintestinal pelo uso de outros anti -inflamatórios não esteroidais (AINES) ou álcool; • o risco de sangramento gastrintestinal pelo uso de inibidores seletivos de recaptação da serotonina ou AINES; • os níveis sanguíneos de digoxina; • o efeito de determinados antidiabéticos, medicamentos para diminuir a taxa de açúcar no sangue (por exemplo, insulina, sulfonilureia); • o risco de superdose por salicilatos quando interrompido o tratamento com glicocorticoides sistêmicos.",1,fonte1,manual,1.0
acido acetilsalicilico,anticoagulantes,"O ácido acetilsalicílico aumenta: • o risco de sangramento pelo uso de medicamentos anticoagulantes, agentes antiagregantes plaquetários ou álcool; • a toxicidade do metotrexato (quando utilizado em doses < 15 mg/semana) e do ácido valproico; • o risco de lesão gastrintestinal pelo uso de outros anti -inflamatórios não esteroidais (AINES) ou álcool; • o risco de sangramento gastrintestinal pelo uso de inibidores seletivos de recaptação da serotonina ou AINES; • os níveis sanguíneos de digoxina; • o efeito de determinados antidiabéticos, medicamentos para diminuir a taxa de açúcar no sangue (por exemplo, insulina, sulfonilureia); • o risco de superdose por salicilatos quando interrompido o tratamento com glicocorticoides sistêmicos.",1,fonte1,manual,1.0
acido acetilsalicilico,digoxina,"Combinações que requerem precauções para o uso: · metotrexato em doses inferiores a 15 mg/semana: aumento da toxicidade hematológica do metotrexato (diminuição da depuração renal do metotrexato por agentes anti -inflamatórios em geral e deslocamento do metotrexato de sua ligação na proteína plasmática pelos salicilatos); · Anticoagulantes, trombolíticos/ outros inibidores da agregação plaquetária/ hemóstase : aumento do risco de sangramento; · Outros anti -inflamatórios não -esteroidais com salicilatos em doses elevadas: aumento do risco de úlceras e sangramento gastrintestinal devido ao efeito sinérgico; · Inibidores seletivos da recaptação de serotonina ( ISRSs ): aumento do risco de sangramento gastrintestinal superior possivelmente em razão do efeito sinérgico ; · digoxina: aumento das concentrações plasmáticas de digoxina em função da diminuição da excreção renal; · Antidiabéticos, por exemplo, insulina e sulfonilureias: aumento do efeito hipoglicêmico por altas doses do ácido acetilsalicílico por ação hipoglicêmica do ácido acetilsalicílico e deslocamento da sulfonilureia de sua ligação nas proteínas plasmáticas; · Diuréticos em combinação com ácido acetilsalicílico em altas doses: diminuição da filtração glomerular por diminuição da síntese renal de prostaglandina; · Glicocorticoides sistêmicos, exceto hidrocortisona usada como terapia de reposição na doença de Addison: diminuição dos níveis de salicilato plasmático durante o tratamento com corticosteroides e risco de superdose de salicilato após interrupção do tratamento, devido ao aumento da eliminação de salicilatos pelos corticosteroides; · Inibidores da enzima conversora de angiotensina (ECA) em combinação com ácido acetilsalicílico em altas doses: diminuição da filtração glomerular por inibição das prostaglandinas vasodilatadoras.",1,fonte1,manual,1.0
acido acetilsalicilico,metotrexato,"Combinações que requerem precauções para o uso: · metotrexato em doses inferiores a 15 mg/semana: aumento da toxicidade hematológica do metotrexato (diminuição da depuração renal do metotrexato por agentes anti -inflamatórios em geral e deslocamento do metotrexato de sua ligação na proteína plasmática pelos salicilatos); · Anticoagulantes, trombolíticos/ outros inibidores da agregação plaquetária/ hemóstase : aumento do risco de sangramento; · Outros anti -inflamatórios não -esteroidais com salicilatos em doses elevadas: aumento do risco de úlceras e sangramento gastrintestinal devido ao efeito sinérgico; · Inibidores seletivos da recaptação de serotonina ( ISRSs ): aumento do risco de sangramento gastrintestinal superior possivelmente em razão do efeito sinérgico ; · digoxina: aumento das concentrações plasmáticas de digoxina em função da diminuição da excreção renal; · Antidiabéticos, por exemplo, insulina e sulfonilureias: aumento do efeito hipoglicêmico por altas doses do ácido acetilsalicílico por ação hipoglicêmica do ácido acetilsalicílico e deslocamento da sulfonilureia de sua ligação nas proteínas plasmáticas; · Diuréticos em combinação com ácido acetilsalicílico em altas doses: diminuição da filtração glomerular por diminuição da síntese renal de prostaglandina; · Glicocorticoides sistêmicos, exceto hidrocortisona usada como terapia de reposição na doença de Addison: diminuição dos níveis de salicilato plasmático durante o tratamento com corticosteroides e risco de superdose de salicilato após interrupção do tratamento, devido ao aumento da eliminação de salicilatos pelos corticosteroides; · Inibidores da enzima conversora de angiotensina (ECA) em combinação com ácido acetilsalicílico em altas doses: diminuição da filtração glomerular por inibição das prostaglandinas vasodilatadoras.",1,fonte1,manual,1.0
acido acetilsalicilico,insulina,"Combinações que requerem precauções para o uso: · metotrexato em doses inferiores a 15 mg/semana: aumento da toxicidade hematológica do metotrexato (diminuição da depuração renal do metotrexato por agentes anti -inflamatórios em geral e deslocamento do metotrexato de sua ligação na proteína plasmática pelos salicilatos); · Anticoagulantes, trombolíticos/ outros inibidores da agregação plaquetária/ hemóstase : aumento do risco de sangramento; · Outros anti -inflamatórios não -esteroidais com salicilatos em doses elevadas: aumento do risco de úlceras e sangramento gastrintestinal devido ao efeito sinérgico; · Inibidores seletivos da recaptação de serotonina ( ISRSs ): aumento do risco de sangramento gastrintestinal superior possivelmente em razão do efeito sinérgico ; · digoxina: aumento das concentrações plasmáticas de digoxina em função da diminuição da excreção renal; · Antidiabéticos, por exemplo, insulina e sulfonilureias: aumento do efeito hipoglicêmico por altas doses do ácido acetilsalicílico por ação hipoglicêmica do ácido acetilsalicílico e deslocamento da sulfonilureia de sua ligação nas proteínas plasmáticas; · Diuréticos em combinação com ácido acetilsalicílico em altas doses: diminuição da filtração glomerular por diminuição da síntese renal de prostaglandina; · Glicocorticoides sistêmicos, exceto hidrocortisona usada como terapia de reposição na doença de Addison: diminuição dos níveis de salicilato plasmático durante o tratamento com corticosteroides e risco de superdose de salicilato após interrupção do tratamento, devido ao aumento da eliminação de salicilatos pelos corticosteroides; · Inibidores da enzima conversora de angiotensina (ECA) em combinação com ácido acetilsalicílico em altas doses: diminuição da filtração glomerular por inibição das prostaglandinas vasodilatadoras.",1,fonte1,manual,1.0
acido acetilsalicilico,anticoagulantes,"Combinações que requerem precauções para o uso: · metotrexato em doses inferiores a 15 mg/semana: aumento da toxicidade hematológica do metotrexato (diminuição da depuração renal do metotrexato por agentes anti -inflamatórios em geral e deslocamento do metotrexato de sua ligação na proteína plasmática pelos salicilatos); · Anticoagulantes, trombolíticos/ outros inibidores da agregação plaquetária/ hemóstase : aumento do risco de sangramento; · Outros anti -inflamatórios não -esteroidais com salicilatos em doses elevadas: aumento do risco de úlceras e sangramento gastrintestinal devido ao efeito sinérgico; · Inibidores seletivos da recaptação de serotonina ( ISRSs ): aumento do risco de sangramento gastrintestinal superior possivelmente em razão do efeito sinérgico ; · digoxina: aumento das concentrações plasmáticas de digoxina em função da diminuição da excreção renal; · Antidiabéticos, por exemplo, insulina e sulfonilureias: aumento do efeito hipoglicêmico por altas doses do ácido acetilsalicílico por ação hipoglicêmica do ácido acetilsalicílico e deslocamento da sulfonilureia de sua ligação nas proteínas plasmáticas; · Diuréticos em combinação com ácido acetilsalicílico em altas doses: diminuição da filtração glomerular por diminuição da síntese renal de prostaglandina; · Glicocorticoides sistêmicos, exceto hidrocortisona usada como terapia de reposição na doença de Addison: diminuição dos níveis de salicilato plasmático durante o tratamento com corticosteroides e risco de superdose de salicilato após interrupção do tratamento, devido ao aumento da eliminação de salicilatos pelos corticosteroides; · Inibidores da enzima conversora de angiotensina (ECA) em combinação com ácido acetilsalicílico em altas doses: diminuição da filtração glomerular por inibição das prostaglandinas vasodilatadoras.",1,fonte1,manual,1.0
acido acetilsalicilico,corticosteroides,"Combinações que requerem precauções para o uso: · metotrexato em doses inferiores a 15 mg/semana: aumento da toxicidade hematológica do metotrexato (diminuição da depuração renal do metotrexato por agentes anti -inflamatórios em geral e deslocamento do metotrexato de sua ligação na proteína plasmática pelos salicilatos); · Anticoagulantes, trombolíticos/ outros inibidores da agregação plaquetária/ hemóstase : aumento do risco de sangramento; · Outros anti -inflamatórios não -esteroidais com salicilatos em doses elevadas: aumento do risco de úlceras e sangramento gastrintestinal devido ao efeito sinérgico; · Inibidores seletivos da recaptação de serotonina ( ISRSs ): aumento do risco de sangramento gastrintestinal superior possivelmente em razão do efeito sinérgico ; · digoxina: aumento das concentrações plasmáticas de digoxina em função da diminuição da excreção renal; · Antidiabéticos, por exemplo, insulina e sulfonilureias: aumento do efeito hipoglicêmico por altas doses do ácido acetilsalicílico por ação hipoglicêmica do ácido acetilsalicílico e deslocamento da sulfonilureia de sua ligação nas proteínas plasmáticas; · Diuréticos em combinação com ácido acetilsalicílico em altas doses: diminuição da filtração glomerular por diminuição da síntese renal de prostaglandina; · Glicocorticoides sistêmicos, exceto hidrocortisona usada como terapia de reposição na doença de Addison: diminuição dos níveis de salicilato plasmático durante o tratamento com corticosteroides e risco de superdose de salicilato após interrupção do tratamento, devido ao aumento da eliminação de salicilatos pelos corticosteroides; · Inibidores da enzima conversora de angiotensina (ECA) em combinação com ácido acetilsalicílico em altas doses: diminuição da filtração glomerular por inibição das prostaglandinas vasodilatadoras.",1,fonte1,manual,1.0
besilato de anlodipino,varfarina,Estudos Especiais: Efeito do anlodipino sobre Outros A gentes atorvastatina: a coadministração de doses múltiplas de 10 mg de anlodipino e 80 mg de atorvastatina não resultou em mudança significante nos parâmetros farmacocinéticos no estado de equilíbrio ( steady -state) da atorvastatina. digoxina: a coadministração de anlodipino e digoxina não alterou os níveis séricos ou o clearance renal de digoxina nos voluntários sadios. etanol (á lcool): dose única e doses múltiplas de 10 mg de anlodipino não tiveram efeito significante na farmacocinética do etanol. varfarina: a coadministração de anlodipino com varfarina não alterou o tempo de resposta de protrombina da varfarina. ciclosporina: nenhum estudo de interação medicamentosa foi conduzido com a ciclosporina e o anlodipino em voluntários saudáveis ou outras populações com exceção dos pacientes com transplante renal.,0,fonte1,manual,1.0
besilato de anlodipino,ciclosporina,Estudos Especiais: Efeito do anlodipino sobre Outros A gentes atorvastatina: a coadministração de doses múltiplas de 10 mg de anlodipino e 80 mg de atorvastatina não resultou em mudança significante nos parâmetros farmacocinéticos no estado de equilíbrio ( steady -state) da atorvastatina. digoxina: a coadministração de anlodipino e digoxina não alterou os níveis séricos ou o clearance renal de digoxina nos voluntários sadios. etanol (á lcool): dose única e doses múltiplas de 10 mg de anlodipino não tiveram efeito significante na farmacocinética do etanol. varfarina: a coadministração de anlodipino com varfarina não alterou o tempo de resposta de protrombina da varfarina. ciclosporina: nenhum estudo de interação medicamentosa foi conduzido com a ciclosporina e o anlodipino em voluntários saudáveis ou outras populações com exceção dos pacientes com transplante renal.,0,fonte1,manual,1.0
besilato de anlodipino,atorvastatina,Estudos Especiais: Efeito do anlodipino sobre Outros A gentes atorvastatina: a coadministração de doses múltiplas de 10 mg de anlodipino e 80 mg de atorvastatina não resultou em mudança significante nos parâmetros farmacocinéticos no estado de equilíbrio ( steady -state) da atorvastatina. digoxina: a coadministração de anlodipino e digoxina não alterou os níveis séricos ou o clearance renal de digoxina nos voluntários sadios. etanol (á lcool): dose única e doses múltiplas de 10 mg de anlodipino não tiveram efeito significante na farmacocinética do etanol. varfarina: a coadministração de anlodipino com varfarina não alterou o tempo de resposta de protrombina da varfarina. ciclosporina: nenhum estudo de interação medicamentosa foi conduzido com a ciclosporina e o anlodipino em voluntários saudáveis ou outras populações com exceção dos pacientes com transplante renal.,0,fonte1,manual,1.0
besilato de anlodipino,digoxina,Estudos Especiais: Efeito do anlodipino sobre Outros A gentes atorvastatina: a coadministração de doses múltiplas de 10 mg de anlodipino e 80 mg de atorvastatina não resultou em mudança significante nos parâmetros farmacocinéticos no estado de equilíbrio ( steady -state) da atorvastatina. digoxina: a coadministração de anlodipino e digoxina não alterou os níveis séricos ou o clearance renal de digoxina nos voluntários sadios. etanol (á lcool): dose única e doses múltiplas de 10 mg de anlodipino não tiveram efeito significante na farmacocinética do etanol. varfarina: a coadministração de anlodipino com varfarina não alterou o tempo de resposta de protrombina da varfarina. ciclosporina: nenhum estudo de interação medicamentosa foi conduzido com a ciclosporina e o anlodipino em voluntários saudáveis ou outras populações com exceção dos pacientes com transplante renal.,0,fonte1,manual,1.0
besilato de anlodipino,anlodipino,Estudos Especiais: Efeito do anlodipino sobre Outros A gentes atorvastatina: a coadministração de doses múltiplas de 10 mg de anlodipino e 80 mg de atorvastatina não resultou em mudança significante nos parâmetros farmacocinéticos no estado de equilíbrio ( steady -state) da atorvastatina. digoxina: a coadministração de anlodipino e digoxina não alterou os níveis séricos ou o clearance renal de digoxina nos voluntários sadios. etanol (á lcool): dose única e doses múltiplas de 10 mg de anlodipino não tiveram efeito significante na farmacocinética do etanol. varfarina: a coadministração de anlodipino com varfarina não alterou o tempo de resposta de protrombina da varfarina. ciclosporina: nenhum estudo de interação medicamentosa foi conduzido com a ciclosporina e o anlodipino em voluntários saudáveis ou outras populações com exceção dos pacientes com transplante renal.,0,fonte1,manual,1.0
cloridrato de verapamil,eritromicina,"Vide bula de colchicina Antibacterianos claritromicina Possível aumento nos níveis de verapamil --- eritromicina Possível aumento dos níveis de verapamil --- rifampicina Diminui ASC (~97%), Cmax (~94%) e biodisponibilidade oral (~92%) do verapamil O efeito hipotensor do verapamil pode ser reduzido telitromicina Possível aumento dos níveis de verapamil --- Antineoplásicos doxorrubicina Aumenta ASC (104%) e Cmax (61%) da doxorrubicina com a administração oral de verapamil Em pacientes com carcinoma pulmonar de células pequenas Barbitúricos fenobarbital Aumenta a depuração do verapamil oral (~5 vezes) --- Benzodiazepínicos e outros ansiolíticos buspirona Aumenta ASC e Cmax da buspirona em 3 -4 vezes --- midazolam Aumenta ASC (~3 vezes) e Cmax (~2 vezes) do midazolam --- Betabloqueadores metoprolol Aumenta ASC (~32.5%) e Cmax (~41%) do metoprolol em pacientes com angina Vide “ADVERTÊNCIAS E PRECAUÇÕES ” propranolol Aumenta ASC (65%) e Cmax.",1,fonte1,manual,1.0
cloridrato de verapamil,claritromicina,"Vide bula de colchicina Antibacterianos claritromicina Possível aumento nos níveis de verapamil --- eritromicina Possível aumento dos níveis de verapamil --- rifampicina Diminui ASC (~97%), Cmax (~94%) e biodisponibilidade oral (~92%) do verapamil O efeito hipotensor do verapamil pode ser reduzido telitromicina Possível aumento dos níveis de verapamil --- Antineoplásicos doxorrubicina Aumenta ASC (104%) e Cmax (61%) da doxorrubicina com a administração oral de verapamil Em pacientes com carcinoma pulmonar de células pequenas Barbitúricos fenobarbital Aumenta a depuração do verapamil oral (~5 vezes) --- Benzodiazepínicos e outros ansiolíticos buspirona Aumenta ASC e Cmax da buspirona em 3 -4 vezes --- midazolam Aumenta ASC (~3 vezes) e Cmax (~2 vezes) do midazolam --- Betabloqueadores metoprolol Aumenta ASC (~32.5%) e Cmax (~41%) do metoprolol em pacientes com angina Vide “ADVERTÊNCIAS E PRECAUÇÕES ” propranolol Aumenta ASC (65%) e Cmax.",1,fonte1,manual,1.0
cloridrato de verapamil,rifampicina,"Vide bula de colchicina Antibacterianos claritromicina Possível aumento nos níveis de verapamil --- eritromicina Possível aumento dos níveis de verapamil --- rifampicina Diminui ASC (~97%), Cmax (~94%) e biodisponibilidade oral (~92%) do verapamil O efeito hipotensor do verapamil pode ser reduzido telitromicina Possível aumento dos níveis de verapamil --- Antineoplásicos doxorrubicina Aumenta ASC (104%) e Cmax (61%) da doxorrubicina com a administração oral de verapamil Em pacientes com carcinoma pulmonar de células pequenas Barbitúricos fenobarbital Aumenta a depuração do verapamil oral (~5 vezes) --- Benzodiazepínicos e outros ansiolíticos buspirona Aumenta ASC e Cmax da buspirona em 3 -4 vezes --- midazolam Aumenta ASC (~3 vezes) e Cmax (~2 vezes) do midazolam --- Betabloqueadores metoprolol Aumenta ASC (~32.5%) e Cmax (~41%) do metoprolol em pacientes com angina Vide “ADVERTÊNCIAS E PRECAUÇÕES ” propranolol Aumenta ASC (65%) e Cmax.",1,fonte1,manual,1.0
cloridrato de verapamil,fenobarbital,"Vide bula de colchicina Antibacterianos claritromicina Possível aumento nos níveis de verapamil --- eritromicina Possível aumento dos níveis de verapamil --- rifampicina Diminui ASC (~97%), Cmax (~94%) e biodisponibilidade oral (~92%) do verapamil O efeito hipotensor do verapamil pode ser reduzido telitromicina Possível aumento dos níveis de verapamil --- Antineoplásicos doxorrubicina Aumenta ASC (104%) e Cmax (61%) da doxorrubicina com a administração oral de verapamil Em pacientes com carcinoma pulmonar de células pequenas Barbitúricos fenobarbital Aumenta a depuração do verapamil oral (~5 vezes) --- Benzodiazepínicos e outros ansiolíticos buspirona Aumenta ASC e Cmax da buspirona em 3 -4 vezes --- midazolam Aumenta ASC (~3 vezes) e Cmax (~2 vezes) do midazolam --- Betabloqueadores metoprolol Aumenta ASC (~32.5%) e Cmax (~41%) do metoprolol em pacientes com angina Vide “ADVERTÊNCIAS E PRECAUÇÕES ” propranolol Aumenta ASC (65%) e Cmax.",1,fonte1,manual,1.0
cloridrato de verapamil,verapamil,"Vide bula de colchicina Antibacterianos claritromicina Possível aumento nos níveis de verapamil --- eritromicina Possível aumento dos níveis de verapamil --- rifampicina Diminui ASC (~97%), Cmax (~94%) e biodisponibilidade oral (~92%) do verapamil O efeito hipotensor do verapamil pode ser reduzido telitromicina Possível aumento dos níveis de verapamil --- Antineoplásicos doxorrubicina Aumenta ASC (104%) e Cmax (61%) da doxorrubicina com a administração oral de verapamil Em pacientes com carcinoma pulmonar de células pequenas Barbitúricos fenobarbital Aumenta a depuração do verapamil oral (~5 vezes) --- Benzodiazepínicos e outros ansiolíticos buspirona Aumenta ASC e Cmax da buspirona em 3 -4 vezes --- midazolam Aumenta ASC (~3 vezes) e Cmax (~2 vezes) do midazolam --- Betabloqueadores metoprolol Aumenta ASC (~32.5%) e Cmax (~41%) do metoprolol em pacientes com angina Vide “ADVERTÊNCIAS E PRECAUÇÕES ” propranolol Aumenta ASC (65%) e Cmax.",1,fonte1,manual,1.0
dicloridrato de hidroxizina,eritromicina,"Exemplos de medicamentos associad os ao prolongamento do intervalo QT e/ou Torsades de Pointes estão listados abaixo (mas não se limitam a apenas es tes): - Antiarrítmicos classe IA (quinidina, procainamida, disopiramida) ; - Antiarrítmicos classe III (amiodarona, sotalol, bretílio); - Antiarrítmicos classe IC (flecainida, propafenona); - Antipsicóticos (clorpromazina, haloperidol, pimozida, droperidol, ziprasidona, risperidona, olanzapina); - Antidepressivos (fluoxetina, c italopram, venlafaxina , antidepressivos tricíclicos e tetracíclicos por exemplo amitriptilina, imipramina, maprotilina) ; - Opioides (metadona); - Antibióticos macrolídeos e análogos (eritromicina, claritromicina, azitromicina, tacrolimo ); - Quinolonas (moxifloxacino, ciprofloxacino, levofloxacino); - pentamidina; - Antimaláricos (quinin a, cloroquina); - Antifúngicos azólicos (c etoconazol, fluconazol, voriconazol); - domperidona; - Antagonistas dos receptores 5-HT 3 (ondansetron a); - trióxido de arsênio; - Inibidores da tirosina quinase (vandetanib e, sunitinib e, nilotinib e); - vorinostat e (inibidor da histona deacetilase); - Agonista do receptor adrenérgico beta -2 (salmeterol, formoterol).",2,fonte1,manual,1.0
dicloridrato de hidroxizina,claritromicina,"Exemplos de medicamentos associad os ao prolongamento do intervalo QT e/ou Torsades de Pointes estão listados abaixo (mas não se limitam a apenas es tes): - Antiarrítmicos classe IA (quinidina, procainamida, disopiramida) ; - Antiarrítmicos classe III (amiodarona, sotalol, bretílio); - Antiarrítmicos classe IC (flecainida, propafenona); - Antipsicóticos (clorpromazina, haloperidol, pimozida, droperidol, ziprasidona, risperidona, olanzapina); - Antidepressivos (fluoxetina, c italopram, venlafaxina , antidepressivos tricíclicos e tetracíclicos por exemplo amitriptilina, imipramina, maprotilina) ; - Opioides (metadona); - Antibióticos macrolídeos e análogos (eritromicina, claritromicina, azitromicina, tacrolimo ); - Quinolonas (moxifloxacino, ciprofloxacino, levofloxacino); - pentamidina; - Antimaláricos (quinin a, cloroquina); - Antifúngicos azólicos (c etoconazol, fluconazol, voriconazol); - domperidona; - Antagonistas dos receptores 5-HT 3 (ondansetron a); - trióxido de arsênio; - Inibidores da tirosina quinase (vandetanib e, sunitinib e, nilotinib e); - vorinostat e (inibidor da histona deacetilase); - Agonista do receptor adrenérgico beta -2 (salmeterol, formoterol).",2,fonte1,manual,1.0
dicloridrato de hidroxizina,fluoxetina,"Exemplos de medicamentos associad os ao prolongamento do intervalo QT e/ou Torsades de Pointes estão listados abaixo (mas não se limitam a apenas es tes): - Antiarrítmicos classe IA (quinidina, procainamida, disopiramida) ; - Antiarrítmicos classe III (amiodarona, sotalol, bretílio); - Antiarrítmicos classe IC (flecainida, propafenona); - Antipsicóticos (clorpromazina, haloperidol, pimozida, droperidol, ziprasidona, risperidona, olanzapina); - Antidepressivos (fluoxetina, c italopram, venlafaxina , antidepressivos tricíclicos e tetracíclicos por exemplo amitriptilina, imipramina, maprotilina) ; - Opioides (metadona); - Antibióticos macrolídeos e análogos (eritromicina, claritromicina, azitromicina, tacrolimo ); - Quinolonas (moxifloxacino, ciprofloxacino, levofloxacino); - pentamidina; - Antimaláricos (quinin a, cloroquina); - Antifúngicos azólicos (c etoconazol, fluconazol, voriconazol); - domperidona; - Antagonistas dos receptores 5-HT 3 (ondansetron a); - trióxido de arsênio; - Inibidores da tirosina quinase (vandetanib e, sunitinib e, nilotinib e); - vorinostat e (inibidor da histona deacetilase); - Agonista do receptor adrenérgico beta -2 (salmeterol, formoterol).",2,fonte1,manual,1.0
dicloridrato de hidroxizina,fluconazol,"Exemplos de medicamentos associad os ao prolongamento do intervalo QT e/ou Torsades de Pointes estão listados abaixo (mas não se limitam a apenas es tes): - Antiarrítmicos classe IA (quinidina, procainamida, disopiramida) ; - Antiarrítmicos classe III (amiodarona, sotalol, bretílio); - Antiarrítmicos classe IC (flecainida, propafenona); - Antipsicóticos (clorpromazina, haloperidol, pimozida, droperidol, ziprasidona, risperidona, olanzapina); - Antidepressivos (fluoxetina, c italopram, venlafaxina , antidepressivos tricíclicos e tetracíclicos por exemplo amitriptilina, imipramina, maprotilina) ; - Opioides (metadona); - Antibióticos macrolídeos e análogos (eritromicina, claritromicina, azitromicina, tacrolimo ); - Quinolonas (moxifloxacino, ciprofloxacino, levofloxacino); - pentamidina; - Antimaláricos (quinin a, cloroquina); - Antifúngicos azólicos (c etoconazol, fluconazol, voriconazol); - domperidona; - Antagonistas dos receptores 5-HT 3 (ondansetron a); - trióxido de arsênio; - Inibidores da tirosina quinase (vandetanib e, sunitinib e, nilotinib e); - vorinostat e (inibidor da histona deacetilase); - Agonista do receptor adrenérgico beta -2 (salmeterol, formoterol).",2,fonte1,manual,1.0
dicloridrato de hidroxizina,amiodarona,"Exemplos de medicamentos associad os ao prolongamento do intervalo QT e/ou Torsades de Pointes estão listados abaixo (mas não se limitam a apenas es tes): - Antiarrítmicos classe IA (quinidina, procainamida, disopiramida) ; - Antiarrítmicos classe III (amiodarona, sotalol, bretílio); - Antiarrítmicos classe IC (flecainida, propafenona); - Antipsicóticos (clorpromazina, haloperidol, pimozida, droperidol, ziprasidona, risperidona, olanzapina); - Antidepressivos (fluoxetina, c italopram, venlafaxina , antidepressivos tricíclicos e tetracíclicos por exemplo amitriptilina, imipramina, maprotilina) ; - Opioides (metadona); - Antibióticos macrolídeos e análogos (eritromicina, claritromicina, azitromicina, tacrolimo ); - Quinolonas (moxifloxacino, ciprofloxacino, levofloxacino); - pentamidina; - Antimaláricos (quinin a, cloroquina); - Antifúngicos azólicos (c etoconazol, fluconazol, voriconazol); - domperidona; - Antagonistas dos receptores 5-HT 3 (ondansetron a); - trióxido de arsênio; - Inibidores da tirosina quinase (vandetanib e, sunitinib e, nilotinib e); - vorinostat e (inibidor da histona deacetilase); - Agonista do receptor adrenérgico beta -2 (salmeterol, formoterol).",2,fonte1,manual,1.0
drospirenona etinilestradiol,eritromicina,"Substâncias que diminuem a depuração dos COCs (inibidores enzimáticos): Inibidores potentes e moderados do CYP 3A4 tais como antifúngicos azólicos (como por exemplo, itraconazol, voriconazol, fluconazol), verapamil, macrolídeos (como por exemplo, claritromicina, eritromicina), diltiazem e suco de toranja (grapefruit) podem aumentar as concentrações plasmáticas do estrogênio ou progestógeno ou de ambos.",1,fonte1,manual,1.0
drospirenona etinilestradiol,claritromicina,"Substâncias que diminuem a depuração dos COCs (inibidores enzimáticos): Inibidores potentes e moderados do CYP 3A4 tais como antifúngicos azólicos (como por exemplo, itraconazol, voriconazol, fluconazol), verapamil, macrolídeos (como por exemplo, claritromicina, eritromicina), diltiazem e suco de toranja (grapefruit) podem aumentar as concentrações plasmáticas do estrogênio ou progestógeno ou de ambos.",1,fonte1,manual,1.0
drospirenona etinilestradiol,fluconazol,"Substâncias que diminuem a depuração dos COCs (inibidores enzimáticos): Inibidores potentes e moderados do CYP 3A4 tais como antifúngicos azólicos (como por exemplo, itraconazol, voriconazol, fluconazol), verapamil, macrolídeos (como por exemplo, claritromicina, eritromicina), diltiazem e suco de toranja (grapefruit) podem aumentar as concentrações plasmáticas do estrogênio ou progestógeno ou de ambos.",1,fonte1,manual,1.0
drospirenona etinilestradiol,itraconazol,"Substâncias que diminuem a depuração dos COCs (inibidores enzimáticos): Inibidores potentes e moderados do CYP 3A4 tais como antifúngicos azólicos (como por exemplo, itraconazol, voriconazol, fluconazol), verapamil, macrolídeos (como por exemplo, claritromicina, eritromicina), diltiazem e suco de toranja (grapefruit) podem aumentar as concentrações plasmáticas do estrogênio ou progestógeno ou de ambos.",1,fonte1,manual,1.0
drospirenona etinilestradiol,diltiazem,"Substâncias que diminuem a depuração dos COCs (inibidores enzimáticos): Inibidores potentes e moderados do CYP 3A4 tais como antifúngicos azólicos (como por exemplo, itraconazol, voriconazol, fluconazol), verapamil, macrolídeos (como por exemplo, claritromicina, eritromicina), diltiazem e suco de toranja (grapefruit) podem aumentar as concentrações plasmáticas do estrogênio ou progestógeno ou de ambos.",1,fonte1,manual,1.0
drospirenona etinilestradiol,eritromicina,"Essas alterações podem ser clinicamente relevantes em alguns casos. - Substâncias que diminuem a depuração dos COCs (inibidores enzimáticos) Inibidores potentes e moderados do CYP 3A4 tais como antifúngicos azólicos (como por exemplo, itraconazol, voriconazol, fluconazol), verapamil, macrolídeos (como por exemplo, claritromicina, eritromicina), diltiazem e suco de toranja (grapefruit) podem aumentar as concentrações plasmáticas do estrogênio ou progestógeno ou de ambos.",1,fonte1,manual,1.0
drospirenona etinilestradiol,claritromicina,"Essas alterações podem ser clinicamente relevantes em alguns casos. - Substâncias que diminuem a depuração dos COCs (inibidores enzimáticos) Inibidores potentes e moderados do CYP 3A4 tais como antifúngicos azólicos (como por exemplo, itraconazol, voriconazol, fluconazol), verapamil, macrolídeos (como por exemplo, claritromicina, eritromicina), diltiazem e suco de toranja (grapefruit) podem aumentar as concentrações plasmáticas do estrogênio ou progestógeno ou de ambos.",1,fonte1,manual,1.0
drospirenona etinilestradiol,fluconazol,"Essas alterações podem ser clinicamente relevantes em alguns casos. - Substâncias que diminuem a depuração dos COCs (inibidores enzimáticos) Inibidores potentes e moderados do CYP 3A4 tais como antifúngicos azólicos (como por exemplo, itraconazol, voriconazol, fluconazol), verapamil, macrolídeos (como por exemplo, claritromicina, eritromicina), diltiazem e suco de toranja (grapefruit) podem aumentar as concentrações plasmáticas do estrogênio ou progestógeno ou de ambos.",1,fonte1,manual,1.0
drospirenona etinilestradiol,itraconazol,"Essas alterações podem ser clinicamente relevantes em alguns casos. - Substâncias que diminuem a depuração dos COCs (inibidores enzimáticos) Inibidores potentes e moderados do CYP 3A4 tais como antifúngicos azólicos (como por exemplo, itraconazol, voriconazol, fluconazol), verapamil, macrolídeos (como por exemplo, claritromicina, eritromicina), diltiazem e suco de toranja (grapefruit) podem aumentar as concentrações plasmáticas do estrogênio ou progestógeno ou de ambos.",1,fonte1,manual,1.0
drospirenona etinilestradiol,diltiazem,"Essas alterações podem ser clinicamente relevantes em alguns casos. - Substâncias que diminuem a depuração dos COCs (inibidores enzimáticos) Inibidores potentes e moderados do CYP 3A4 tais como antifúngicos azólicos (como por exemplo, itraconazol, voriconazol, fluconazol), verapamil, macrolídeos (como por exemplo, claritromicina, eritromicina), diltiazem e suco de toranja (grapefruit) podem aumentar as concentrações plasmáticas do estrogênio ou progestógeno ou de ambos.",1,fonte1,manual,1.0
telmisartana,varfarina,"A coadministração de telmisartana não resultou em interações clinicamente significativas com digoxina, varfarina, hidroclorotiazida, glibenclamida, ibuprofeno, paracetamol, sinvastatina e anlodipino.",0,fonte1,manual,1.0
telmisartana,ibuprofeno,"A coadministração de telmisartana não resultou em interações clinicamente significativas com digoxina, varfarina, hidroclorotiazida, glibenclamida, ibuprofeno, paracetamol, sinvastatina e anlodipino.",0,fonte1,manual,1.0
telmisartana,paracetamol,"A coadministração de telmisartana não resultou em interações clinicamente significativas com digoxina, varfarina, hidroclorotiazida, glibenclamida, ibuprofeno, paracetamol, sinvastatina e anlodipino.",0,fonte1,manual,1.0
telmisartana,sinvastatina,"A coadministração de telmisartana não resultou em interações clinicamente significativas com digoxina, varfarina, hidroclorotiazida, glibenclamida, ibuprofeno, paracetamol, sinvastatina e anlodipino.",0,fonte1,manual,1.0
telmisartana,digoxina,"A coadministração de telmisartana não resultou em interações clinicamente significativas com digoxina, varfarina, hidroclorotiazida, glibenclamida, ibuprofeno, paracetamol, sinvastatina e anlodipino.",0,fonte1,manual,1.0
estradiol acetato de noretisterona,eritromicina,"Em alguns casos estas alterações podem ser clinicamente relevantes. - Substâncias que diminuem a depuração de hormônios sexuais (inibidores enzimáticos): Inibidore s potentes e moderados de CYP3A4, tais como, antifúngicos azólicos (por exemplo, fluconazol, itraconazol, cetoconazol, voriconazol), macrolídeos (por exemplo, claritromicina, eritromicina), verapamil, diltiazem e suco de toranja ( grapefruit ) podem aumentar as concentrações plasmáticas de estrogênio, de progestógeno ou de ambos.",1,fonte1,manual,1.0
estradiol acetato de noretisterona,claritromicina,"Em alguns casos estas alterações podem ser clinicamente relevantes. - Substâncias que diminuem a depuração de hormônios sexuais (inibidores enzimáticos): Inibidore s potentes e moderados de CYP3A4, tais como, antifúngicos azólicos (por exemplo, fluconazol, itraconazol, cetoconazol, voriconazol), macrolídeos (por exemplo, claritromicina, eritromicina), verapamil, diltiazem e suco de toranja ( grapefruit ) podem aumentar as concentrações plasmáticas de estrogênio, de progestógeno ou de ambos.",1,fonte1,manual,1.0
estradiol acetato de noretisterona,cetoconazol,"Em alguns casos estas alterações podem ser clinicamente relevantes. - Substâncias que diminuem a depuração de hormônios sexuais (inibidores enzimáticos): Inibidore s potentes e moderados de CYP3A4, tais como, antifúngicos azólicos (por exemplo, fluconazol, itraconazol, cetoconazol, voriconazol), macrolídeos (por exemplo, claritromicina, eritromicina), verapamil, diltiazem e suco de toranja ( grapefruit ) podem aumentar as concentrações plasmáticas de estrogênio, de progestógeno ou de ambos.",1,fonte1,manual,1.0
estradiol acetato de noretisterona,fluconazol,"Em alguns casos estas alterações podem ser clinicamente relevantes. - Substâncias que diminuem a depuração de hormônios sexuais (inibidores enzimáticos): Inibidore s potentes e moderados de CYP3A4, tais como, antifúngicos azólicos (por exemplo, fluconazol, itraconazol, cetoconazol, voriconazol), macrolídeos (por exemplo, claritromicina, eritromicina), verapamil, diltiazem e suco de toranja ( grapefruit ) podem aumentar as concentrações plasmáticas de estrogênio, de progestógeno ou de ambos.",1,fonte1,manual,1.0
estradiol acetato de noretisterona,itraconazol,"Em alguns casos estas alterações podem ser clinicamente relevantes. - Substâncias que diminuem a depuração de hormônios sexuais (inibidores enzimáticos): Inibidore s potentes e moderados de CYP3A4, tais como, antifúngicos azólicos (por exemplo, fluconazol, itraconazol, cetoconazol, voriconazol), macrolídeos (por exemplo, claritromicina, eritromicina), verapamil, diltiazem e suco de toranja ( grapefruit ) podem aumentar as concentrações plasmáticas de estrogênio, de progestógeno ou de ambos.",1,fonte1,manual,1.0
drosperinona etinilestradiol,eritromicina,"Substâncias que diminuem a depuração dos COCs (inibidores enzimáticos): Inibidores potentes e moderados do CYP3A4 tais como antifúngicos azólicos (como por exemplo, itraconazol, voriconazol, fluconazol), verapamil, antibióticos macrolídeos (como por exemplo, claritromicina, eritromicina), diltiazem e suco de toranja (grapefruit) podem aumentar as concentrações plasmáticas de estrogênio ou progestógeno ou de ambos.",1,fonte1,manual,1.0
drosperinona etinilestradiol,claritromicina,"Substâncias que diminuem a depuração dos COCs (inibidores enzimáticos): Inibidores potentes e moderados do CYP3A4 tais como antifúngicos azólicos (como por exemplo, itraconazol, voriconazol, fluconazol), verapamil, antibióticos macrolídeos (como por exemplo, claritromicina, eritromicina), diltiazem e suco de toranja (grapefruit) podem aumentar as concentrações plasmáticas de estrogênio ou progestógeno ou de ambos.",1,fonte1,manual,1.0
drosperinona etinilestradiol,fluconazol,"Substâncias que diminuem a depuração dos COCs (inibidores enzimáticos): Inibidores potentes e moderados do CYP3A4 tais como antifúngicos azólicos (como por exemplo, itraconazol, voriconazol, fluconazol), verapamil, antibióticos macrolídeos (como por exemplo, claritromicina, eritromicina), diltiazem e suco de toranja (grapefruit) podem aumentar as concentrações plasmáticas de estrogênio ou progestógeno ou de ambos.",1,fonte1,manual,1.0
drosperinona etinilestradiol,itraconazol,"Substâncias que diminuem a depuração dos COCs (inibidores enzimáticos): Inibidores potentes e moderados do CYP3A4 tais como antifúngicos azólicos (como por exemplo, itraconazol, voriconazol, fluconazol), verapamil, antibióticos macrolídeos (como por exemplo, claritromicina, eritromicina), diltiazem e suco de toranja (grapefruit) podem aumentar as concentrações plasmáticas de estrogênio ou progestógeno ou de ambos.",1,fonte1,manual,1.0
drosperinona etinilestradiol,diltiazem,"Substâncias que diminuem a depuração dos COCs (inibidores enzimáticos): Inibidores potentes e moderados do CYP3A4 tais como antifúngicos azólicos (como por exemplo, itraconazol, voriconazol, fluconazol), verapamil, antibióticos macrolídeos (como por exemplo, claritromicina, eritromicina), diltiazem e suco de toranja (grapefruit) podem aumentar as concentrações plasmáticas de estrogênio ou progestógeno ou de ambos.",1,fonte1,manual,1.0
drosperinona etinilestradiol,eritromicina,"Substâncias que diminuem a depuração dos COCs (inibidores enzimáticos) : Inibidores potentes e moderados do CYP 3A4 tais como antifúngicos azólicos (como por exemplo, itraconazol, voriconazol, fluconazol), verapamil, antibióticos macrolídeos (como por exemplo, claritromicina, eritromicina), diltiazem e suco de toranja (grapefruit) podem aumentar as concentrações plasmáticas do estrogênio ou progestógeno ou de ambos.",1,fonte1,manual,1.0
drosperinona etinilestradiol,claritromicina,"Substâncias que diminuem a depuração dos COCs (inibidores enzimáticos) : Inibidores potentes e moderados do CYP 3A4 tais como antifúngicos azólicos (como por exemplo, itraconazol, voriconazol, fluconazol), verapamil, antibióticos macrolídeos (como por exemplo, claritromicina, eritromicina), diltiazem e suco de toranja (grapefruit) podem aumentar as concentrações plasmáticas do estrogênio ou progestógeno ou de ambos.",1,fonte1,manual,1.0
drosperinona etinilestradiol,fluconazol,"Substâncias que diminuem a depuração dos COCs (inibidores enzimáticos) : Inibidores potentes e moderados do CYP 3A4 tais como antifúngicos azólicos (como por exemplo, itraconazol, voriconazol, fluconazol), verapamil, antibióticos macrolídeos (como por exemplo, claritromicina, eritromicina), diltiazem e suco de toranja (grapefruit) podem aumentar as concentrações plasmáticas do estrogênio ou progestógeno ou de ambos.",1,fonte1,manual,1.0
drosperinona etinilestradiol,itraconazol,"Substâncias que diminuem a depuração dos COCs (inibidores enzimáticos) : Inibidores potentes e moderados do CYP 3A4 tais como antifúngicos azólicos (como por exemplo, itraconazol, voriconazol, fluconazol), verapamil, antibióticos macrolídeos (como por exemplo, claritromicina, eritromicina), diltiazem e suco de toranja (grapefruit) podem aumentar as concentrações plasmáticas do estrogênio ou progestógeno ou de ambos.",1,fonte1,manual,1.0
drosperinona etinilestradiol,diltiazem,"Substâncias que diminuem a depuração dos COCs (inibidores enzimáticos) : Inibidores potentes e moderados do CYP 3A4 tais como antifúngicos azólicos (como por exemplo, itraconazol, voriconazol, fluconazol), verapamil, antibióticos macrolídeos (como por exemplo, claritromicina, eritromicina), diltiazem e suco de toranja (grapefruit) podem aumentar as concentrações plasmáticas do estrogênio ou progestógeno ou de ambos.",1,fonte1,manual,1.0
drosperinona etinilestradiol,eritromicina,"Essas alterações podem ser clinicamente relevantes em alguns casos. - Substâncias que diminuem a depuração dos COCs (inibidores enzimáticos): inibidores potentes e moderados do CYP 3A4 como antifúngicos azólicos (como, por exemplo: itraconazol, voriconazol, fluconazol), verapamil, macrolídeos (como, por exemplo: claritromicina, eritromicina), diltiazem e suco de toronja (grapefruit) podem aumentar as concentrações plasmáticas do estrogênio ou progestógeno ou de ambos.",1,fonte1,manual,1.0
drosperinona etinilestradiol,claritromicina,"Essas alterações podem ser clinicamente relevantes em alguns casos. - Substâncias que diminuem a depuração dos COCs (inibidores enzimáticos): inibidores potentes e moderados do CYP 3A4 como antifúngicos azólicos (como, por exemplo: itraconazol, voriconazol, fluconazol), verapamil, macrolídeos (como, por exemplo: claritromicina, eritromicina), diltiazem e suco de toronja (grapefruit) podem aumentar as concentrações plasmáticas do estrogênio ou progestógeno ou de ambos.",1,fonte1,manual,1.0
drosperinona etinilestradiol,fluconazol,"Essas alterações podem ser clinicamente relevantes em alguns casos. - Substâncias que diminuem a depuração dos COCs (inibidores enzimáticos): inibidores potentes e moderados do CYP 3A4 como antifúngicos azólicos (como, por exemplo: itraconazol, voriconazol, fluconazol), verapamil, macrolídeos (como, por exemplo: claritromicina, eritromicina), diltiazem e suco de toronja (grapefruit) podem aumentar as concentrações plasmáticas do estrogênio ou progestógeno ou de ambos.",1,fonte1,manual,1.0
drosperinona etinilestradiol,itraconazol,"Essas alterações podem ser clinicamente relevantes em alguns casos. - Substâncias que diminuem a depuração dos COCs (inibidores enzimáticos): inibidores potentes e moderados do CYP 3A4 como antifúngicos azólicos (como, por exemplo: itraconazol, voriconazol, fluconazol), verapamil, macrolídeos (como, por exemplo: claritromicina, eritromicina), diltiazem e suco de toronja (grapefruit) podem aumentar as concentrações plasmáticas do estrogênio ou progestógeno ou de ambos.",1,fonte1,manual,1.0
drosperinona etinilestradiol,diltiazem,"Essas alterações podem ser clinicamente relevantes em alguns casos. - Substâncias que diminuem a depuração dos COCs (inibidores enzimáticos): inibidores potentes e moderados do CYP 3A4 como antifúngicos azólicos (como, por exemplo: itraconazol, voriconazol, fluconazol), verapamil, macrolídeos (como, por exemplo: claritromicina, eritromicina), diltiazem e suco de toronja (grapefruit) podem aumentar as concentrações plasmáticas do estrogênio ou progestógeno ou de ambos.",1,fonte1,manual,1.0
cloridrato de lercanidipino,ciclosporina,"A coadministração do lercanidipino com inibidores do CYP3A4 deve ser evitada (por exemplo, o cetoconazol, itraconazol, ritonavir, eritromicina, troleandomicina, claritromicina) (vide “Contraindicações”). ciclosporina A ciclosporina e o lercanidipino não devem ser administrados juntamente (vide “Contraindicações”).",2,fonte1,manual,1.0
cloridrato de lercanidipino,eritromicina,"A coadministração do lercanidipino com inibidores do CYP3A4 deve ser evitada (por exemplo, o cetoconazol, itraconazol, ritonavir, eritromicina, troleandomicina, claritromicina) (vide “Contraindicações”). ciclosporina A ciclosporina e o lercanidipino não devem ser administrados juntamente (vide “Contraindicações”).",2,fonte1,manual,1.0
cloridrato de lercanidipino,claritromicina,"A coadministração do lercanidipino com inibidores do CYP3A4 deve ser evitada (por exemplo, o cetoconazol, itraconazol, ritonavir, eritromicina, troleandomicina, claritromicina) (vide “Contraindicações”). ciclosporina A ciclosporina e o lercanidipino não devem ser administrados juntamente (vide “Contraindicações”).",2,fonte1,manual,1.0
cloridrato de lercanidipino,cetoconazol,"A coadministração do lercanidipino com inibidores do CYP3A4 deve ser evitada (por exemplo, o cetoconazol, itraconazol, ritonavir, eritromicina, troleandomicina, claritromicina) (vide “Contraindicações”). ciclosporina A ciclosporina e o lercanidipino não devem ser administrados juntamente (vide “Contraindicações”).",2,fonte1,manual,1.0
cloridrato de lercanidipino,itraconazol,"A coadministração do lercanidipino com inibidores do CYP3A4 deve ser evitada (por exemplo, o cetoconazol, itraconazol, ritonavir, eritromicina, troleandomicina, claritromicina) (vide “Contraindicações”). ciclosporina A ciclosporina e o lercanidipino não devem ser administrados juntamente (vide “Contraindicações”).",2,fonte1,manual,1.0
ezetimiba sinvastatina,eritromicina,"CONTRAINDICAÇÕES • Hipersensibilidade aos princípios ativos ou a qualquer dos excipientes. • Hepatopatia ativa ou elevações persistentes e inexplicadas das transaminases séricas. • Quando houver necessidade de administrar ezetimiba + sinvastatina com fenofibrato, consulte a Circular aos Médicos (bula) de fenofibrato. • Administração concomitante de inibidores potentes do CYP3A4 (p. ex., itraconazol, cetoconazol, posaconazol, voriconazol, inibidores da protease do HIV, boceprevir, telaprevir, eritromicina, claritromicina, telitromicina, nefazodona e medicamentos contendo cobicistate) (vide 5.",2,fonte1,manual,1.0
ezetimiba sinvastatina,claritromicina,"CONTRAINDICAÇÕES • Hipersensibilidade aos princípios ativos ou a qualquer dos excipientes. • Hepatopatia ativa ou elevações persistentes e inexplicadas das transaminases séricas. • Quando houver necessidade de administrar ezetimiba + sinvastatina com fenofibrato, consulte a Circular aos Médicos (bula) de fenofibrato. • Administração concomitante de inibidores potentes do CYP3A4 (p. ex., itraconazol, cetoconazol, posaconazol, voriconazol, inibidores da protease do HIV, boceprevir, telaprevir, eritromicina, claritromicina, telitromicina, nefazodona e medicamentos contendo cobicistate) (vide 5.",2,fonte1,manual,1.0
ezetimiba sinvastatina,sinvastatina,"CONTRAINDICAÇÕES • Hipersensibilidade aos princípios ativos ou a qualquer dos excipientes. • Hepatopatia ativa ou elevações persistentes e inexplicadas das transaminases séricas. • Quando houver necessidade de administrar ezetimiba + sinvastatina com fenofibrato, consulte a Circular aos Médicos (bula) de fenofibrato. • Administração concomitante de inibidores potentes do CYP3A4 (p. ex., itraconazol, cetoconazol, posaconazol, voriconazol, inibidores da protease do HIV, boceprevir, telaprevir, eritromicina, claritromicina, telitromicina, nefazodona e medicamentos contendo cobicistate) (vide 5.",2,fonte1,manual,1.0
ezetimiba sinvastatina,cetoconazol,"CONTRAINDICAÇÕES • Hipersensibilidade aos princípios ativos ou a qualquer dos excipientes. • Hepatopatia ativa ou elevações persistentes e inexplicadas das transaminases séricas. • Quando houver necessidade de administrar ezetimiba + sinvastatina com fenofibrato, consulte a Circular aos Médicos (bula) de fenofibrato. • Administração concomitante de inibidores potentes do CYP3A4 (p. ex., itraconazol, cetoconazol, posaconazol, voriconazol, inibidores da protease do HIV, boceprevir, telaprevir, eritromicina, claritromicina, telitromicina, nefazodona e medicamentos contendo cobicistate) (vide 5.",2,fonte1,manual,1.0
ezetimiba sinvastatina,itraconazol,"CONTRAINDICAÇÕES • Hipersensibilidade aos princípios ativos ou a qualquer dos excipientes. • Hepatopatia ativa ou elevações persistentes e inexplicadas das transaminases séricas. • Quando houver necessidade de administrar ezetimiba + sinvastatina com fenofibrato, consulte a Circular aos Médicos (bula) de fenofibrato. • Administração concomitante de inibidores potentes do CYP3A4 (p. ex., itraconazol, cetoconazol, posaconazol, voriconazol, inibidores da protease do HIV, boceprevir, telaprevir, eritromicina, claritromicina, telitromicina, nefazodona e medicamentos contendo cobicistate) (vide 5.",2,fonte1,manual,1.0
valsartana besilato de anlodipino,varfarina,"Em monoterapia, o anlodipino é seguramente administrado com diuréticos tiazídicos, betabloqueadores, inibidores da enzima conversora de angiotensina, nitratos de longa ação, nitroglicerinas sublinguais, digoxina, varfarina, atorvastatina, sildenafila, Maalox ® (hidróxido de alumínio gel, hidróxido de magnésio e simeticona), cimetidina, medicamentos anti -inflamatórios não -esteroidais, antibióticos e medicamentos hipoglicemiantes orais. valsartana Duplo bloqueio do Sistema Renina -Angiotensina (SRA) com BRAs, IECAs ou alisquireno: o uso concomitante de BRAs, incluindo valsartana, com outros medicamentos que agem no SRA é associado com o aumento da incidência de hipotensão, hipercalemia e alterações na função renal em comparação com à monoterapia.",1,fonte1,manual,1.0
valsartana besilato de anlodipino,atorvastatina,"Em monoterapia, o anlodipino é seguramente administrado com diuréticos tiazídicos, betabloqueadores, inibidores da enzima conversora de angiotensina, nitratos de longa ação, nitroglicerinas sublinguais, digoxina, varfarina, atorvastatina, sildenafila, Maalox ® (hidróxido de alumínio gel, hidróxido de magnésio e simeticona), cimetidina, medicamentos anti -inflamatórios não -esteroidais, antibióticos e medicamentos hipoglicemiantes orais. valsartana Duplo bloqueio do Sistema Renina -Angiotensina (SRA) com BRAs, IECAs ou alisquireno: o uso concomitante de BRAs, incluindo valsartana, com outros medicamentos que agem no SRA é associado com o aumento da incidência de hipotensão, hipercalemia e alterações na função renal em comparação com à monoterapia.",1,fonte1,manual,1.0
valsartana besilato de anlodipino,digoxina,"Em monoterapia, o anlodipino é seguramente administrado com diuréticos tiazídicos, betabloqueadores, inibidores da enzima conversora de angiotensina, nitratos de longa ação, nitroglicerinas sublinguais, digoxina, varfarina, atorvastatina, sildenafila, Maalox ® (hidróxido de alumínio gel, hidróxido de magnésio e simeticona), cimetidina, medicamentos anti -inflamatórios não -esteroidais, antibióticos e medicamentos hipoglicemiantes orais. valsartana Duplo bloqueio do Sistema Renina -Angiotensina (SRA) com BRAs, IECAs ou alisquireno: o uso concomitante de BRAs, incluindo valsartana, com outros medicamentos que agem no SRA é associado com o aumento da incidência de hipotensão, hipercalemia e alterações na função renal em comparação com à monoterapia.",1,fonte1,manual,1.0
valsartana besilato de anlodipino,anlodipino,"Em monoterapia, o anlodipino é seguramente administrado com diuréticos tiazídicos, betabloqueadores, inibidores da enzima conversora de angiotensina, nitratos de longa ação, nitroglicerinas sublinguais, digoxina, varfarina, atorvastatina, sildenafila, Maalox ® (hidróxido de alumínio gel, hidróxido de magnésio e simeticona), cimetidina, medicamentos anti -inflamatórios não -esteroidais, antibióticos e medicamentos hipoglicemiantes orais. valsartana Duplo bloqueio do Sistema Renina -Angiotensina (SRA) com BRAs, IECAs ou alisquireno: o uso concomitante de BRAs, incluindo valsartana, com outros medicamentos que agem no SRA é associado com o aumento da incidência de hipotensão, hipercalemia e alterações na função renal em comparação com à monoterapia.",1,fonte1,manual,1.0
valsartana besilato de anlodipino,cimetidina,"Em monoterapia, o anlodipino é seguramente administrado com diuréticos tiazídicos, betabloqueadores, inibidores da enzima conversora de angiotensina, nitratos de longa ação, nitroglicerinas sublinguais, digoxina, varfarina, atorvastatina, sildenafila, Maalox ® (hidróxido de alumínio gel, hidróxido de magnésio e simeticona), cimetidina, medicamentos anti -inflamatórios não -esteroidais, antibióticos e medicamentos hipoglicemiantes orais. valsartana Duplo bloqueio do Sistema Renina -Angiotensina (SRA) com BRAs, IECAs ou alisquireno: o uso concomitante de BRAs, incluindo valsartana, com outros medicamentos que agem no SRA é associado com o aumento da incidência de hipotensão, hipercalemia e alterações na função renal em comparação com à monoterapia.",1,fonte1,manual,1.0
linagliptina,varfarina,"A linagliptina não teve efeito clinicamente relevante sobre a farmacocinética da metformina, glibenclamida, sinvastatina, pioglitazona, varfarina, digoxina ou contraceptivos orais; fornecendo evidência in vivo de uma baixa propensão para causar interações medicamentosas com substratos das CYP3A4, CYP2C9, CYP2C8, glicoproteína -P e com transportadores catiônicos orgânicos (TCO). metformina: a coadministração de múltiplas doses supraterapêuticas de 10 mg de linagliptina uma vez ao dia, com doses de 850 mg três vezes ao dia de metformina, não alterou de forma clinicamente significativa a farmacocinética da linagliptina ou da metformina em voluntários sadios.",0,fonte1,manual,1.0
linagliptina,metformina,"A linagliptina não teve efeito clinicamente relevante sobre a farmacocinética da metformina, glibenclamida, sinvastatina, pioglitazona, varfarina, digoxina ou contraceptivos orais; fornecendo evidência in vivo de uma baixa propensão para causar interações medicamentosas com substratos das CYP3A4, CYP2C9, CYP2C8, glicoproteína -P e com transportadores catiônicos orgânicos (TCO). metformina: a coadministração de múltiplas doses supraterapêuticas de 10 mg de linagliptina uma vez ao dia, com doses de 850 mg três vezes ao dia de metformina, não alterou de forma clinicamente significativa a farmacocinética da linagliptina ou da metformina em voluntários sadios.",0,fonte1,manual,1.0
linagliptina,sinvastatina,"A linagliptina não teve efeito clinicamente relevante sobre a farmacocinética da metformina, glibenclamida, sinvastatina, pioglitazona, varfarina, digoxina ou contraceptivos orais; fornecendo evidência in vivo de uma baixa propensão para causar interações medicamentosas com substratos das CYP3A4, CYP2C9, CYP2C8, glicoproteína -P e com transportadores catiônicos orgânicos (TCO). metformina: a coadministração de múltiplas doses supraterapêuticas de 10 mg de linagliptina uma vez ao dia, com doses de 850 mg três vezes ao dia de metformina, não alterou de forma clinicamente significativa a farmacocinética da linagliptina ou da metformina em voluntários sadios.",0,fonte1,manual,1.0
linagliptina,digoxina,"A linagliptina não teve efeito clinicamente relevante sobre a farmacocinética da metformina, glibenclamida, sinvastatina, pioglitazona, varfarina, digoxina ou contraceptivos orais; fornecendo evidência in vivo de uma baixa propensão para causar interações medicamentosas com substratos das CYP3A4, CYP2C9, CYP2C8, glicoproteína -P e com transportadores catiônicos orgânicos (TCO). metformina: a coadministração de múltiplas doses supraterapêuticas de 10 mg de linagliptina uma vez ao dia, com doses de 850 mg três vezes ao dia de metformina, não alterou de forma clinicamente significativa a farmacocinética da linagliptina ou da metformina em voluntários sadios.",0,fonte1,manual,1.0
linagliptina,glibenclamida,"A linagliptina não teve efeito clinicamente relevante sobre a farmacocinética da metformina, glibenclamida, sinvastatina, pioglitazona, varfarina, digoxina ou contraceptivos orais; fornecendo evidência in vivo de uma baixa propensão para causar interações medicamentosas com substratos das CYP3A4, CYP2C9, CYP2C8, glicoproteína -P e com transportadores catiônicos orgânicos (TCO). metformina: a coadministração de múltiplas doses supraterapêuticas de 10 mg de linagliptina uma vez ao dia, com doses de 850 mg três vezes ao dia de metformina, não alterou de forma clinicamente significativa a farmacocinética da linagliptina ou da metformina em voluntários sadios.",0,fonte1,manual,1.0
gliclazida,claritromicina,"Os efeitos hipoglicêmicos da gliclazida e sinais da baixa do nível de açúcar no sangue podem ocorrer quando você tomar um dos seguintes medicamentos: - outros medicamentos utilizados no tratamento da hiperglicemia (agentes antidiabéticos orais, agonistas dos receptores GLP -1ou insulina), - antibióticos (sulfonamidas, claritromicina), - medicamentos para tratar hipertensão ou insuficiência cardíaca (betabloqueadores, inibidores da enzima de conversão da angiotensina, tais como o captopril e o enalapril), - medicamentos para tratar infecções fúngicas (miconazol, fluconazol), - medicamentos para tratar úlceras estomacais ou duodenais (antagonistas dos receptores H2), - medicamentos para tratar a depressão (inibidores da monoamino oxidase), - analgésicos ou antirreumáticos (fenilbutazona, ibuprofeno), - medicamentos contendo álcool.",1,fonte1,manual,1.0
gliclazida,ibuprofeno,"Os efeitos hipoglicêmicos da gliclazida e sinais da baixa do nível de açúcar no sangue podem ocorrer quando você tomar um dos seguintes medicamentos: - outros medicamentos utilizados no tratamento da hiperglicemia (agentes antidiabéticos orais, agonistas dos receptores GLP -1ou insulina), - antibióticos (sulfonamidas, claritromicina), - medicamentos para tratar hipertensão ou insuficiência cardíaca (betabloqueadores, inibidores da enzima de conversão da angiotensina, tais como o captopril e o enalapril), - medicamentos para tratar infecções fúngicas (miconazol, fluconazol), - medicamentos para tratar úlceras estomacais ou duodenais (antagonistas dos receptores H2), - medicamentos para tratar a depressão (inibidores da monoamino oxidase), - analgésicos ou antirreumáticos (fenilbutazona, ibuprofeno), - medicamentos contendo álcool.",1,fonte1,manual,1.0
gliclazida,captopril,"Os efeitos hipoglicêmicos da gliclazida e sinais da baixa do nível de açúcar no sangue podem ocorrer quando você tomar um dos seguintes medicamentos: - outros medicamentos utilizados no tratamento da hiperglicemia (agentes antidiabéticos orais, agonistas dos receptores GLP -1ou insulina), - antibióticos (sulfonamidas, claritromicina), - medicamentos para tratar hipertensão ou insuficiência cardíaca (betabloqueadores, inibidores da enzima de conversão da angiotensina, tais como o captopril e o enalapril), - medicamentos para tratar infecções fúngicas (miconazol, fluconazol), - medicamentos para tratar úlceras estomacais ou duodenais (antagonistas dos receptores H2), - medicamentos para tratar a depressão (inibidores da monoamino oxidase), - analgésicos ou antirreumáticos (fenilbutazona, ibuprofeno), - medicamentos contendo álcool.",1,fonte1,manual,1.0
gliclazida,fluconazol,"Os efeitos hipoglicêmicos da gliclazida e sinais da baixa do nível de açúcar no sangue podem ocorrer quando você tomar um dos seguintes medicamentos: - outros medicamentos utilizados no tratamento da hiperglicemia (agentes antidiabéticos orais, agonistas dos receptores GLP -1ou insulina), - antibióticos (sulfonamidas, claritromicina), - medicamentos para tratar hipertensão ou insuficiência cardíaca (betabloqueadores, inibidores da enzima de conversão da angiotensina, tais como o captopril e o enalapril), - medicamentos para tratar infecções fúngicas (miconazol, fluconazol), - medicamentos para tratar úlceras estomacais ou duodenais (antagonistas dos receptores H2), - medicamentos para tratar a depressão (inibidores da monoamino oxidase), - analgésicos ou antirreumáticos (fenilbutazona, ibuprofeno), - medicamentos contendo álcool.",1,fonte1,manual,1.0
gliclazida,insulina,"Os efeitos hipoglicêmicos da gliclazida e sinais da baixa do nível de açúcar no sangue podem ocorrer quando você tomar um dos seguintes medicamentos: - outros medicamentos utilizados no tratamento da hiperglicemia (agentes antidiabéticos orais, agonistas dos receptores GLP -1ou insulina), - antibióticos (sulfonamidas, claritromicina), - medicamentos para tratar hipertensão ou insuficiência cardíaca (betabloqueadores, inibidores da enzima de conversão da angiotensina, tais como o captopril e o enalapril), - medicamentos para tratar infecções fúngicas (miconazol, fluconazol), - medicamentos para tratar úlceras estomacais ou duodenais (antagonistas dos receptores H2), - medicamentos para tratar a depressão (inibidores da monoamino oxidase), - analgésicos ou antirreumáticos (fenilbutazona, ibuprofeno), - medicamentos contendo álcool.",1,fonte1,manual,1.0
gliclazida,claritromicina,"Os efeitos hipoglicêmicos da gliclazida e sinais da baixa nos níveis de açúcar no sangue podem ocorrer quando você tomar um dos seguintes medicamentos: - outros medicamentos utilizados no tratamento da hiperglicemia (agentes antidiabéticos orais, agonistas dos receptores GLP -1ou insulina), - antibióticos (sulfonamidas, claritromicina), - medicamentos para tratar hipertensão ou insuficiência cardíaca (betabloqueadores, inibidores da enzima de conversão da angiotensina como o captopril ou enalapril), - medicamentos para tratar infecções fúngicas (miconazol, fluconazol), - medicamentos para tratar úlceras estomacais ou duodenais (antagonistas dos receptores H2), - medicamentos para tratar a depressão (inibidores da monoamino oxidase), - analgésicos ou antirreumáticos (fenilbutazona, ibuprofeno), - medicamentos contendo álcool.",1,fonte1,manual,1.0
gliclazida,ibuprofeno,"Os efeitos hipoglicêmicos da gliclazida e sinais da baixa nos níveis de açúcar no sangue podem ocorrer quando você tomar um dos seguintes medicamentos: - outros medicamentos utilizados no tratamento da hiperglicemia (agentes antidiabéticos orais, agonistas dos receptores GLP -1ou insulina), - antibióticos (sulfonamidas, claritromicina), - medicamentos para tratar hipertensão ou insuficiência cardíaca (betabloqueadores, inibidores da enzima de conversão da angiotensina como o captopril ou enalapril), - medicamentos para tratar infecções fúngicas (miconazol, fluconazol), - medicamentos para tratar úlceras estomacais ou duodenais (antagonistas dos receptores H2), - medicamentos para tratar a depressão (inibidores da monoamino oxidase), - analgésicos ou antirreumáticos (fenilbutazona, ibuprofeno), - medicamentos contendo álcool.",1,fonte1,manual,1.0
gliclazida,captopril,"Os efeitos hipoglicêmicos da gliclazida e sinais da baixa nos níveis de açúcar no sangue podem ocorrer quando você tomar um dos seguintes medicamentos: - outros medicamentos utilizados no tratamento da hiperglicemia (agentes antidiabéticos orais, agonistas dos receptores GLP -1ou insulina), - antibióticos (sulfonamidas, claritromicina), - medicamentos para tratar hipertensão ou insuficiência cardíaca (betabloqueadores, inibidores da enzima de conversão da angiotensina como o captopril ou enalapril), - medicamentos para tratar infecções fúngicas (miconazol, fluconazol), - medicamentos para tratar úlceras estomacais ou duodenais (antagonistas dos receptores H2), - medicamentos para tratar a depressão (inibidores da monoamino oxidase), - analgésicos ou antirreumáticos (fenilbutazona, ibuprofeno), - medicamentos contendo álcool.",1,fonte1,manual,1.0
gliclazida,fluconazol,"Os efeitos hipoglicêmicos da gliclazida e sinais da baixa nos níveis de açúcar no sangue podem ocorrer quando você tomar um dos seguintes medicamentos: - outros medicamentos utilizados no tratamento da hiperglicemia (agentes antidiabéticos orais, agonistas dos receptores GLP -1ou insulina), - antibióticos (sulfonamidas, claritromicina), - medicamentos para tratar hipertensão ou insuficiência cardíaca (betabloqueadores, inibidores da enzima de conversão da angiotensina como o captopril ou enalapril), - medicamentos para tratar infecções fúngicas (miconazol, fluconazol), - medicamentos para tratar úlceras estomacais ou duodenais (antagonistas dos receptores H2), - medicamentos para tratar a depressão (inibidores da monoamino oxidase), - analgésicos ou antirreumáticos (fenilbutazona, ibuprofeno), - medicamentos contendo álcool.",1,fonte1,manual,1.0
gliclazida,insulina,"Os efeitos hipoglicêmicos da gliclazida e sinais da baixa nos níveis de açúcar no sangue podem ocorrer quando você tomar um dos seguintes medicamentos: - outros medicamentos utilizados no tratamento da hiperglicemia (agentes antidiabéticos orais, agonistas dos receptores GLP -1ou insulina), - antibióticos (sulfonamidas, claritromicina), - medicamentos para tratar hipertensão ou insuficiência cardíaca (betabloqueadores, inibidores da enzima de conversão da angiotensina como o captopril ou enalapril), - medicamentos para tratar infecções fúngicas (miconazol, fluconazol), - medicamentos para tratar úlceras estomacais ou duodenais (antagonistas dos receptores H2), - medicamentos para tratar a depressão (inibidores da monoamino oxidase), - analgésicos ou antirreumáticos (fenilbutazona, ibuprofeno), - medicamentos contendo álcool.",1,fonte1,manual,1.0
sulfato de hidroxicloroquina,ciclosporina,"Alguns medicamentos e sulfato de hidroxicloroquina podem interferir um com o outro: isso inclui medicamentos usados para infecções por fungos (por exemplo, itraconazol), para infecções bacterianas (como rifampicina, claritromicina), para epilepsia (convulsões) (como fenitoína, carbamazepina), para distúrbios lipídicos (como genfibrozila, estatinas), para tratamento do HIV (como ritonavir), para transplante de órgãos ou distúrbios do sistema imunológico (como ciclosporina), para coágulos sanguíneos (como dabigatran, clopidogrel), para doenças do coração (como digoxina, flecainida, propafenona) e tratamento à base de plantas para a depressão: erva de São João.",1,fonte1,manual,1.0
sulfato de hidroxicloroquina,claritromicina,"Alguns medicamentos e sulfato de hidroxicloroquina podem interferir um com o outro: isso inclui medicamentos usados para infecções por fungos (por exemplo, itraconazol), para infecções bacterianas (como rifampicina, claritromicina), para epilepsia (convulsões) (como fenitoína, carbamazepina), para distúrbios lipídicos (como genfibrozila, estatinas), para tratamento do HIV (como ritonavir), para transplante de órgãos ou distúrbios do sistema imunológico (como ciclosporina), para coágulos sanguíneos (como dabigatran, clopidogrel), para doenças do coração (como digoxina, flecainida, propafenona) e tratamento à base de plantas para a depressão: erva de São João.",1,fonte1,manual,1.0
sulfato de hidroxicloroquina,carbamazepina,"Alguns medicamentos e sulfato de hidroxicloroquina podem interferir um com o outro: isso inclui medicamentos usados para infecções por fungos (por exemplo, itraconazol), para infecções bacterianas (como rifampicina, claritromicina), para epilepsia (convulsões) (como fenitoína, carbamazepina), para distúrbios lipídicos (como genfibrozila, estatinas), para tratamento do HIV (como ritonavir), para transplante de órgãos ou distúrbios do sistema imunológico (como ciclosporina), para coágulos sanguíneos (como dabigatran, clopidogrel), para doenças do coração (como digoxina, flecainida, propafenona) e tratamento à base de plantas para a depressão: erva de São João.",1,fonte1,manual,1.0
sulfato de hidroxicloroquina,digoxina,"Alguns medicamentos e sulfato de hidroxicloroquina podem interferir um com o outro: isso inclui medicamentos usados para infecções por fungos (por exemplo, itraconazol), para infecções bacterianas (como rifampicina, claritromicina), para epilepsia (convulsões) (como fenitoína, carbamazepina), para distúrbios lipídicos (como genfibrozila, estatinas), para tratamento do HIV (como ritonavir), para transplante de órgãos ou distúrbios do sistema imunológico (como ciclosporina), para coágulos sanguíneos (como dabigatran, clopidogrel), para doenças do coração (como digoxina, flecainida, propafenona) e tratamento à base de plantas para a depressão: erva de São João.",1,fonte1,manual,1.0
sulfato de hidroxicloroquina,itraconazol,"Alguns medicamentos e sulfato de hidroxicloroquina podem interferir um com o outro: isso inclui medicamentos usados para infecções por fungos (por exemplo, itraconazol), para infecções bacterianas (como rifampicina, claritromicina), para epilepsia (convulsões) (como fenitoína, carbamazepina), para distúrbios lipídicos (como genfibrozila, estatinas), para tratamento do HIV (como ritonavir), para transplante de órgãos ou distúrbios do sistema imunológico (como ciclosporina), para coágulos sanguíneos (como dabigatran, clopidogrel), para doenças do coração (como digoxina, flecainida, propafenona) e tratamento à base de plantas para a depressão: erva de São João.",1,fonte1,manual,1.0
valerato de estradiol,eritromicina,"Em alguns casos estas alterações podem ser clinicamente relevantes. - Substâncias que diminuem a depuração de hormônios sexuais (inibidores enzimáticos): Inibidores potentes e moderados do CYP3A4, tais como antifúngicos azólicos (por exemplo, fluconazol, itraconazol, cetoconazol, voriconazol), macrolídeos (por exemplo, claritromicina, eritromicina), verapamil, diltiazem e suco de toranja ( grapefruit ) podem aumentar as concentrações plasmáticas do estrogênio.",1,fonte1,manual,1.0
valerato de estradiol,claritromicina,"Em alguns casos estas alterações podem ser clinicamente relevantes. - Substâncias que diminuem a depuração de hormônios sexuais (inibidores enzimáticos): Inibidores potentes e moderados do CYP3A4, tais como antifúngicos azólicos (por exemplo, fluconazol, itraconazol, cetoconazol, voriconazol), macrolídeos (por exemplo, claritromicina, eritromicina), verapamil, diltiazem e suco de toranja ( grapefruit ) podem aumentar as concentrações plasmáticas do estrogênio.",1,fonte1,manual,1.0
valerato de estradiol,cetoconazol,"Em alguns casos estas alterações podem ser clinicamente relevantes. - Substâncias que diminuem a depuração de hormônios sexuais (inibidores enzimáticos): Inibidores potentes e moderados do CYP3A4, tais como antifúngicos azólicos (por exemplo, fluconazol, itraconazol, cetoconazol, voriconazol), macrolídeos (por exemplo, claritromicina, eritromicina), verapamil, diltiazem e suco de toranja ( grapefruit ) podem aumentar as concentrações plasmáticas do estrogênio.",1,fonte1,manual,1.0
valerato de estradiol,fluconazol,"Em alguns casos estas alterações podem ser clinicamente relevantes. - Substâncias que diminuem a depuração de hormônios sexuais (inibidores enzimáticos): Inibidores potentes e moderados do CYP3A4, tais como antifúngicos azólicos (por exemplo, fluconazol, itraconazol, cetoconazol, voriconazol), macrolídeos (por exemplo, claritromicina, eritromicina), verapamil, diltiazem e suco de toranja ( grapefruit ) podem aumentar as concentrações plasmáticas do estrogênio.",1,fonte1,manual,1.0
valerato de estradiol,itraconazol,"Em alguns casos estas alterações podem ser clinicamente relevantes. - Substâncias que diminuem a depuração de hormônios sexuais (inibidores enzimáticos): Inibidores potentes e moderados do CYP3A4, tais como antifúngicos azólicos (por exemplo, fluconazol, itraconazol, cetoconazol, voriconazol), macrolídeos (por exemplo, claritromicina, eritromicina), verapamil, diltiazem e suco de toranja ( grapefruit ) podem aumentar as concentrações plasmáticas do estrogênio.",1,fonte1,manual,1.0
cloridrato de donepezila,varfarina,"O cloridrato de donepezila e seus metabólitos não inibem o metabolismo da teofilina, varfarina, cimetidina, digoxina, tioridazina, risperidona e sertralina em humanos.",0,fonte1,manual,1.0
cloridrato de donepezila,sertralina,"O cloridrato de donepezila e seus metabólitos não inibem o metabolismo da teofilina, varfarina, cimetidina, digoxina, tioridazina, risperidona e sertralina em humanos.",0,fonte1,manual,1.0
cloridrato de donepezila,digoxina,"O cloridrato de donepezila e seus metabólitos não inibem o metabolismo da teofilina, varfarina, cimetidina, digoxina, tioridazina, risperidona e sertralina em humanos.",0,fonte1,manual,1.0
cloridrato de donepezila,risperidona,"O cloridrato de donepezila e seus metabólitos não inibem o metabolismo da teofilina, varfarina, cimetidina, digoxina, tioridazina, risperidona e sertralina em humanos.",0,fonte1,manual,1.0
cloridrato de donepezila,cimetidina,"O cloridrato de donepezila e seus metabólitos não inibem o metabolismo da teofilina, varfarina, cimetidina, digoxina, tioridazina, risperidona e sertralina em humanos.",0,fonte1,manual,1.0
dienogeste,eritromicina,"Inibidores potentes e moderados do CYP3A4, tais com o antifúngicos azólicos (por exemplo, itraconazol, voriconazol, fluconazol), verapamil, macrolídeos (por exemplo, c laritromicina, eritromicina), diltiazem e suco de t oranja (“grapefruit”) podem aumentar as concentrações plasmáticas desta p rogestina.",1,fonte1,manual,1.0
dienogeste,fluconazol,"Inibidores potentes e moderados do CYP3A4, tais com o antifúngicos azólicos (por exemplo, itraconazol, voriconazol, fluconazol), verapamil, macrolídeos (por exemplo, c laritromicina, eritromicina), diltiazem e suco de t oranja (“grapefruit”) podem aumentar as concentrações plasmáticas desta p rogestina.",1,fonte1,manual,1.0
dienogeste,itraconazol,"Inibidores potentes e moderados do CYP3A4, tais com o antifúngicos azólicos (por exemplo, itraconazol, voriconazol, fluconazol), verapamil, macrolídeos (por exemplo, c laritromicina, eritromicina), diltiazem e suco de t oranja (“grapefruit”) podem aumentar as concentrações plasmáticas desta p rogestina.",1,fonte1,manual,1.0
dienogeste,diltiazem,"Inibidores potentes e moderados do CYP3A4, tais com o antifúngicos azólicos (por exemplo, itraconazol, voriconazol, fluconazol), verapamil, macrolídeos (por exemplo, c laritromicina, eritromicina), diltiazem e suco de t oranja (“grapefruit”) podem aumentar as concentrações plasmáticas desta p rogestina.",1,fonte1,manual,1.0
dienogeste,verapamil,"Inibidores potentes e moderados do CYP3A4, tais com o antifúngicos azólicos (por exemplo, itraconazol, voriconazol, fluconazol), verapamil, macrolídeos (por exemplo, c laritromicina, eritromicina), diltiazem e suco de t oranja (“grapefruit”) podem aumentar as concentrações plasmáticas desta p rogestina.",1,fonte1,manual,1.0
dapagliflozina propanodiol,varfarina,"Em estudos de interação conduzidos em indivíduos sadios, utilizando principalmente o desenho de dose única, a dapagliflozina não alterou significativamente a farmacocinética da metformina, pioglitazona, sitagliptina, glimepirida, hidroclorotiazida, bumetanida, valsartana, sinvastatina, digoxina (um substrato da gp-P) ou varfarina (a varfarina é um substrato do CYP2C).",0,fonte1,manual,1.0
dapagliflozina propanodiol,metformina,"Em estudos de interação conduzidos em indivíduos sadios, utilizando principalmente o desenho de dose única, a dapagliflozina não alterou significativamente a farmacocinética da metformina, pioglitazona, sitagliptina, glimepirida, hidroclorotiazida, bumetanida, valsartana, sinvastatina, digoxina (um substrato da gp-P) ou varfarina (a varfarina é um substrato do CYP2C).",0,fonte1,manual,1.0
dapagliflozina propanodiol,sinvastatina,"Em estudos de interação conduzidos em indivíduos sadios, utilizando principalmente o desenho de dose única, a dapagliflozina não alterou significativamente a farmacocinética da metformina, pioglitazona, sitagliptina, glimepirida, hidroclorotiazida, bumetanida, valsartana, sinvastatina, digoxina (um substrato da gp-P) ou varfarina (a varfarina é um substrato do CYP2C).",0,fonte1,manual,1.0
dapagliflozina propanodiol,digoxina,"Em estudos de interação conduzidos em indivíduos sadios, utilizando principalmente o desenho de dose única, a dapagliflozina não alterou significativamente a farmacocinética da metformina, pioglitazona, sitagliptina, glimepirida, hidroclorotiazida, bumetanida, valsartana, sinvastatina, digoxina (um substrato da gp-P) ou varfarina (a varfarina é um substrato do CYP2C).",0,fonte1,manual,1.0
dapagliflozina propanodiol,hidroclorotiazida,"Em estudos de interação conduzidos em indivíduos sadios, utilizando principalmente o desenho de dose única, a dapagliflozina não alterou significativamente a farmacocinética da metformina, pioglitazona, sitagliptina, glimepirida, hidroclorotiazida, bumetanida, valsartana, sinvastatina, digoxina (um substrato da gp-P) ou varfarina (a varfarina é um substrato do CYP2C).",0,fonte1,manual,1.0
amoxicilina claritromicina esomeprazol,varfarina,"INTERAÇÕES MEDICAMENTOSAS claritromicina - A biodisponibilidade da claritromicina não se altera quando ingerida com alimentos. - Resultados de estudos clínicos revelaram que existe um aumento ligeiro, mas estatisticamente significativo (p < 0,05), nos níveis circulantes de teofilina ou de carbamazepina, quando alguma destas drogas é administrada concomitantemente com a claritromicin a. - Como ocorre com outros macrolídeos, o uso de claritromicina pode elevar os níveis séricos de medicações concomitantes, metabolizadas pelo sistema do citocromo P450 (por ex.: varfarina, alcaloides do ergot, triazolam, midazolam, ciclosporina). - Elevação nas concentrações séricas de digoxina foram relatadas em pacientes que receberam concomitantemente claritromicina e digoxina.",1,fonte1,manual,1.0
amoxicilina claritromicina esomeprazol,ciclosporina,"INTERAÇÕES MEDICAMENTOSAS claritromicina - A biodisponibilidade da claritromicina não se altera quando ingerida com alimentos. - Resultados de estudos clínicos revelaram que existe um aumento ligeiro, mas estatisticamente significativo (p < 0,05), nos níveis circulantes de teofilina ou de carbamazepina, quando alguma destas drogas é administrada concomitantemente com a claritromicin a. - Como ocorre com outros macrolídeos, o uso de claritromicina pode elevar os níveis séricos de medicações concomitantes, metabolizadas pelo sistema do citocromo P450 (por ex.: varfarina, alcaloides do ergot, triazolam, midazolam, ciclosporina). - Elevação nas concentrações séricas de digoxina foram relatadas em pacientes que receberam concomitantemente claritromicina e digoxina.",1,fonte1,manual,1.0
amoxicilina claritromicina esomeprazol,claritromicina,"INTERAÇÕES MEDICAMENTOSAS claritromicina - A biodisponibilidade da claritromicina não se altera quando ingerida com alimentos. - Resultados de estudos clínicos revelaram que existe um aumento ligeiro, mas estatisticamente significativo (p < 0,05), nos níveis circulantes de teofilina ou de carbamazepina, quando alguma destas drogas é administrada concomitantemente com a claritromicin a. - Como ocorre com outros macrolídeos, o uso de claritromicina pode elevar os níveis séricos de medicações concomitantes, metabolizadas pelo sistema do citocromo P450 (por ex.: varfarina, alcaloides do ergot, triazolam, midazolam, ciclosporina). - Elevação nas concentrações séricas de digoxina foram relatadas em pacientes que receberam concomitantemente claritromicina e digoxina.",1,fonte1,manual,1.0
amoxicilina claritromicina esomeprazol,carbamazepina,"INTERAÇÕES MEDICAMENTOSAS claritromicina - A biodisponibilidade da claritromicina não se altera quando ingerida com alimentos. - Resultados de estudos clínicos revelaram que existe um aumento ligeiro, mas estatisticamente significativo (p < 0,05), nos níveis circulantes de teofilina ou de carbamazepina, quando alguma destas drogas é administrada concomitantemente com a claritromicin a. - Como ocorre com outros macrolídeos, o uso de claritromicina pode elevar os níveis séricos de medicações concomitantes, metabolizadas pelo sistema do citocromo P450 (por ex.: varfarina, alcaloides do ergot, triazolam, midazolam, ciclosporina). - Elevação nas concentrações séricas de digoxina foram relatadas em pacientes que receberam concomitantemente claritromicina e digoxina.",1,fonte1,manual,1.0
amoxicilina claritromicina esomeprazol,digoxina,"INTERAÇÕES MEDICAMENTOSAS claritromicina - A biodisponibilidade da claritromicina não se altera quando ingerida com alimentos. - Resultados de estudos clínicos revelaram que existe um aumento ligeiro, mas estatisticamente significativo (p < 0,05), nos níveis circulantes de teofilina ou de carbamazepina, quando alguma destas drogas é administrada concomitantemente com a claritromicin a. - Como ocorre com outros macrolídeos, o uso de claritromicina pode elevar os níveis séricos de medicações concomitantes, metabolizadas pelo sistema do citocromo P450 (por ex.: varfarina, alcaloides do ergot, triazolam, midazolam, ciclosporina). - Elevação nas concentrações séricas de digoxina foram relatadas em pacientes que receberam concomitantemente claritromicina e digoxina.",1,fonte1,manual,1.0
cetoprofeno,ciclosporina,"Associações medicamentosas que requerem precauções - Categorias terapêuticas e medicamentos que podem promover hiper calemia (tais como, sais de potássio, diuréticos poupadores de potássio, inibidores da ECA e antagonistas da angiotensina II, AINEs, heparinas (de baixo peso molecular ou não fracionada), ciclosporina, tacrolimo e trimetoprima): O risco de hiper calemia pode aume ntar quando os medicamentos mencionados acima são administrados concomitantemente (vide “ O QUE DEVO SABER ANTES DE USAR ESTE MEDICAMENTO? ”). - Corticosteroides (prednisona, prednisolona, dexametasona): aumento do risco de ulceração ou sangramento gastrin testinal (vide “ O QUE DEVO SABER ANTES DE USAR ESTE MEDICAMENTO? ”). - Diuréticos (furosemida, hidroclorotiazida, clortalidona): pacientes utilizando diuréticos, particularmente os desidratados, apresentam maior risco de desenvolvimento de insuficiência renal devido a diminuição do fluxo sanguíneo nos rins.",1,fonte1,manual,1.0
cetoprofeno,hidroclorotiazida,"Associações medicamentosas que requerem precauções - Categorias terapêuticas e medicamentos que podem promover hiper calemia (tais como, sais de potássio, diuréticos poupadores de potássio, inibidores da ECA e antagonistas da angiotensina II, AINEs, heparinas (de baixo peso molecular ou não fracionada), ciclosporina, tacrolimo e trimetoprima): O risco de hiper calemia pode aume ntar quando os medicamentos mencionados acima são administrados concomitantemente (vide “ O QUE DEVO SABER ANTES DE USAR ESTE MEDICAMENTO? ”). - Corticosteroides (prednisona, prednisolona, dexametasona): aumento do risco de ulceração ou sangramento gastrin testinal (vide “ O QUE DEVO SABER ANTES DE USAR ESTE MEDICAMENTO? ”). - Diuréticos (furosemida, hidroclorotiazida, clortalidona): pacientes utilizando diuréticos, particularmente os desidratados, apresentam maior risco de desenvolvimento de insuficiência renal devido a diminuição do fluxo sanguíneo nos rins.",1,fonte1,manual,1.0
cetoprofeno,furosemida,"Associações medicamentosas que requerem precauções - Categorias terapêuticas e medicamentos que podem promover hiper calemia (tais como, sais de potássio, diuréticos poupadores de potássio, inibidores da ECA e antagonistas da angiotensina II, AINEs, heparinas (de baixo peso molecular ou não fracionada), ciclosporina, tacrolimo e trimetoprima): O risco de hiper calemia pode aume ntar quando os medicamentos mencionados acima são administrados concomitantemente (vide “ O QUE DEVO SABER ANTES DE USAR ESTE MEDICAMENTO? ”). - Corticosteroides (prednisona, prednisolona, dexametasona): aumento do risco de ulceração ou sangramento gastrin testinal (vide “ O QUE DEVO SABER ANTES DE USAR ESTE MEDICAMENTO? ”). - Diuréticos (furosemida, hidroclorotiazida, clortalidona): pacientes utilizando diuréticos, particularmente os desidratados, apresentam maior risco de desenvolvimento de insuficiência renal devido a diminuição do fluxo sanguíneo nos rins.",1,fonte1,manual,1.0
cetoprofeno,corticosteroides,"Associações medicamentosas que requerem precauções - Categorias terapêuticas e medicamentos que podem promover hiper calemia (tais como, sais de potássio, diuréticos poupadores de potássio, inibidores da ECA e antagonistas da angiotensina II, AINEs, heparinas (de baixo peso molecular ou não fracionada), ciclosporina, tacrolimo e trimetoprima): O risco de hiper calemia pode aume ntar quando os medicamentos mencionados acima são administrados concomitantemente (vide “ O QUE DEVO SABER ANTES DE USAR ESTE MEDICAMENTO? ”). - Corticosteroides (prednisona, prednisolona, dexametasona): aumento do risco de ulceração ou sangramento gastrin testinal (vide “ O QUE DEVO SABER ANTES DE USAR ESTE MEDICAMENTO? ”). - Diuréticos (furosemida, hidroclorotiazida, clortalidona): pacientes utilizando diuréticos, particularmente os desidratados, apresentam maior risco de desenvolvimento de insuficiência renal devido a diminuição do fluxo sanguíneo nos rins.",1,fonte1,manual,1.0
cetoprofeno,aines,"Associações medicamentosas que requerem precauções - Categorias terapêuticas e medicamentos que podem promover hiper calemia (tais como, sais de potássio, diuréticos poupadores de potássio, inibidores da ECA e antagonistas da angiotensina II, AINEs, heparinas (de baixo peso molecular ou não fracionada), ciclosporina, tacrolimo e trimetoprima): O risco de hiper calemia pode aume ntar quando os medicamentos mencionados acima são administrados concomitantemente (vide “ O QUE DEVO SABER ANTES DE USAR ESTE MEDICAMENTO? ”). - Corticosteroides (prednisona, prednisolona, dexametasona): aumento do risco de ulceração ou sangramento gastrin testinal (vide “ O QUE DEVO SABER ANTES DE USAR ESTE MEDICAMENTO? ”). - Diuréticos (furosemida, hidroclorotiazida, clortalidona): pacientes utilizando diuréticos, particularmente os desidratados, apresentam maior risco de desenvolvimento de insuficiência renal devido a diminuição do fluxo sanguíneo nos rins.",1,fonte1,manual,1.0
besilato de anlodipino,varfarina,Estudos Especiais: Efeito do an lodipino sobre Outros Agentes atorvastatina: a coadministração de doses múltiplas de 10 mg de an lodipino e 80 mg de at orvastatina não resultou em mudança significante nos parâmetros farmacocinéticos no estado de equilíbrio ( steady state ) da atorvastatina. digoxina: a coadministração de anlodipino e digoxin a não alterou os níveis séricos ou o clearance renal de digoxina nos voluntários sadios. etanol (Álcool): dose única e doses múltiplas de 10 mg de anlodipino não tiveram efeito significante na farmacocinética do etanol. varfarina: a coadministração de anlodipino co m varfarina não alterou o tempo de resposta de protrombina da varfarina. ciclosporina: nenhum estudo de interação medicamentosa foi conduzido com a ciclosporina e o anlodipino em voluntários saudáveis ou outr as populações com exceção do s pacientes com transplante renal.,0,fonte1,manual,1.0
besilato de anlodipino,ciclosporina,Estudos Especiais: Efeito do an lodipino sobre Outros Agentes atorvastatina: a coadministração de doses múltiplas de 10 mg de an lodipino e 80 mg de at orvastatina não resultou em mudança significante nos parâmetros farmacocinéticos no estado de equilíbrio ( steady state ) da atorvastatina. digoxina: a coadministração de anlodipino e digoxin a não alterou os níveis séricos ou o clearance renal de digoxina nos voluntários sadios. etanol (Álcool): dose única e doses múltiplas de 10 mg de anlodipino não tiveram efeito significante na farmacocinética do etanol. varfarina: a coadministração de anlodipino co m varfarina não alterou o tempo de resposta de protrombina da varfarina. ciclosporina: nenhum estudo de interação medicamentosa foi conduzido com a ciclosporina e o anlodipino em voluntários saudáveis ou outr as populações com exceção do s pacientes com transplante renal.,0,fonte1,manual,1.0
besilato de anlodipino,atorvastatina,Estudos Especiais: Efeito do an lodipino sobre Outros Agentes atorvastatina: a coadministração de doses múltiplas de 10 mg de an lodipino e 80 mg de at orvastatina não resultou em mudança significante nos parâmetros farmacocinéticos no estado de equilíbrio ( steady state ) da atorvastatina. digoxina: a coadministração de anlodipino e digoxin a não alterou os níveis séricos ou o clearance renal de digoxina nos voluntários sadios. etanol (Álcool): dose única e doses múltiplas de 10 mg de anlodipino não tiveram efeito significante na farmacocinética do etanol. varfarina: a coadministração de anlodipino co m varfarina não alterou o tempo de resposta de protrombina da varfarina. ciclosporina: nenhum estudo de interação medicamentosa foi conduzido com a ciclosporina e o anlodipino em voluntários saudáveis ou outr as populações com exceção do s pacientes com transplante renal.,0,fonte1,manual,1.0
besilato de anlodipino,digoxina,Estudos Especiais: Efeito do an lodipino sobre Outros Agentes atorvastatina: a coadministração de doses múltiplas de 10 mg de an lodipino e 80 mg de at orvastatina não resultou em mudança significante nos parâmetros farmacocinéticos no estado de equilíbrio ( steady state ) da atorvastatina. digoxina: a coadministração de anlodipino e digoxin a não alterou os níveis séricos ou o clearance renal de digoxina nos voluntários sadios. etanol (Álcool): dose única e doses múltiplas de 10 mg de anlodipino não tiveram efeito significante na farmacocinética do etanol. varfarina: a coadministração de anlodipino co m varfarina não alterou o tempo de resposta de protrombina da varfarina. ciclosporina: nenhum estudo de interação medicamentosa foi conduzido com a ciclosporina e o anlodipino em voluntários saudáveis ou outr as populações com exceção do s pacientes com transplante renal.,0,fonte1,manual,1.0
besilato de anlodipino,anlodipino,Estudos Especiais: Efeito do an lodipino sobre Outros Agentes atorvastatina: a coadministração de doses múltiplas de 10 mg de an lodipino e 80 mg de at orvastatina não resultou em mudança significante nos parâmetros farmacocinéticos no estado de equilíbrio ( steady state ) da atorvastatina. digoxina: a coadministração de anlodipino e digoxin a não alterou os níveis séricos ou o clearance renal de digoxina nos voluntários sadios. etanol (Álcool): dose única e doses múltiplas de 10 mg de anlodipino não tiveram efeito significante na farmacocinética do etanol. varfarina: a coadministração de anlodipino co m varfarina não alterou o tempo de resposta de protrombina da varfarina. ciclosporina: nenhum estudo de interação medicamentosa foi conduzido com a ciclosporina e o anlodipino em voluntários saudáveis ou outr as populações com exceção do s pacientes com transplante renal.,0,fonte1,manual,1.0
cloridrato de donepezila,varfarina,"O cloridrato de donepezila e seus metabólitos não inibem o meta bolismo da teofilina, varfarina, cimetidina, digoxina, tioridazina, risperidona e sertralina em humanos.",0,fonte1,manual,1.0
cloridrato de donepezila,sertralina,"O cloridrato de donepezila e seus metabólitos não inibem o meta bolismo da teofilina, varfarina, cimetidina, digoxina, tioridazina, risperidona e sertralina em humanos.",0,fonte1,manual,1.0
cloridrato de donepezila,digoxina,"O cloridrato de donepezila e seus metabólitos não inibem o meta bolismo da teofilina, varfarina, cimetidina, digoxina, tioridazina, risperidona e sertralina em humanos.",0,fonte1,manual,1.0
cloridrato de donepezila,risperidona,"O cloridrato de donepezila e seus metabólitos não inibem o meta bolismo da teofilina, varfarina, cimetidina, digoxina, tioridazina, risperidona e sertralina em humanos.",0,fonte1,manual,1.0
cloridrato de donepezila,cimetidina,"O cloridrato de donepezila e seus metabólitos não inibem o meta bolismo da teofilina, varfarina, cimetidina, digoxina, tioridazina, risperidona e sertralina em humanos.",0,fonte1,manual,1.0
cloridrato de moxifloxacino,morfina,"INTERAÇÕES MEDICAMENTOSAS Para as seguintes substâncias foi comprovada a ausência de interação clinicamente relevante com cloridrato de moxifloxacino : atenolol, ranitidina, suplementos de cálcio, teofilina, ciclosporina, contraceptivos orais, glibenclami da, itraconazol, digoxina, morfina, probenecida.",0,fonte1,manual,1.0
besilato de anlodipino,varfarina,Estudos Especiais: Efe ito do anlodipino Sobre Outros Agentes atorvastatina: a coadministração de doses múltiplas de 10mg de anlodipino e 80 mg de atorvastatina não resultou em mudança significante nos parâmetr os farmacocinético s no estado de equilíbrio (steady state) da atorvastatina. digoxina: a coadministração de anlodipino e digoxina não alterou os nívei s séricos ou o clearance renal de digoxina nos voluntários sadios. etanol (álcool): dose única e doses múltiplas de 10mg de anlodipino não tiveram efeito significante na farmacocinética do etanol. varfarina: a coadministração de anlodipino com varfarina não alterou o tem po de resposta de protombina da varfarina. ciclosporina: nenhum estudo de interação medicamentosa foi conduzido com a ci closporina e o anlodipino em voluntários saudáveis ou outras populações com ex ceção dos pacientes com transplante renal.,0,fonte1,manual,1.0
besilato de anlodipino,ciclosporina,Estudos Especiais: Efe ito do anlodipino Sobre Outros Agentes atorvastatina: a coadministração de doses múltiplas de 10mg de anlodipino e 80 mg de atorvastatina não resultou em mudança significante nos parâmetr os farmacocinético s no estado de equilíbrio (steady state) da atorvastatina. digoxina: a coadministração de anlodipino e digoxina não alterou os nívei s séricos ou o clearance renal de digoxina nos voluntários sadios. etanol (álcool): dose única e doses múltiplas de 10mg de anlodipino não tiveram efeito significante na farmacocinética do etanol. varfarina: a coadministração de anlodipino com varfarina não alterou o tem po de resposta de protombina da varfarina. ciclosporina: nenhum estudo de interação medicamentosa foi conduzido com a ci closporina e o anlodipino em voluntários saudáveis ou outras populações com ex ceção dos pacientes com transplante renal.,0,fonte1,manual,1.0
besilato de anlodipino,atorvastatina,Estudos Especiais: Efe ito do anlodipino Sobre Outros Agentes atorvastatina: a coadministração de doses múltiplas de 10mg de anlodipino e 80 mg de atorvastatina não resultou em mudança significante nos parâmetr os farmacocinético s no estado de equilíbrio (steady state) da atorvastatina. digoxina: a coadministração de anlodipino e digoxina não alterou os nívei s séricos ou o clearance renal de digoxina nos voluntários sadios. etanol (álcool): dose única e doses múltiplas de 10mg de anlodipino não tiveram efeito significante na farmacocinética do etanol. varfarina: a coadministração de anlodipino com varfarina não alterou o tem po de resposta de protombina da varfarina. ciclosporina: nenhum estudo de interação medicamentosa foi conduzido com a ci closporina e o anlodipino em voluntários saudáveis ou outras populações com ex ceção dos pacientes com transplante renal.,0,fonte1,manual,1.0
besilato de anlodipino,digoxina,Estudos Especiais: Efe ito do anlodipino Sobre Outros Agentes atorvastatina: a coadministração de doses múltiplas de 10mg de anlodipino e 80 mg de atorvastatina não resultou em mudança significante nos parâmetr os farmacocinético s no estado de equilíbrio (steady state) da atorvastatina. digoxina: a coadministração de anlodipino e digoxina não alterou os nívei s séricos ou o clearance renal de digoxina nos voluntários sadios. etanol (álcool): dose única e doses múltiplas de 10mg de anlodipino não tiveram efeito significante na farmacocinética do etanol. varfarina: a coadministração de anlodipino com varfarina não alterou o tem po de resposta de protombina da varfarina. ciclosporina: nenhum estudo de interação medicamentosa foi conduzido com a ci closporina e o anlodipino em voluntários saudáveis ou outras populações com ex ceção dos pacientes com transplante renal.,0,fonte1,manual,1.0
besilato de anlodipino,anlodipino,Estudos Especiais: Efe ito do anlodipino Sobre Outros Agentes atorvastatina: a coadministração de doses múltiplas de 10mg de anlodipino e 80 mg de atorvastatina não resultou em mudança significante nos parâmetr os farmacocinético s no estado de equilíbrio (steady state) da atorvastatina. digoxina: a coadministração de anlodipino e digoxina não alterou os nívei s séricos ou o clearance renal de digoxina nos voluntários sadios. etanol (álcool): dose única e doses múltiplas de 10mg de anlodipino não tiveram efeito significante na farmacocinética do etanol. varfarina: a coadministração de anlodipino com varfarina não alterou o tem po de resposta de protombina da varfarina. ciclosporina: nenhum estudo de interação medicamentosa foi conduzido com a ci closporina e o anlodipino em voluntários saudáveis ou outras populações com ex ceção dos pacientes com transplante renal.,0,fonte1,manual,1.0
ibuprofeno,ciclosporina,"O uso concomitante de qualquer AINE com os seguintes fármacos deve ser evitado, especialmente nos casos de administração crônica: ácido acetilsalicílico, paracetamol, colchicina, iodetos, medicamen tos fotossensibilizantes, outros anti -inflamatórios não esteroides, corticosteroides, corticotrofina, uroquinase, hipoglicemiantes orais ou insulina, anti -hipertensivos e diuréticos, ácido valpr oico, plicamicina, sais de ouro, ciclosporina, lítio, probenec ida, inibidores da ECA, agentes anticoagulantes ou trombolíticos, inibidores de agregação plaquetária, cardiotônicos digitálicos, digoxina e metotrexato.",2,fonte1,manual,1.0
ibuprofeno,paracetamol,"O uso concomitante de qualquer AINE com os seguintes fármacos deve ser evitado, especialmente nos casos de administração crônica: ácido acetilsalicílico, paracetamol, colchicina, iodetos, medicamen tos fotossensibilizantes, outros anti -inflamatórios não esteroides, corticosteroides, corticotrofina, uroquinase, hipoglicemiantes orais ou insulina, anti -hipertensivos e diuréticos, ácido valpr oico, plicamicina, sais de ouro, ciclosporina, lítio, probenec ida, inibidores da ECA, agentes anticoagulantes ou trombolíticos, inibidores de agregação plaquetária, cardiotônicos digitálicos, digoxina e metotrexato.",2,fonte1,manual,1.0
ibuprofeno,digoxina,"O uso concomitante de qualquer AINE com os seguintes fármacos deve ser evitado, especialmente nos casos de administração crônica: ácido acetilsalicílico, paracetamol, colchicina, iodetos, medicamen tos fotossensibilizantes, outros anti -inflamatórios não esteroides, corticosteroides, corticotrofina, uroquinase, hipoglicemiantes orais ou insulina, anti -hipertensivos e diuréticos, ácido valpr oico, plicamicina, sais de ouro, ciclosporina, lítio, probenec ida, inibidores da ECA, agentes anticoagulantes ou trombolíticos, inibidores de agregação plaquetária, cardiotônicos digitálicos, digoxina e metotrexato.",2,fonte1,manual,1.0
ibuprofeno,metotrexato,"O uso concomitante de qualquer AINE com os seguintes fármacos deve ser evitado, especialmente nos casos de administração crônica: ácido acetilsalicílico, paracetamol, colchicina, iodetos, medicamen tos fotossensibilizantes, outros anti -inflamatórios não esteroides, corticosteroides, corticotrofina, uroquinase, hipoglicemiantes orais ou insulina, anti -hipertensivos e diuréticos, ácido valpr oico, plicamicina, sais de ouro, ciclosporina, lítio, probenec ida, inibidores da ECA, agentes anticoagulantes ou trombolíticos, inibidores de agregação plaquetária, cardiotônicos digitálicos, digoxina e metotrexato.",2,fonte1,manual,1.0
ibuprofeno,insulina,"O uso concomitante de qualquer AINE com os seguintes fármacos deve ser evitado, especialmente nos casos de administração crônica: ácido acetilsalicílico, paracetamol, colchicina, iodetos, medicamen tos fotossensibilizantes, outros anti -inflamatórios não esteroides, corticosteroides, corticotrofina, uroquinase, hipoglicemiantes orais ou insulina, anti -hipertensivos e diuréticos, ácido valpr oico, plicamicina, sais de ouro, ciclosporina, lítio, probenec ida, inibidores da ECA, agentes anticoagulantes ou trombolíticos, inibidores de agregação plaquetária, cardiotônicos digitálicos, digoxina e metotrexato.",2,fonte1,manual,1.0
lamotrigina,paracetamol,"Tabela 1: Efeito de drogas na concentração da lamotrigina (ver ‘‘Posologia e modo de usar ’’): Drogas que aumentam a Drogas que reduzem a concentração da lamotrigina Drogas que têm pouco ou nenhum efeito na concentração da lamotrigina concentração da lamotrigina valproato carbamazepina fenitoína primidona fenobarbitona rifampicina lopinavir/ritonavir atazanavir/ritonavir* Associação de etinilestradiol/levonorgestrel* lítio bupropiona olanzapina oxcarbazepina felbamato gabap entina levetiracetam pregabalina topiramato zonisamida aripripazol lacosamida perampanel paracetamol *Para orientações de dosagem, ver ‘‘Posologia e modo de Usar ’’– Recomendações gerais para populações de pacientes especiais , adicionalmente para mulheres tomando contraceptivos orais ver também Advertências e Precauções – Contraceptivos hormonais.",1,fonte1,manual,1.0
lamotrigina,carbamazepina,"Tabela 1: Efeito de drogas na concentração da lamotrigina (ver ‘‘Posologia e modo de usar ’’): Drogas que aumentam a Drogas que reduzem a concentração da lamotrigina Drogas que têm pouco ou nenhum efeito na concentração da lamotrigina concentração da lamotrigina valproato carbamazepina fenitoína primidona fenobarbitona rifampicina lopinavir/ritonavir atazanavir/ritonavir* Associação de etinilestradiol/levonorgestrel* lítio bupropiona olanzapina oxcarbazepina felbamato gabap entina levetiracetam pregabalina topiramato zonisamida aripripazol lacosamida perampanel paracetamol *Para orientações de dosagem, ver ‘‘Posologia e modo de Usar ’’– Recomendações gerais para populações de pacientes especiais , adicionalmente para mulheres tomando contraceptivos orais ver também Advertências e Precauções – Contraceptivos hormonais.",1,fonte1,manual,1.0
lamotrigina,rifampicina,"Tabela 1: Efeito de drogas na concentração da lamotrigina (ver ‘‘Posologia e modo de usar ’’): Drogas que aumentam a Drogas que reduzem a concentração da lamotrigina Drogas que têm pouco ou nenhum efeito na concentração da lamotrigina concentração da lamotrigina valproato carbamazepina fenitoína primidona fenobarbitona rifampicina lopinavir/ritonavir atazanavir/ritonavir* Associação de etinilestradiol/levonorgestrel* lítio bupropiona olanzapina oxcarbazepina felbamato gabap entina levetiracetam pregabalina topiramato zonisamida aripripazol lacosamida perampanel paracetamol *Para orientações de dosagem, ver ‘‘Posologia e modo de Usar ’’– Recomendações gerais para populações de pacientes especiais , adicionalmente para mulheres tomando contraceptivos orais ver também Advertências e Precauções – Contraceptivos hormonais.",1,fonte1,manual,1.0
lamotrigina,olanzapina,"Tabela 1: Efeito de drogas na concentração da lamotrigina (ver ‘‘Posologia e modo de usar ’’): Drogas que aumentam a Drogas que reduzem a concentração da lamotrigina Drogas que têm pouco ou nenhum efeito na concentração da lamotrigina concentração da lamotrigina valproato carbamazepina fenitoína primidona fenobarbitona rifampicina lopinavir/ritonavir atazanavir/ritonavir* Associação de etinilestradiol/levonorgestrel* lítio bupropiona olanzapina oxcarbazepina felbamato gabap entina levetiracetam pregabalina topiramato zonisamida aripripazol lacosamida perampanel paracetamol *Para orientações de dosagem, ver ‘‘Posologia e modo de Usar ’’– Recomendações gerais para populações de pacientes especiais , adicionalmente para mulheres tomando contraceptivos orais ver também Advertências e Precauções – Contraceptivos hormonais.",1,fonte1,manual,1.0
lamotrigina,contraceptivos,"Tabela 1: Efeito de drogas na concentração da lamotrigina (ver ‘‘Posologia e modo de usar ’’): Drogas que aumentam a Drogas que reduzem a concentração da lamotrigina Drogas que têm pouco ou nenhum efeito na concentração da lamotrigina concentração da lamotrigina valproato carbamazepina fenitoína primidona fenobarbitona rifampicina lopinavir/ritonavir atazanavir/ritonavir* Associação de etinilestradiol/levonorgestrel* lítio bupropiona olanzapina oxcarbazepina felbamato gabap entina levetiracetam pregabalina topiramato zonisamida aripripazol lacosamida perampanel paracetamol *Para orientações de dosagem, ver ‘‘Posologia e modo de Usar ’’– Recomendações gerais para populações de pacientes especiais , adicionalmente para mulheres tomando contraceptivos orais ver também Advertências e Precauções – Contraceptivos hormonais.",1,fonte1,manual,1.0
cloridrato de verapamil,eritromicina,"Anti bacterianos claritromicina Possível aumento nos níveis de verapamil --- cloridrato d e verapamil 120 mg_BU 03_VPS _768 5 eritromicina Possível aumento dos níveis de verapamil --- rifampicina Diminui ASC (~97%), Cmax (~94%) e biodisponibilidade oral (~92%) do verapamil o efeito hipotensor do verapamil pode ser reduzido. telitromicina Possível aumento dos níveis de verapamil --- Antineoplásicos doxorrubicina Aumenta ASC (104%) e Cmax (61%) da doxorrubicina com a administração oral de verapamil Em pacientes com carcinoma pulmonar de células pequenas Barbitúricos fenobarbital Aumenta a depuração do verapamil oral (~5 vezes) --- Benzodiazepínicos e outros ansiolíticos buspirona Aumenta ASC e Cmax da buspirona em 3-4 vezes --- midazolam Aumenta ASC (~3 vezes) e Cmax (~2 vezes) do midazolam --- Betabloqueadores metoprolol Aumenta ASC (~32.5%) e Cmax (~41%) do metoprolol em pacientes com angina Ver item Advertências e Precauções propranolol Aumenta ASC (65%) e Cmax.",1,fonte1,manual,1.0
cloridrato de verapamil,claritromicina,"Anti bacterianos claritromicina Possível aumento nos níveis de verapamil --- cloridrato d e verapamil 120 mg_BU 03_VPS _768 5 eritromicina Possível aumento dos níveis de verapamil --- rifampicina Diminui ASC (~97%), Cmax (~94%) e biodisponibilidade oral (~92%) do verapamil o efeito hipotensor do verapamil pode ser reduzido. telitromicina Possível aumento dos níveis de verapamil --- Antineoplásicos doxorrubicina Aumenta ASC (104%) e Cmax (61%) da doxorrubicina com a administração oral de verapamil Em pacientes com carcinoma pulmonar de células pequenas Barbitúricos fenobarbital Aumenta a depuração do verapamil oral (~5 vezes) --- Benzodiazepínicos e outros ansiolíticos buspirona Aumenta ASC e Cmax da buspirona em 3-4 vezes --- midazolam Aumenta ASC (~3 vezes) e Cmax (~2 vezes) do midazolam --- Betabloqueadores metoprolol Aumenta ASC (~32.5%) e Cmax (~41%) do metoprolol em pacientes com angina Ver item Advertências e Precauções propranolol Aumenta ASC (65%) e Cmax.",1,fonte1,manual,1.0
cloridrato de verapamil,rifampicina,"Anti bacterianos claritromicina Possível aumento nos níveis de verapamil --- cloridrato d e verapamil 120 mg_BU 03_VPS _768 5 eritromicina Possível aumento dos níveis de verapamil --- rifampicina Diminui ASC (~97%), Cmax (~94%) e biodisponibilidade oral (~92%) do verapamil o efeito hipotensor do verapamil pode ser reduzido. telitromicina Possível aumento dos níveis de verapamil --- Antineoplásicos doxorrubicina Aumenta ASC (104%) e Cmax (61%) da doxorrubicina com a administração oral de verapamil Em pacientes com carcinoma pulmonar de células pequenas Barbitúricos fenobarbital Aumenta a depuração do verapamil oral (~5 vezes) --- Benzodiazepínicos e outros ansiolíticos buspirona Aumenta ASC e Cmax da buspirona em 3-4 vezes --- midazolam Aumenta ASC (~3 vezes) e Cmax (~2 vezes) do midazolam --- Betabloqueadores metoprolol Aumenta ASC (~32.5%) e Cmax (~41%) do metoprolol em pacientes com angina Ver item Advertências e Precauções propranolol Aumenta ASC (65%) e Cmax.",1,fonte1,manual,1.0
cloridrato de verapamil,fenobarbital,"Anti bacterianos claritromicina Possível aumento nos níveis de verapamil --- cloridrato d e verapamil 120 mg_BU 03_VPS _768 5 eritromicina Possível aumento dos níveis de verapamil --- rifampicina Diminui ASC (~97%), Cmax (~94%) e biodisponibilidade oral (~92%) do verapamil o efeito hipotensor do verapamil pode ser reduzido. telitromicina Possível aumento dos níveis de verapamil --- Antineoplásicos doxorrubicina Aumenta ASC (104%) e Cmax (61%) da doxorrubicina com a administração oral de verapamil Em pacientes com carcinoma pulmonar de células pequenas Barbitúricos fenobarbital Aumenta a depuração do verapamil oral (~5 vezes) --- Benzodiazepínicos e outros ansiolíticos buspirona Aumenta ASC e Cmax da buspirona em 3-4 vezes --- midazolam Aumenta ASC (~3 vezes) e Cmax (~2 vezes) do midazolam --- Betabloqueadores metoprolol Aumenta ASC (~32.5%) e Cmax (~41%) do metoprolol em pacientes com angina Ver item Advertências e Precauções propranolol Aumenta ASC (65%) e Cmax.",1,fonte1,manual,1.0
cloridrato de verapamil,verapamil,"Anti bacterianos claritromicina Possível aumento nos níveis de verapamil --- cloridrato d e verapamil 120 mg_BU 03_VPS _768 5 eritromicina Possível aumento dos níveis de verapamil --- rifampicina Diminui ASC (~97%), Cmax (~94%) e biodisponibilidade oral (~92%) do verapamil o efeito hipotensor do verapamil pode ser reduzido. telitromicina Possível aumento dos níveis de verapamil --- Antineoplásicos doxorrubicina Aumenta ASC (104%) e Cmax (61%) da doxorrubicina com a administração oral de verapamil Em pacientes com carcinoma pulmonar de células pequenas Barbitúricos fenobarbital Aumenta a depuração do verapamil oral (~5 vezes) --- Benzodiazepínicos e outros ansiolíticos buspirona Aumenta ASC e Cmax da buspirona em 3-4 vezes --- midazolam Aumenta ASC (~3 vezes) e Cmax (~2 vezes) do midazolam --- Betabloqueadores metoprolol Aumenta ASC (~32.5%) e Cmax (~41%) do metoprolol em pacientes com angina Ver item Advertências e Precauções propranolol Aumenta ASC (65%) e Cmax.",1,fonte1,manual,1.0
dienogeste,eritromicina,"Inibi dores potentes e moderados do CYP3A4, tais como antifúngicos azólicos (por exemplo, itraconazol, voriconazol, fluconazol), verapamil, macrolídeos (por exemplo, claritromicina, eritromicina), diltiazem e suco de toranja (“grapefruit”) podem aumentar as conc entrações plasmáticas desta progestina.",1,fonte1,manual,1.0
dienogeste,claritromicina,"Inibi dores potentes e moderados do CYP3A4, tais como antifúngicos azólicos (por exemplo, itraconazol, voriconazol, fluconazol), verapamil, macrolídeos (por exemplo, claritromicina, eritromicina), diltiazem e suco de toranja (“grapefruit”) podem aumentar as conc entrações plasmáticas desta progestina.",1,fonte1,manual,1.0
dienogeste,fluconazol,"Inibi dores potentes e moderados do CYP3A4, tais como antifúngicos azólicos (por exemplo, itraconazol, voriconazol, fluconazol), verapamil, macrolídeos (por exemplo, claritromicina, eritromicina), diltiazem e suco de toranja (“grapefruit”) podem aumentar as conc entrações plasmáticas desta progestina.",1,fonte1,manual,1.0
dienogeste,itraconazol,"Inibi dores potentes e moderados do CYP3A4, tais como antifúngicos azólicos (por exemplo, itraconazol, voriconazol, fluconazol), verapamil, macrolídeos (por exemplo, claritromicina, eritromicina), diltiazem e suco de toranja (“grapefruit”) podem aumentar as conc entrações plasmáticas desta progestina.",1,fonte1,manual,1.0
dienogeste,diltiazem,"Inibi dores potentes e moderados do CYP3A4, tais como antifúngicos azólicos (por exemplo, itraconazol, voriconazol, fluconazol), verapamil, macrolídeos (por exemplo, claritromicina, eritromicina), diltiazem e suco de toranja (“grapefruit”) podem aumentar as conc entrações plasmáticas desta progestina.",1,fonte1,manual,1.0
ciclosporina,alopurinol,"Interações que aumentam os níveis de ciclosporina Antibióticos macrolídeos (por exemplo, eritromicina – vide “Advertências e Precauções – precauções adicionais em dermatite atópica” - azitromicina e claritromicina), cetoconazol, fluconazol, itraconazol, voriconazol; diltiazem, nicardipin a, verapamil; metoclopramida; anticoncepcionais orais; danazol; metilprednisolona (doses elevadas), alopurinol, amiodarona, ácido cólico e derivados; inibidores de protease, imatinibe; colchicina; nefazodona.",1,fonte1,manual,1.0
ciclosporina,eritromicina,"Interações que aumentam os níveis de ciclosporina Antibióticos macrolídeos (por exemplo, eritromicina – vide “Advertências e Precauções – precauções adicionais em dermatite atópica” - azitromicina e claritromicina), cetoconazol, fluconazol, itraconazol, voriconazol; diltiazem, nicardipin a, verapamil; metoclopramida; anticoncepcionais orais; danazol; metilprednisolona (doses elevadas), alopurinol, amiodarona, ácido cólico e derivados; inibidores de protease, imatinibe; colchicina; nefazodona.",1,fonte1,manual,1.0
ciclosporina,claritromicina,"Interações que aumentam os níveis de ciclosporina Antibióticos macrolídeos (por exemplo, eritromicina – vide “Advertências e Precauções – precauções adicionais em dermatite atópica” - azitromicina e claritromicina), cetoconazol, fluconazol, itraconazol, voriconazol; diltiazem, nicardipin a, verapamil; metoclopramida; anticoncepcionais orais; danazol; metilprednisolona (doses elevadas), alopurinol, amiodarona, ácido cólico e derivados; inibidores de protease, imatinibe; colchicina; nefazodona.",1,fonte1,manual,1.0
ciclosporina,cetoconazol,"Interações que aumentam os níveis de ciclosporina Antibióticos macrolídeos (por exemplo, eritromicina – vide “Advertências e Precauções – precauções adicionais em dermatite atópica” - azitromicina e claritromicina), cetoconazol, fluconazol, itraconazol, voriconazol; diltiazem, nicardipin a, verapamil; metoclopramida; anticoncepcionais orais; danazol; metilprednisolona (doses elevadas), alopurinol, amiodarona, ácido cólico e derivados; inibidores de protease, imatinibe; colchicina; nefazodona.",1,fonte1,manual,1.0
ciclosporina,fluconazol,"Interações que aumentam os níveis de ciclosporina Antibióticos macrolídeos (por exemplo, eritromicina – vide “Advertências e Precauções – precauções adicionais em dermatite atópica” - azitromicina e claritromicina), cetoconazol, fluconazol, itraconazol, voriconazol; diltiazem, nicardipin a, verapamil; metoclopramida; anticoncepcionais orais; danazol; metilprednisolona (doses elevadas), alopurinol, amiodarona, ácido cólico e derivados; inibidores de protease, imatinibe; colchicina; nefazodona.",1,fonte1,manual,1.0
ibuprofeno,probenecida,"O uso concomitante de qualquer AINE com os seguintes fármacos deve ser evitado, especialmente nos casos de administração crônica: ácido acetilsalicílico, paracetamol, colchicina, iodetos, medicamentos fotossensibilizantes, outros anti-inflamatórios não esteroides, corticosteroides, corticotrofina, uroquinase, hipoglicemiantes orais ou insulina, anti-hipertensivos e diuréticos, ácido valproico, plicamicina, sais de ouro, ciclosporina, lítio, probenecida, inibidores da ECA, agentes anticoagulantes ou trombolíticos, inibidores de agregação plaquetária, cardiotônicos digitálicos, digoxina e metotrexato.",2,fonte1,manual,1.0
cloridrato de hidroxizina,eritromicina,"Exemplos de medicamentos associad os ao prolongamento do intervalo QT e/ou Torsades de Pointes estão listados abaixo (mas não se limitam a apenas es tes): - Antiarrítmicos classe IA (quinidina, procainamida, disopiramida); - Antiarrítmicos classe III (amiodarona, sotalol, bretílio); - Antiarrítmicos classe IC (flecainida, propafenona); - Antipsicóticos (clorpromazina, haloperidol, pimozida, droperidol, ziprasidona, risperidona, olanzapina); - Antidepressivos (fluoxetina, citalopram, venlafaxina, antidepressivos tricíclicos e tetracíclicos, por exemplo, amitriptilina , imipramina, maprotilina); - Opioides (metadona); - Antibióticos macrolídeos e análogos (eritromicina, claritromicina, azitromicina, tacrolim o); - Quinolonas (moxifloxacino, ciprofloxacino, levofloxacino); - pentamidina; - Antimaláricos (quinina, cloroquina); - Antifúngicos azólicos (cetoconazol, fluconazol, voriconazol); - domperidona; - Antagonistas dos receptores 5-HT 3 (ondansetrona); - trióxido de arsênio; - Inibidores da tirosin a quinase (vandetanibe, sunitinibe, nilotinibe); - vorinostate (inibidor da histona deacetilase); - Agonista do receptor adrenérgico beta-2 (salmeterol, formoterol).",2,fonte1,manual,1.0
cloridrato de hidroxizina,claritromicina,"Exemplos de medicamentos associad os ao prolongamento do intervalo QT e/ou Torsades de Pointes estão listados abaixo (mas não se limitam a apenas es tes): - Antiarrítmicos classe IA (quinidina, procainamida, disopiramida); - Antiarrítmicos classe III (amiodarona, sotalol, bretílio); - Antiarrítmicos classe IC (flecainida, propafenona); - Antipsicóticos (clorpromazina, haloperidol, pimozida, droperidol, ziprasidona, risperidona, olanzapina); - Antidepressivos (fluoxetina, citalopram, venlafaxina, antidepressivos tricíclicos e tetracíclicos, por exemplo, amitriptilina , imipramina, maprotilina); - Opioides (metadona); - Antibióticos macrolídeos e análogos (eritromicina, claritromicina, azitromicina, tacrolim o); - Quinolonas (moxifloxacino, ciprofloxacino, levofloxacino); - pentamidina; - Antimaláricos (quinina, cloroquina); - Antifúngicos azólicos (cetoconazol, fluconazol, voriconazol); - domperidona; - Antagonistas dos receptores 5-HT 3 (ondansetrona); - trióxido de arsênio; - Inibidores da tirosin a quinase (vandetanibe, sunitinibe, nilotinibe); - vorinostate (inibidor da histona deacetilase); - Agonista do receptor adrenérgico beta-2 (salmeterol, formoterol).",2,fonte1,manual,1.0
cloridrato de hidroxizina,fluoxetina,"Exemplos de medicamentos associad os ao prolongamento do intervalo QT e/ou Torsades de Pointes estão listados abaixo (mas não se limitam a apenas es tes): - Antiarrítmicos classe IA (quinidina, procainamida, disopiramida); - Antiarrítmicos classe III (amiodarona, sotalol, bretílio); - Antiarrítmicos classe IC (flecainida, propafenona); - Antipsicóticos (clorpromazina, haloperidol, pimozida, droperidol, ziprasidona, risperidona, olanzapina); - Antidepressivos (fluoxetina, citalopram, venlafaxina, antidepressivos tricíclicos e tetracíclicos, por exemplo, amitriptilina , imipramina, maprotilina); - Opioides (metadona); - Antibióticos macrolídeos e análogos (eritromicina, claritromicina, azitromicina, tacrolim o); - Quinolonas (moxifloxacino, ciprofloxacino, levofloxacino); - pentamidina; - Antimaláricos (quinina, cloroquina); - Antifúngicos azólicos (cetoconazol, fluconazol, voriconazol); - domperidona; - Antagonistas dos receptores 5-HT 3 (ondansetrona); - trióxido de arsênio; - Inibidores da tirosin a quinase (vandetanibe, sunitinibe, nilotinibe); - vorinostate (inibidor da histona deacetilase); - Agonista do receptor adrenérgico beta-2 (salmeterol, formoterol).",2,fonte1,manual,1.0
cloridrato de hidroxizina,cetoconazol,"Exemplos de medicamentos associad os ao prolongamento do intervalo QT e/ou Torsades de Pointes estão listados abaixo (mas não se limitam a apenas es tes): - Antiarrítmicos classe IA (quinidina, procainamida, disopiramida); - Antiarrítmicos classe III (amiodarona, sotalol, bretílio); - Antiarrítmicos classe IC (flecainida, propafenona); - Antipsicóticos (clorpromazina, haloperidol, pimozida, droperidol, ziprasidona, risperidona, olanzapina); - Antidepressivos (fluoxetina, citalopram, venlafaxina, antidepressivos tricíclicos e tetracíclicos, por exemplo, amitriptilina , imipramina, maprotilina); - Opioides (metadona); - Antibióticos macrolídeos e análogos (eritromicina, claritromicina, azitromicina, tacrolim o); - Quinolonas (moxifloxacino, ciprofloxacino, levofloxacino); - pentamidina; - Antimaláricos (quinina, cloroquina); - Antifúngicos azólicos (cetoconazol, fluconazol, voriconazol); - domperidona; - Antagonistas dos receptores 5-HT 3 (ondansetrona); - trióxido de arsênio; - Inibidores da tirosin a quinase (vandetanibe, sunitinibe, nilotinibe); - vorinostate (inibidor da histona deacetilase); - Agonista do receptor adrenérgico beta-2 (salmeterol, formoterol).",2,fonte1,manual,1.0
cloridrato de hidroxizina,fluconazol,"Exemplos de medicamentos associad os ao prolongamento do intervalo QT e/ou Torsades de Pointes estão listados abaixo (mas não se limitam a apenas es tes): - Antiarrítmicos classe IA (quinidina, procainamida, disopiramida); - Antiarrítmicos classe III (amiodarona, sotalol, bretílio); - Antiarrítmicos classe IC (flecainida, propafenona); - Antipsicóticos (clorpromazina, haloperidol, pimozida, droperidol, ziprasidona, risperidona, olanzapina); - Antidepressivos (fluoxetina, citalopram, venlafaxina, antidepressivos tricíclicos e tetracíclicos, por exemplo, amitriptilina , imipramina, maprotilina); - Opioides (metadona); - Antibióticos macrolídeos e análogos (eritromicina, claritromicina, azitromicina, tacrolim o); - Quinolonas (moxifloxacino, ciprofloxacino, levofloxacino); - pentamidina; - Antimaláricos (quinina, cloroquina); - Antifúngicos azólicos (cetoconazol, fluconazol, voriconazol); - domperidona; - Antagonistas dos receptores 5-HT 3 (ondansetrona); - trióxido de arsênio; - Inibidores da tirosin a quinase (vandetanibe, sunitinibe, nilotinibe); - vorinostate (inibidor da histona deacetilase); - Agonista do receptor adrenérgico beta-2 (salmeterol, formoterol).",2,fonte1,manual,1.0
valerato de estradiol,verapamil,"Em alguns casos estas alterações podem ser clinicamente relevantes. - Substâncias que diminuem a depuração de hormônios sexuais (inibidores enzimáticos): Inibidores potentes e moderados do CYP3A4, tais como antifúngicos azólicos (por exemplo, fluconazol, itra-conazol, cetoconazol, voriconazol), macrolídeos (por exemplo, claritromicina, eritromicina), verapamil, diltia- zem e suco de toranja ( grapefruit ) podem aumentar as concentrações plasmáticas do estrogênio.",1,fonte1,manual,1.0
empagliflozina,varfarina,"A empagliflozina não teve efeito clinicamente relevante sobre a farmacocinética da glimepirida, pioglitazona, sitagliptina, varfarina, digoxina, ramipril, sinvastatina, hidroclorotiazida, torasemida e contraceptivos orais, quando coadministradas em voluntários sadios.",0,fonte1,manual,1.0
empagliflozina,sinvastatina,"A empagliflozina não teve efeito clinicamente relevante sobre a farmacocinética da glimepirida, pioglitazona, sitagliptina, varfarina, digoxina, ramipril, sinvastatina, hidroclorotiazida, torasemida e contraceptivos orais, quando coadministradas em voluntários sadios.",0,fonte1,manual,1.0
empagliflozina,digoxina,"A empagliflozina não teve efeito clinicamente relevante sobre a farmacocinética da glimepirida, pioglitazona, sitagliptina, varfarina, digoxina, ramipril, sinvastatina, hidroclorotiazida, torasemida e contraceptivos orais, quando coadministradas em voluntários sadios.",0,fonte1,manual,1.0
empagliflozina,hidroclorotiazida,"A empagliflozina não teve efeito clinicamente relevante sobre a farmacocinética da glimepirida, pioglitazona, sitagliptina, varfarina, digoxina, ramipril, sinvastatina, hidroclorotiazida, torasemida e contraceptivos orais, quando coadministradas em voluntários sadios.",0,fonte1,manual,1.0
empagliflozina,contraceptivos,"A empagliflozina não teve efeito clinicamente relevante sobre a farmacocinética da glimepirida, pioglitazona, sitagliptina, varfarina, digoxina, ramipril, sinvastatina, hidroclorotiazida, torasemida e contraceptivos orais, quando coadministradas em voluntários sadios.",0,fonte1,manual,1.0
cloridrato de benazepril,digoxina,"Outros As propriedades farmacocinéticas do benazepril não são afetadas pelos seguintes fármacos: hidroclorotiazida, furosemida, clortalidona, digoxina, propranolol, atenolol, nifedipino, anlodipino, naproxeno, ácido acetilsalicílico ou cimetidina.",0,fonte1,manual,1.0
cloridrato de benazepril,hidroclorotiazida,"Outros As propriedades farmacocinéticas do benazepril não são afetadas pelos seguintes fármacos: hidroclorotiazida, furosemida, clortalidona, digoxina, propranolol, atenolol, nifedipino, anlodipino, naproxeno, ácido acetilsalicílico ou cimetidina.",0,fonte1,manual,1.0
cloridrato de benazepril,furosemida,"Outros As propriedades farmacocinéticas do benazepril não são afetadas pelos seguintes fármacos: hidroclorotiazida, furosemida, clortalidona, digoxina, propranolol, atenolol, nifedipino, anlodipino, naproxeno, ácido acetilsalicílico ou cimetidina.",0,fonte1,manual,1.0
cloridrato de benazepril,nifedipino,"Outros As propriedades farmacocinéticas do benazepril não são afetadas pelos seguintes fármacos: hidroclorotiazida, furosemida, clortalidona, digoxina, propranolol, atenolol, nifedipino, anlodipino, naproxeno, ácido acetilsalicílico ou cimetidina.",0,fonte1,manual,1.0
cloridrato de benazepril,anlodipino,"Outros As propriedades farmacocinéticas do benazepril não são afetadas pelos seguintes fármacos: hidroclorotiazida, furosemida, clortalidona, digoxina, propranolol, atenolol, nifedipino, anlodipino, naproxeno, ácido acetilsalicílico ou cimetidina.",0,fonte1,manual,1.0
everolimo,claritromicina,"Interação com fortes inibidores, indutores da CYP3A4 Não é recomendada a coadministração com fortes inibidores da CYP3A4 (por exemplo, cetoconazol, itraconazol, voriconazol, claritromicina, telitromicina, ritonavir) e indutores (por exe mplo, rifampicina, rifabutina , erva de São João, carbamazepina, fenitoína ) a menos que os benefícios superem os possíveis riscos.",2,fonte1,manual,1.0
everolimo,carbamazepina,"Interação com fortes inibidores, indutores da CYP3A4 Não é recomendada a coadministração com fortes inibidores da CYP3A4 (por exemplo, cetoconazol, itraconazol, voriconazol, claritromicina, telitromicina, ritonavir) e indutores (por exe mplo, rifampicina, rifabutina , erva de São João, carbamazepina, fenitoína ) a menos que os benefícios superem os possíveis riscos.",2,fonte1,manual,1.0
everolimo,cetoconazol,"Interação com fortes inibidores, indutores da CYP3A4 Não é recomendada a coadministração com fortes inibidores da CYP3A4 (por exemplo, cetoconazol, itraconazol, voriconazol, claritromicina, telitromicina, ritonavir) e indutores (por exe mplo, rifampicina, rifabutina , erva de São João, carbamazepina, fenitoína ) a menos que os benefícios superem os possíveis riscos.",2,fonte1,manual,1.0
everolimo,itraconazol,"Interação com fortes inibidores, indutores da CYP3A4 Não é recomendada a coadministração com fortes inibidores da CYP3A4 (por exemplo, cetoconazol, itraconazol, voriconazol, claritromicina, telitromicina, ritonavir) e indutores (por exe mplo, rifampicina, rifabutina , erva de São João, carbamazepina, fenitoína ) a menos que os benefícios superem os possíveis riscos.",2,fonte1,manual,1.0
everolimo,rifampicina,"Interação com fortes inibidores, indutores da CYP3A4 Não é recomendada a coadministração com fortes inibidores da CYP3A4 (por exemplo, cetoconazol, itraconazol, voriconazol, claritromicina, telitromicina, ritonavir) e indutores (por exe mplo, rifampicina, rifabutina , erva de São João, carbamazepina, fenitoína ) a menos que os benefícios superem os possíveis riscos.",2,fonte1,manual,1.0
mesilato de imatinibe,varfarina,"Tome cuidado ao utilizar mesilato de imatinibecom rifampicina ou outros indutores potentes de CYP3A4, cetoconazol ou outros inibidores potentes de CYP3A4, substratos de CYP3A4 com uma janela terapêutica estreita (por exemplo, ciclosporina ou pimozida) ou substratos de CYP2C9 com uma janela terapêutica estreita (por exemplo, varfarina e outros derivados cumarínicos) (vide “Interações medicamentosas ”). 18 MESILATO DE IMATINIBE_BULA PROFISSIONAL DE SAÚDE Hipotireoidismo Casos clínicos de hipotireoidismo foram relatados em pacientes submetidos à tireoidectomia e que estão recebendo reposição com levotiroxina durante tratamento com mesilato de imatinibe.",1,fonte1,manual,1.0
mesilato de imatinibe,ciclosporina,"Tome cuidado ao utilizar mesilato de imatinibecom rifampicina ou outros indutores potentes de CYP3A4, cetoconazol ou outros inibidores potentes de CYP3A4, substratos de CYP3A4 com uma janela terapêutica estreita (por exemplo, ciclosporina ou pimozida) ou substratos de CYP2C9 com uma janela terapêutica estreita (por exemplo, varfarina e outros derivados cumarínicos) (vide “Interações medicamentosas ”). 18 MESILATO DE IMATINIBE_BULA PROFISSIONAL DE SAÚDE Hipotireoidismo Casos clínicos de hipotireoidismo foram relatados em pacientes submetidos à tireoidectomia e que estão recebendo reposição com levotiroxina durante tratamento com mesilato de imatinibe.",1,fonte1,manual,1.0
mesilato de imatinibe,cetoconazol,"Tome cuidado ao utilizar mesilato de imatinibecom rifampicina ou outros indutores potentes de CYP3A4, cetoconazol ou outros inibidores potentes de CYP3A4, substratos de CYP3A4 com uma janela terapêutica estreita (por exemplo, ciclosporina ou pimozida) ou substratos de CYP2C9 com uma janela terapêutica estreita (por exemplo, varfarina e outros derivados cumarínicos) (vide “Interações medicamentosas ”). 18 MESILATO DE IMATINIBE_BULA PROFISSIONAL DE SAÚDE Hipotireoidismo Casos clínicos de hipotireoidismo foram relatados em pacientes submetidos à tireoidectomia e que estão recebendo reposição com levotiroxina durante tratamento com mesilato de imatinibe.",1,fonte1,manual,1.0
mesilato de imatinibe,rifampicina,"Tome cuidado ao utilizar mesilato de imatinibecom rifampicina ou outros indutores potentes de CYP3A4, cetoconazol ou outros inibidores potentes de CYP3A4, substratos de CYP3A4 com uma janela terapêutica estreita (por exemplo, ciclosporina ou pimozida) ou substratos de CYP2C9 com uma janela terapêutica estreita (por exemplo, varfarina e outros derivados cumarínicos) (vide “Interações medicamentosas ”). 18 MESILATO DE IMATINIBE_BULA PROFISSIONAL DE SAÚDE Hipotireoidismo Casos clínicos de hipotireoidismo foram relatados em pacientes submetidos à tireoidectomia e que estão recebendo reposição com levotiroxina durante tratamento com mesilato de imatinibe.",1,fonte1,manual,1.0
mesilato de imatinibe,levotiroxina,"Tome cuidado ao utilizar mesilato de imatinibecom rifampicina ou outros indutores potentes de CYP3A4, cetoconazol ou outros inibidores potentes de CYP3A4, substratos de CYP3A4 com uma janela terapêutica estreita (por exemplo, ciclosporina ou pimozida) ou substratos de CYP2C9 com uma janela terapêutica estreita (por exemplo, varfarina e outros derivados cumarínicos) (vide “Interações medicamentosas ”). 18 MESILATO DE IMATINIBE_BULA PROFISSIONAL DE SAÚDE Hipotireoidismo Casos clínicos de hipotireoidismo foram relatados em pacientes submetidos à tireoidectomia e que estão recebendo reposição com levotiroxina durante tratamento com mesilato de imatinibe.",1,fonte1,manual,1.0
omeprazol,varfarina,"Anticoagulantes, cumarina ou derivados da indandiona; diazepam, fenitoína e varfarina (medicamentos metabolizados por oxidação hepática) podem ter sua eliminação retardada pelo omeprazol; benzodiazepínicos, ciclosporinas ou dissulfiram; depressores da medula óssea (a administração concomitante pode au mentar os efeitos leucopênicos e/ou trombocitopênicos de ambas as medicações, se necessário o uso concomitante, devem ser considera dos os efeitos tóxicos); estudos de interação de omeprazol com outros fármacos indicaram que não há influência sobre: cafeína, fenacetina, teofilina, piroxicam, diclofenac o, naproxeno, propranolol, metoprolol, ciclosporina, lidocaína, quinidina, estradiol, eritromicina e budesonida; durante o tratamento concomitante de omeprazol e claritomicina, foi observado aumento nas concentrações plasmáticas de ambas as substâncias, mas não houve interação com o metronidazol ou a amox icilina.",1,fonte1,manual,1.0
omeprazol,ciclosporina,"Anticoagulantes, cumarina ou derivados da indandiona; diazepam, fenitoína e varfarina (medicamentos metabolizados por oxidação hepática) podem ter sua eliminação retardada pelo omeprazol; benzodiazepínicos, ciclosporinas ou dissulfiram; depressores da medula óssea (a administração concomitante pode au mentar os efeitos leucopênicos e/ou trombocitopênicos de ambas as medicações, se necessário o uso concomitante, devem ser considera dos os efeitos tóxicos); estudos de interação de omeprazol com outros fármacos indicaram que não há influência sobre: cafeína, fenacetina, teofilina, piroxicam, diclofenac o, naproxeno, propranolol, metoprolol, ciclosporina, lidocaína, quinidina, estradiol, eritromicina e budesonida; durante o tratamento concomitante de omeprazol e claritomicina, foi observado aumento nas concentrações plasmáticas de ambas as substâncias, mas não houve interação com o metronidazol ou a amox icilina.",1,fonte1,manual,1.0
omeprazol,eritromicina,"Anticoagulantes, cumarina ou derivados da indandiona; diazepam, fenitoína e varfarina (medicamentos metabolizados por oxidação hepática) podem ter sua eliminação retardada pelo omeprazol; benzodiazepínicos, ciclosporinas ou dissulfiram; depressores da medula óssea (a administração concomitante pode au mentar os efeitos leucopênicos e/ou trombocitopênicos de ambas as medicações, se necessário o uso concomitante, devem ser considera dos os efeitos tóxicos); estudos de interação de omeprazol com outros fármacos indicaram que não há influência sobre: cafeína, fenacetina, teofilina, piroxicam, diclofenac o, naproxeno, propranolol, metoprolol, ciclosporina, lidocaína, quinidina, estradiol, eritromicina e budesonida; durante o tratamento concomitante de omeprazol e claritomicina, foi observado aumento nas concentrações plasmáticas de ambas as substâncias, mas não houve interação com o metronidazol ou a amox icilina.",1,fonte1,manual,1.0
omeprazol,diazepam,"Anticoagulantes, cumarina ou derivados da indandiona; diazepam, fenitoína e varfarina (medicamentos metabolizados por oxidação hepática) podem ter sua eliminação retardada pelo omeprazol; benzodiazepínicos, ciclosporinas ou dissulfiram; depressores da medula óssea (a administração concomitante pode au mentar os efeitos leucopênicos e/ou trombocitopênicos de ambas as medicações, se necessário o uso concomitante, devem ser considera dos os efeitos tóxicos); estudos de interação de omeprazol com outros fármacos indicaram que não há influência sobre: cafeína, fenacetina, teofilina, piroxicam, diclofenac o, naproxeno, propranolol, metoprolol, ciclosporina, lidocaína, quinidina, estradiol, eritromicina e budesonida; durante o tratamento concomitante de omeprazol e claritomicina, foi observado aumento nas concentrações plasmáticas de ambas as substâncias, mas não houve interação com o metronidazol ou a amox icilina.",1,fonte1,manual,1.0
omeprazol,anticoagulantes,"Anticoagulantes, cumarina ou derivados da indandiona; diazepam, fenitoína e varfarina (medicamentos metabolizados por oxidação hepática) podem ter sua eliminação retardada pelo omeprazol; benzodiazepínicos, ciclosporinas ou dissulfiram; depressores da medula óssea (a administração concomitante pode au mentar os efeitos leucopênicos e/ou trombocitopênicos de ambas as medicações, se necessário o uso concomitante, devem ser considera dos os efeitos tóxicos); estudos de interação de omeprazol com outros fármacos indicaram que não há influência sobre: cafeína, fenacetina, teofilina, piroxicam, diclofenac o, naproxeno, propranolol, metoprolol, ciclosporina, lidocaína, quinidina, estradiol, eritromicina e budesonida; durante o tratamento concomitante de omeprazol e claritomicina, foi observado aumento nas concentrações plasmáticas de ambas as substâncias, mas não houve interação com o metronidazol ou a amox icilina.",1,fonte1,manual,1.0
palbociclibe,eritromicina,"Deve -se evitar o uso concomitante de potentes inibidores da CYP3A incluindo, mas não limitado a: amprenavir, atazanavir, boceprevir, claritromicina, conivaptana, delavirdina, diltiazem, eritromicina, fosamprenavir, indinavir, itraconazol, cetoconazol, lopinavir, mibefradil, m iconazol, nefazodona, nelfinavir, posaconazol, ritonavir, saquinavir, telaprevir, telitromicina, voriconazol e toranja ou suco de toranja (grapefruit).",2,fonte1,manual,1.0
palbociclibe,claritromicina,"Deve -se evitar o uso concomitante de potentes inibidores da CYP3A incluindo, mas não limitado a: amprenavir, atazanavir, boceprevir, claritromicina, conivaptana, delavirdina, diltiazem, eritromicina, fosamprenavir, indinavir, itraconazol, cetoconazol, lopinavir, mibefradil, m iconazol, nefazodona, nelfinavir, posaconazol, ritonavir, saquinavir, telaprevir, telitromicina, voriconazol e toranja ou suco de toranja (grapefruit).",2,fonte1,manual,1.0
palbociclibe,cetoconazol,"Deve -se evitar o uso concomitante de potentes inibidores da CYP3A incluindo, mas não limitado a: amprenavir, atazanavir, boceprevir, claritromicina, conivaptana, delavirdina, diltiazem, eritromicina, fosamprenavir, indinavir, itraconazol, cetoconazol, lopinavir, mibefradil, m iconazol, nefazodona, nelfinavir, posaconazol, ritonavir, saquinavir, telaprevir, telitromicina, voriconazol e toranja ou suco de toranja (grapefruit).",2,fonte1,manual,1.0
palbociclibe,itraconazol,"Deve -se evitar o uso concomitante de potentes inibidores da CYP3A incluindo, mas não limitado a: amprenavir, atazanavir, boceprevir, claritromicina, conivaptana, delavirdina, diltiazem, eritromicina, fosamprenavir, indinavir, itraconazol, cetoconazol, lopinavir, mibefradil, m iconazol, nefazodona, nelfinavir, posaconazol, ritonavir, saquinavir, telaprevir, telitromicina, voriconazol e toranja ou suco de toranja (grapefruit).",2,fonte1,manual,1.0
palbociclibe,diltiazem,"Deve -se evitar o uso concomitante de potentes inibidores da CYP3A incluindo, mas não limitado a: amprenavir, atazanavir, boceprevir, claritromicina, conivaptana, delavirdina, diltiazem, eritromicina, fosamprenavir, indinavir, itraconazol, cetoconazol, lopinavir, mibefradil, m iconazol, nefazodona, nelfinavir, posaconazol, ritonavir, saquinavir, telaprevir, telitromicina, voriconazol e toranja ou suco de toranja (grapefruit).",2,fonte1,manual,1.0
lansoprazol claritromicina amoxicilina,amoxicilina,"Não deixe de avisar seu médico caso você esteja tomando: − medicamentos usados no tratamento de gota (probenecida ou alopurinol); − outros antibióticos; − pílulas anticoncepcionais (como acontece com outros antibióticos, talvez sejam necessárias precauções adicionais para evitar a gravidez); − anticoagulantes ; - micofenolato de mofetila: LANSOPRAZOL + CLARITROMICINA + AMOXICILINA pode afetar o funcionamento do micofenolato de mofetila (um medicamento usado para evitar a rejeição de órgãos transplantados).",1,fonte1,manual,1.0
lansoprazol claritromicina amoxicilina,alopurinol,"Não deixe de avisar seu médico caso você esteja tomando: − medicamentos usados no tratamento de gota (probenecida ou alopurinol); − outros antibióticos; − pílulas anticoncepcionais (como acontece com outros antibióticos, talvez sejam necessárias precauções adicionais para evitar a gravidez); − anticoagulantes ; - micofenolato de mofetila: LANSOPRAZOL + CLARITROMICINA + AMOXICILINA pode afetar o funcionamento do micofenolato de mofetila (um medicamento usado para evitar a rejeição de órgãos transplantados).",1,fonte1,manual,1.0
lansoprazol claritromicina amoxicilina,probenecida,"Não deixe de avisar seu médico caso você esteja tomando: − medicamentos usados no tratamento de gota (probenecida ou alopurinol); − outros antibióticos; − pílulas anticoncepcionais (como acontece com outros antibióticos, talvez sejam necessárias precauções adicionais para evitar a gravidez); − anticoagulantes ; - micofenolato de mofetila: LANSOPRAZOL + CLARITROMICINA + AMOXICILINA pode afetar o funcionamento do micofenolato de mofetila (um medicamento usado para evitar a rejeição de órgãos transplantados).",1,fonte1,manual,1.0
lansoprazol claritromicina amoxicilina,claritromicina,"Não deixe de avisar seu médico caso você esteja tomando: − medicamentos usados no tratamento de gota (probenecida ou alopurinol); − outros antibióticos; − pílulas anticoncepcionais (como acontece com outros antibióticos, talvez sejam necessárias precauções adicionais para evitar a gravidez); − anticoagulantes ; - micofenolato de mofetila: LANSOPRAZOL + CLARITROMICINA + AMOXICILINA pode afetar o funcionamento do micofenolato de mofetila (um medicamento usado para evitar a rejeição de órgãos transplantados).",1,fonte1,manual,1.0
lansoprazol claritromicina amoxicilina,anticoagulantes,"Não deixe de avisar seu médico caso você esteja tomando: − medicamentos usados no tratamento de gota (probenecida ou alopurinol); − outros antibióticos; − pílulas anticoncepcionais (como acontece com outros antibióticos, talvez sejam necessárias precauções adicionais para evitar a gravidez); − anticoagulantes ; - micofenolato de mofetila: LANSOPRAZOL + CLARITROMICINA + AMOXICILINA pode afetar o funcionamento do micofenolato de mofetila (um medicamento usado para evitar a rejeição de órgãos transplantados).",1,fonte1,manual,1.0
dicloridrato de hidroxizina,cetoconazol,"Exemplos de medicamentos associad os ao prolongamento do intervalo QT e/ou Torsades de Pointes estão listados abaixo (mas não se limitam a apenas estes): - Antiarrítmicos classe IA (quinidina, procainamida, disopiramida); - Antiarrítmicos classe III (amiodarona, sotalol, bretílio); - Antiarrítmicos classe IC (flecainida, propafenona); - Antipsicóticos (clorpromazina, haloperidol, pimozida, droperidol, ziprasidona, risperidona, olanzapina); - Antidepressivos (fluoxetina, citalopram, venlafaxina, antidepressivos tricíclicos e tetracíclicos por exemplo amitriptilina, imipramina, maprotilina); - Opioides (metadona); - Antibióticos macrolídeos e análogos (eritromicina, claritromicina, azitromicina, tacrolim o); - Quinolonas (moxifloxacino, ciprofloxacino, levofloxacino); - pentamidina; - Antimaláricos (quinina, cloroquina); - Antifúngicos azólicos (cetoconazol, fluconazol, voriconazol); - domperidona; - Antagonistas dos receptores 5-HT 3 (ondansetrona); - trióxido de arsênio; - Inibidores da tirosin a quinase (vandetanibe, sunitinibe, nilotinibe); - vorinostat e (inibidor da histona deacetilase); - Agonista do receptor adrenérgico beta-2 (salmeterol, formoterol).",2,fonte1,manual,1.0
gliclazida,enalapril,"Os efeitos hipoglicêmicos da gliclazida e sinais da baixa do nível de açúcar no sangue podem ocorrer quando você tomar um dos seguintes medicamentos: - outros medicamentos utilizados no tratamento da hiperglicemia (agentes antidiabéticos orais, agonistas dos receptores GLP -1 ou insulina); - antibiótico s (sulfonamidas, clarit romicina); ____ Modelo de bula - paciente gliclazida 30 mg e 60mg - medicamentos para tratar hipertensão ou insuficiência cardíaca ( betabloqueadores , inibidores da enzima de conversão da angiotensina como o captopril e o enalapril); - medicamentos para tratar infecções f úngicas (miconazol, fluconazol); - medicamentos para tratar úlceras estomacais ou duodenais ( antagonistas dos receptores H2); - medicamentos para tratar a depressão (inibidores da monoa minoxidase); - analgésicos ou antirreumáti cos (fenilbutazona, ibuprofeno); - medicamentos contendo álcool.",1,fonte1,manual,1.0
digoxina,ciclosporina,"Os níveis séricos de digoxina podem aumentar devido à administração concomitante das seguintes d rogas: amiodarona, flecainida, prazosina, propafeno na, quinidina, espironolactona, antibióticos macrolídeos (como eritromicina e clari tromicina), tetraciclina e possivelmente outros ant ibióticos, gentamicina, itraconazol, quinina, trimetoprima, alprazolam, indometacina, pr opantelina, nefazodona, atorvastatina, ciclosporina , epoprostenol (transitório) e carvedilol.",1,fonte1,manual,1.0
digoxina,eritromicina,"Os níveis séricos de digoxina podem aumentar devido à administração concomitante das seguintes d rogas: amiodarona, flecainida, prazosina, propafeno na, quinidina, espironolactona, antibióticos macrolídeos (como eritromicina e clari tromicina), tetraciclina e possivelmente outros ant ibióticos, gentamicina, itraconazol, quinina, trimetoprima, alprazolam, indometacina, pr opantelina, nefazodona, atorvastatina, ciclosporina , epoprostenol (transitório) e carvedilol.",1,fonte1,manual,1.0
digoxina,atorvastatina,"Os níveis séricos de digoxina podem aumentar devido à administração concomitante das seguintes d rogas: amiodarona, flecainida, prazosina, propafeno na, quinidina, espironolactona, antibióticos macrolídeos (como eritromicina e clari tromicina), tetraciclina e possivelmente outros ant ibióticos, gentamicina, itraconazol, quinina, trimetoprima, alprazolam, indometacina, pr opantelina, nefazodona, atorvastatina, ciclosporina , epoprostenol (transitório) e carvedilol.",1,fonte1,manual,1.0
digoxina,itraconazol,"Os níveis séricos de digoxina podem aumentar devido à administração concomitante das seguintes d rogas: amiodarona, flecainida, prazosina, propafeno na, quinidina, espironolactona, antibióticos macrolídeos (como eritromicina e clari tromicina), tetraciclina e possivelmente outros ant ibióticos, gentamicina, itraconazol, quinina, trimetoprima, alprazolam, indometacina, pr opantelina, nefazodona, atorvastatina, ciclosporina , epoprostenol (transitório) e carvedilol.",1,fonte1,manual,1.0
digoxina,amiodarona,"Os níveis séricos de digoxina podem aumentar devido à administração concomitante das seguintes d rogas: amiodarona, flecainida, prazosina, propafeno na, quinidina, espironolactona, antibióticos macrolídeos (como eritromicina e clari tromicina), tetraciclina e possivelmente outros ant ibióticos, gentamicina, itraconazol, quinina, trimetoprima, alprazolam, indometacina, pr opantelina, nefazodona, atorvastatina, ciclosporina , epoprostenol (transitório) e carvedilol.",1,fonte1,manual,1.0
acebrofilina,alopurinol,"O uso concomitante deste medicamento com antibiótic os macrolídeos (eritromicina), algumas quinolonas c omo norfloxacino e ciprofloxacino, anti-histamínicos H 2 (cimetidina, ranitidina, famotidina), alopurinol, diltiazem e ipriflavona, pode retardar a eliminação da teofilina, aumentando o risco de intoxicação pela m esma.",1,fonte1,manual,1.0
acebrofilina,eritromicina,"O uso concomitante deste medicamento com antibiótic os macrolídeos (eritromicina), algumas quinolonas c omo norfloxacino e ciprofloxacino, anti-histamínicos H 2 (cimetidina, ranitidina, famotidina), alopurinol, diltiazem e ipriflavona, pode retardar a eliminação da teofilina, aumentando o risco de intoxicação pela m esma.",1,fonte1,manual,1.0
acebrofilina,diltiazem,"O uso concomitante deste medicamento com antibiótic os macrolídeos (eritromicina), algumas quinolonas c omo norfloxacino e ciprofloxacino, anti-histamínicos H 2 (cimetidina, ranitidina, famotidina), alopurinol, diltiazem e ipriflavona, pode retardar a eliminação da teofilina, aumentando o risco de intoxicação pela m esma.",1,fonte1,manual,1.0
acebrofilina,cimetidina,"O uso concomitante deste medicamento com antibiótic os macrolídeos (eritromicina), algumas quinolonas c omo norfloxacino e ciprofloxacino, anti-histamínicos H 2 (cimetidina, ranitidina, famotidina), alopurinol, diltiazem e ipriflavona, pode retardar a eliminação da teofilina, aumentando o risco de intoxicação pela m esma.",1,fonte1,manual,1.0
acebrofilina,ranitidina,"O uso concomitante deste medicamento com antibiótic os macrolídeos (eritromicina), algumas quinolonas c omo norfloxacino e ciprofloxacino, anti-histamínicos H 2 (cimetidina, ranitidina, famotidina), alopurinol, diltiazem e ipriflavona, pode retardar a eliminação da teofilina, aumentando o risco de intoxicação pela m esma.",1,fonte1,manual,1.0
cloridrato de verapamil,eritromicina,"Ver bula de colchicina Antibacterianos claritromicina Possível aumento dos níveis de verap amil --- eritromicina Possível aumento dos níveis de verapam il --- rifampicina Diminui ASC (~97%), C máx (~94%) e biodisponibilidade oral (~92%) do verapamil O efeito hipotensor do verapamil pode ser reduzido telitromicina Possível aumento dos níveis de verapa mil --- Antineoplásicos doxorrubicina Aumenta ASC (104%) e C máx (61%) da doxorrubicina com a administração oral de verapamil Em pacientes com carcinoma pulmonar de células pequenas Barbitúricos fenobarbital Aumenta a depuração do verapamil oral (~5 vezes) --- Benzodiazepínicos e outros ansiolíticos buspirona Aumenta ASC e C máx da buspirona em 3-4 vezes --- midazolam Aumenta ASC (~3 vezes) e C máx (~2 vezes) do midazolam --- Betabloqueadores metoprolol Aumenta ASC (~32.5%) e C máx (~41%) do metoprolol em pacientes com angina Vide ADVERTÊNCIAS E PRECAUÇÕES propranolol Aumenta ASC (65%) e C máx (94%) de propranolol em pacientes com angina Glicosídeos Cardíacos digitoxina Diminui depuração total (~27%) e depuração extra renal (~29%) da digitoxina --- Cloridrato de verapamil_bula_profissional 6 digoxina Indivíduos saudáveis: aumenta C máx da digoxina em ~ 44%, aumenta C 12h da digoxina (~53%), C ss da digoxina em ~44%, e aumenta ASC da digoxina em ~50% Reduzir a dose de digoxina.",1,fonte1,manual,1.0
cloridrato de verapamil,claritromicina,"Ver bula de colchicina Antibacterianos claritromicina Possível aumento dos níveis de verap amil --- eritromicina Possível aumento dos níveis de verapam il --- rifampicina Diminui ASC (~97%), C máx (~94%) e biodisponibilidade oral (~92%) do verapamil O efeito hipotensor do verapamil pode ser reduzido telitromicina Possível aumento dos níveis de verapa mil --- Antineoplásicos doxorrubicina Aumenta ASC (104%) e C máx (61%) da doxorrubicina com a administração oral de verapamil Em pacientes com carcinoma pulmonar de células pequenas Barbitúricos fenobarbital Aumenta a depuração do verapamil oral (~5 vezes) --- Benzodiazepínicos e outros ansiolíticos buspirona Aumenta ASC e C máx da buspirona em 3-4 vezes --- midazolam Aumenta ASC (~3 vezes) e C máx (~2 vezes) do midazolam --- Betabloqueadores metoprolol Aumenta ASC (~32.5%) e C máx (~41%) do metoprolol em pacientes com angina Vide ADVERTÊNCIAS E PRECAUÇÕES propranolol Aumenta ASC (65%) e C máx (94%) de propranolol em pacientes com angina Glicosídeos Cardíacos digitoxina Diminui depuração total (~27%) e depuração extra renal (~29%) da digitoxina --- Cloridrato de verapamil_bula_profissional 6 digoxina Indivíduos saudáveis: aumenta C máx da digoxina em ~ 44%, aumenta C 12h da digoxina (~53%), C ss da digoxina em ~44%, e aumenta ASC da digoxina em ~50% Reduzir a dose de digoxina.",1,fonte1,manual,1.0
cloridrato de verapamil,digoxina,"Ver bula de colchicina Antibacterianos claritromicina Possível aumento dos níveis de verap amil --- eritromicina Possível aumento dos níveis de verapam il --- rifampicina Diminui ASC (~97%), C máx (~94%) e biodisponibilidade oral (~92%) do verapamil O efeito hipotensor do verapamil pode ser reduzido telitromicina Possível aumento dos níveis de verapa mil --- Antineoplásicos doxorrubicina Aumenta ASC (104%) e C máx (61%) da doxorrubicina com a administração oral de verapamil Em pacientes com carcinoma pulmonar de células pequenas Barbitúricos fenobarbital Aumenta a depuração do verapamil oral (~5 vezes) --- Benzodiazepínicos e outros ansiolíticos buspirona Aumenta ASC e C máx da buspirona em 3-4 vezes --- midazolam Aumenta ASC (~3 vezes) e C máx (~2 vezes) do midazolam --- Betabloqueadores metoprolol Aumenta ASC (~32.5%) e C máx (~41%) do metoprolol em pacientes com angina Vide ADVERTÊNCIAS E PRECAUÇÕES propranolol Aumenta ASC (65%) e C máx (94%) de propranolol em pacientes com angina Glicosídeos Cardíacos digitoxina Diminui depuração total (~27%) e depuração extra renal (~29%) da digitoxina --- Cloridrato de verapamil_bula_profissional 6 digoxina Indivíduos saudáveis: aumenta C máx da digoxina em ~ 44%, aumenta C 12h da digoxina (~53%), C ss da digoxina em ~44%, e aumenta ASC da digoxina em ~50% Reduzir a dose de digoxina.",1,fonte1,manual,1.0
cloridrato de verapamil,rifampicina,"Ver bula de colchicina Antibacterianos claritromicina Possível aumento dos níveis de verap amil --- eritromicina Possível aumento dos níveis de verapam il --- rifampicina Diminui ASC (~97%), C máx (~94%) e biodisponibilidade oral (~92%) do verapamil O efeito hipotensor do verapamil pode ser reduzido telitromicina Possível aumento dos níveis de verapa mil --- Antineoplásicos doxorrubicina Aumenta ASC (104%) e C máx (61%) da doxorrubicina com a administração oral de verapamil Em pacientes com carcinoma pulmonar de células pequenas Barbitúricos fenobarbital Aumenta a depuração do verapamil oral (~5 vezes) --- Benzodiazepínicos e outros ansiolíticos buspirona Aumenta ASC e C máx da buspirona em 3-4 vezes --- midazolam Aumenta ASC (~3 vezes) e C máx (~2 vezes) do midazolam --- Betabloqueadores metoprolol Aumenta ASC (~32.5%) e C máx (~41%) do metoprolol em pacientes com angina Vide ADVERTÊNCIAS E PRECAUÇÕES propranolol Aumenta ASC (65%) e C máx (94%) de propranolol em pacientes com angina Glicosídeos Cardíacos digitoxina Diminui depuração total (~27%) e depuração extra renal (~29%) da digitoxina --- Cloridrato de verapamil_bula_profissional 6 digoxina Indivíduos saudáveis: aumenta C máx da digoxina em ~ 44%, aumenta C 12h da digoxina (~53%), C ss da digoxina em ~44%, e aumenta ASC da digoxina em ~50% Reduzir a dose de digoxina.",1,fonte1,manual,1.0
cloridrato de verapamil,fenobarbital,"Ver bula de colchicina Antibacterianos claritromicina Possível aumento dos níveis de verap amil --- eritromicina Possível aumento dos níveis de verapam il --- rifampicina Diminui ASC (~97%), C máx (~94%) e biodisponibilidade oral (~92%) do verapamil O efeito hipotensor do verapamil pode ser reduzido telitromicina Possível aumento dos níveis de verapa mil --- Antineoplásicos doxorrubicina Aumenta ASC (104%) e C máx (61%) da doxorrubicina com a administração oral de verapamil Em pacientes com carcinoma pulmonar de células pequenas Barbitúricos fenobarbital Aumenta a depuração do verapamil oral (~5 vezes) --- Benzodiazepínicos e outros ansiolíticos buspirona Aumenta ASC e C máx da buspirona em 3-4 vezes --- midazolam Aumenta ASC (~3 vezes) e C máx (~2 vezes) do midazolam --- Betabloqueadores metoprolol Aumenta ASC (~32.5%) e C máx (~41%) do metoprolol em pacientes com angina Vide ADVERTÊNCIAS E PRECAUÇÕES propranolol Aumenta ASC (65%) e C máx (94%) de propranolol em pacientes com angina Glicosídeos Cardíacos digitoxina Diminui depuração total (~27%) e depuração extra renal (~29%) da digitoxina --- Cloridrato de verapamil_bula_profissional 6 digoxina Indivíduos saudáveis: aumenta C máx da digoxina em ~ 44%, aumenta C 12h da digoxina (~53%), C ss da digoxina em ~44%, e aumenta ASC da digoxina em ~50% Reduzir a dose de digoxina.",1,fonte1,manual,1.0
losartana potassica,hidroclorotiazida,"INTERAÇÕES MEDICAMENTOSAS Nos estudos clínicos de farmacocinética realizados com hidroclorotiazida, digoxina, varfarina, cimetidina, fenobarbital, ceto conazol e eritromicina, não foram identificadas interações medicamentosas de importância clínica.",0,fonte1,manual,1.0
risperidona,fluoxetina,"No en tanto, como o ritonavir é um inibidor forte de CYP3A4 e um inibidor fraco de CYP 2D6, o ritonavir e inibidores de protease potencial izados com ritonavir podem aumentar as concentrações da fração antipsicótica a tiva da risperidona; betabloqueadores: alguns betabloqueadores podem aumentar as concentrações plasmáticas da risperidona, mas não d a fração antipsicótica ativa; bloqueadores de canal de cálcio: o verapamil, um inibidor moderado de CYP3A4 e um inibidor de P-gp, aumenta a concentração plasmática de risperidona e da fração antipsicótica ativa; glicosídeos digitálicos: a risperidona não demonstra efeito clinicamente sig nificativo na farmacocinética da digoxina; diuréticos: furosemida: (vide ADVERTÊNCIAS E PRECAUÇÕES ) o aumento da mortalidade em pacientes idosos com demência que estão recebendo tratamento concomitante com furosemida; medicamentos gastrintestinais: antagonistas de rece ptor H2: a cimetidina e a ranitidina, ambas inibidores fracos de CYP2D6 e CYP3A4, aumentaram a biodisponib ilidade da risperidona, mas apenas marginalmente aq uela da fração antipsicótica ativa; lítio: a risperidona não demonstra efeito clinicamente rel evante sobre a farmacocinética do lítio; antidepressivos tricíclicos e inibidores seletivos da recaptação de serotonina: a fluoxetina, um inibidor forte da CYP2D6, aumenta a concentração plasmática da risperidona, mas menos da fração antipsicótica ativ a.",1,fonte1,manual,1.0
risperidona,digoxina,"No en tanto, como o ritonavir é um inibidor forte de CYP3A4 e um inibidor fraco de CYP 2D6, o ritonavir e inibidores de protease potencial izados com ritonavir podem aumentar as concentrações da fração antipsicótica a tiva da risperidona; betabloqueadores: alguns betabloqueadores podem aumentar as concentrações plasmáticas da risperidona, mas não d a fração antipsicótica ativa; bloqueadores de canal de cálcio: o verapamil, um inibidor moderado de CYP3A4 e um inibidor de P-gp, aumenta a concentração plasmática de risperidona e da fração antipsicótica ativa; glicosídeos digitálicos: a risperidona não demonstra efeito clinicamente sig nificativo na farmacocinética da digoxina; diuréticos: furosemida: (vide ADVERTÊNCIAS E PRECAUÇÕES ) o aumento da mortalidade em pacientes idosos com demência que estão recebendo tratamento concomitante com furosemida; medicamentos gastrintestinais: antagonistas de rece ptor H2: a cimetidina e a ranitidina, ambas inibidores fracos de CYP2D6 e CYP3A4, aumentaram a biodisponib ilidade da risperidona, mas apenas marginalmente aq uela da fração antipsicótica ativa; lítio: a risperidona não demonstra efeito clinicamente rel evante sobre a farmacocinética do lítio; antidepressivos tricíclicos e inibidores seletivos da recaptação de serotonina: a fluoxetina, um inibidor forte da CYP2D6, aumenta a concentração plasmática da risperidona, mas menos da fração antipsicótica ativ a.",1,fonte1,manual,1.0
risperidona,furosemida,"No en tanto, como o ritonavir é um inibidor forte de CYP3A4 e um inibidor fraco de CYP 2D6, o ritonavir e inibidores de protease potencial izados com ritonavir podem aumentar as concentrações da fração antipsicótica a tiva da risperidona; betabloqueadores: alguns betabloqueadores podem aumentar as concentrações plasmáticas da risperidona, mas não d a fração antipsicótica ativa; bloqueadores de canal de cálcio: o verapamil, um inibidor moderado de CYP3A4 e um inibidor de P-gp, aumenta a concentração plasmática de risperidona e da fração antipsicótica ativa; glicosídeos digitálicos: a risperidona não demonstra efeito clinicamente sig nificativo na farmacocinética da digoxina; diuréticos: furosemida: (vide ADVERTÊNCIAS E PRECAUÇÕES ) o aumento da mortalidade em pacientes idosos com demência que estão recebendo tratamento concomitante com furosemida; medicamentos gastrintestinais: antagonistas de rece ptor H2: a cimetidina e a ranitidina, ambas inibidores fracos de CYP2D6 e CYP3A4, aumentaram a biodisponib ilidade da risperidona, mas apenas marginalmente aq uela da fração antipsicótica ativa; lítio: a risperidona não demonstra efeito clinicamente rel evante sobre a farmacocinética do lítio; antidepressivos tricíclicos e inibidores seletivos da recaptação de serotonina: a fluoxetina, um inibidor forte da CYP2D6, aumenta a concentração plasmática da risperidona, mas menos da fração antipsicótica ativ a.",1,fonte1,manual,1.0
risperidona,verapamil,"No en tanto, como o ritonavir é um inibidor forte de CYP3A4 e um inibidor fraco de CYP 2D6, o ritonavir e inibidores de protease potencial izados com ritonavir podem aumentar as concentrações da fração antipsicótica a tiva da risperidona; betabloqueadores: alguns betabloqueadores podem aumentar as concentrações plasmáticas da risperidona, mas não d a fração antipsicótica ativa; bloqueadores de canal de cálcio: o verapamil, um inibidor moderado de CYP3A4 e um inibidor de P-gp, aumenta a concentração plasmática de risperidona e da fração antipsicótica ativa; glicosídeos digitálicos: a risperidona não demonstra efeito clinicamente sig nificativo na farmacocinética da digoxina; diuréticos: furosemida: (vide ADVERTÊNCIAS E PRECAUÇÕES ) o aumento da mortalidade em pacientes idosos com demência que estão recebendo tratamento concomitante com furosemida; medicamentos gastrintestinais: antagonistas de rece ptor H2: a cimetidina e a ranitidina, ambas inibidores fracos de CYP2D6 e CYP3A4, aumentaram a biodisponib ilidade da risperidona, mas apenas marginalmente aq uela da fração antipsicótica ativa; lítio: a risperidona não demonstra efeito clinicamente rel evante sobre a farmacocinética do lítio; antidepressivos tricíclicos e inibidores seletivos da recaptação de serotonina: a fluoxetina, um inibidor forte da CYP2D6, aumenta a concentração plasmática da risperidona, mas menos da fração antipsicótica ativ a.",1,fonte1,manual,1.0
risperidona,cimetidina,"No en tanto, como o ritonavir é um inibidor forte de CYP3A4 e um inibidor fraco de CYP 2D6, o ritonavir e inibidores de protease potencial izados com ritonavir podem aumentar as concentrações da fração antipsicótica a tiva da risperidona; betabloqueadores: alguns betabloqueadores podem aumentar as concentrações plasmáticas da risperidona, mas não d a fração antipsicótica ativa; bloqueadores de canal de cálcio: o verapamil, um inibidor moderado de CYP3A4 e um inibidor de P-gp, aumenta a concentração plasmática de risperidona e da fração antipsicótica ativa; glicosídeos digitálicos: a risperidona não demonstra efeito clinicamente sig nificativo na farmacocinética da digoxina; diuréticos: furosemida: (vide ADVERTÊNCIAS E PRECAUÇÕES ) o aumento da mortalidade em pacientes idosos com demência que estão recebendo tratamento concomitante com furosemida; medicamentos gastrintestinais: antagonistas de rece ptor H2: a cimetidina e a ranitidina, ambas inibidores fracos de CYP2D6 e CYP3A4, aumentaram a biodisponib ilidade da risperidona, mas apenas marginalmente aq uela da fração antipsicótica ativa; lítio: a risperidona não demonstra efeito clinicamente rel evante sobre a farmacocinética do lítio; antidepressivos tricíclicos e inibidores seletivos da recaptação de serotonina: a fluoxetina, um inibidor forte da CYP2D6, aumenta a concentração plasmática da risperidona, mas menos da fração antipsicótica ativ a.",1,fonte1,manual,1.0
lamotrigina,paracetamol,"Tabela 1: Efeito de drogas na concentração da lamot rigina (vide POSOLOGIA E MODO DE USAR): Drogas que aumentam a concentração da lamotrigina Drogas que reduzem a concentração da lamotrigina Drogas que têm pouco ou nenhum efeito na concentração da lamotrigina valproato carbamazepina fenitoína primidona fenobarbitona rifampicina lopinavir/ritonavir atazanavir/ritonavir* associação de etinilestradiol/levonorgestrel* lítio bupropiona olanzapina oxcarbazepina felbamato gapabentina levetiracetam pregabalina topiramato zonisamida aripripazol lacosamida perampanel paracetamol *Para orientações de dosagem, vide POSOLOGIA E MODO DE USAR – Recomendações posológica s gerais para populações de pacientes especiais , adicionalmente para mulheres tomando contraceptiv os orais vide também ADVERTÊNCIAS E PRECAUÇÕES – Contraceptivos hormonais .",1,fonte1,manual,1.0
lamotrigina,carbamazepina,"Tabela 1: Efeito de drogas na concentração da lamot rigina (vide POSOLOGIA E MODO DE USAR): Drogas que aumentam a concentração da lamotrigina Drogas que reduzem a concentração da lamotrigina Drogas que têm pouco ou nenhum efeito na concentração da lamotrigina valproato carbamazepina fenitoína primidona fenobarbitona rifampicina lopinavir/ritonavir atazanavir/ritonavir* associação de etinilestradiol/levonorgestrel* lítio bupropiona olanzapina oxcarbazepina felbamato gapabentina levetiracetam pregabalina topiramato zonisamida aripripazol lacosamida perampanel paracetamol *Para orientações de dosagem, vide POSOLOGIA E MODO DE USAR – Recomendações posológica s gerais para populações de pacientes especiais , adicionalmente para mulheres tomando contraceptiv os orais vide também ADVERTÊNCIAS E PRECAUÇÕES – Contraceptivos hormonais .",1,fonte1,manual,1.0
lamotrigina,rifampicina,"Tabela 1: Efeito de drogas na concentração da lamot rigina (vide POSOLOGIA E MODO DE USAR): Drogas que aumentam a concentração da lamotrigina Drogas que reduzem a concentração da lamotrigina Drogas que têm pouco ou nenhum efeito na concentração da lamotrigina valproato carbamazepina fenitoína primidona fenobarbitona rifampicina lopinavir/ritonavir atazanavir/ritonavir* associação de etinilestradiol/levonorgestrel* lítio bupropiona olanzapina oxcarbazepina felbamato gapabentina levetiracetam pregabalina topiramato zonisamida aripripazol lacosamida perampanel paracetamol *Para orientações de dosagem, vide POSOLOGIA E MODO DE USAR – Recomendações posológica s gerais para populações de pacientes especiais , adicionalmente para mulheres tomando contraceptiv os orais vide também ADVERTÊNCIAS E PRECAUÇÕES – Contraceptivos hormonais .",1,fonte1,manual,1.0
lamotrigina,olanzapina,"Tabela 1: Efeito de drogas na concentração da lamot rigina (vide POSOLOGIA E MODO DE USAR): Drogas que aumentam a concentração da lamotrigina Drogas que reduzem a concentração da lamotrigina Drogas que têm pouco ou nenhum efeito na concentração da lamotrigina valproato carbamazepina fenitoína primidona fenobarbitona rifampicina lopinavir/ritonavir atazanavir/ritonavir* associação de etinilestradiol/levonorgestrel* lítio bupropiona olanzapina oxcarbazepina felbamato gapabentina levetiracetam pregabalina topiramato zonisamida aripripazol lacosamida perampanel paracetamol *Para orientações de dosagem, vide POSOLOGIA E MODO DE USAR – Recomendações posológica s gerais para populações de pacientes especiais , adicionalmente para mulheres tomando contraceptiv os orais vide também ADVERTÊNCIAS E PRECAUÇÕES – Contraceptivos hormonais .",1,fonte1,manual,1.0
lamotrigina,contraceptivos,"Tabela 1: Efeito de drogas na concentração da lamot rigina (vide POSOLOGIA E MODO DE USAR): Drogas que aumentam a concentração da lamotrigina Drogas que reduzem a concentração da lamotrigina Drogas que têm pouco ou nenhum efeito na concentração da lamotrigina valproato carbamazepina fenitoína primidona fenobarbitona rifampicina lopinavir/ritonavir atazanavir/ritonavir* associação de etinilestradiol/levonorgestrel* lítio bupropiona olanzapina oxcarbazepina felbamato gapabentina levetiracetam pregabalina topiramato zonisamida aripripazol lacosamida perampanel paracetamol *Para orientações de dosagem, vide POSOLOGIA E MODO DE USAR – Recomendações posológica s gerais para populações de pacientes especiais , adicionalmente para mulheres tomando contraceptiv os orais vide também ADVERTÊNCIAS E PRECAUÇÕES – Contraceptivos hormonais .",1,fonte1,manual,1.0
losartana potassica hidroclorotiazida,varfarina,"INTERAÇÕES MEDICAMENTOSAS Losartana Losartana potássica_Hidroclorotiazida_bula_profissi onal 10 Não foram identificadas interações medicamentosas d e significado clínico com os seguintes compostos av aliados nos estudos de farmacocinética clínica: hidroclorotiazida, digoxin a, varfarina, cimetidina, fenobarbital (vide Hidroclorotiazida - Álcool, barbituratos ou narcóticos, a seguir), cetoconazol e eritromicina.",0,fonte1,manual,1.0
losartana potassica hidroclorotiazida,eritromicina,"INTERAÇÕES MEDICAMENTOSAS Losartana Losartana potássica_Hidroclorotiazida_bula_profissi onal 10 Não foram identificadas interações medicamentosas d e significado clínico com os seguintes compostos av aliados nos estudos de farmacocinética clínica: hidroclorotiazida, digoxin a, varfarina, cimetidina, fenobarbital (vide Hidroclorotiazida - Álcool, barbituratos ou narcóticos, a seguir), cetoconazol e eritromicina.",0,fonte1,manual,1.0
losartana potassica hidroclorotiazida,losartana,"INTERAÇÕES MEDICAMENTOSAS Losartana Losartana potássica_Hidroclorotiazida_bula_profissi onal 10 Não foram identificadas interações medicamentosas d e significado clínico com os seguintes compostos av aliados nos estudos de farmacocinética clínica: hidroclorotiazida, digoxin a, varfarina, cimetidina, fenobarbital (vide Hidroclorotiazida - Álcool, barbituratos ou narcóticos, a seguir), cetoconazol e eritromicina.",0,fonte1,manual,1.0
losartana potassica hidroclorotiazida,cetoconazol,"INTERAÇÕES MEDICAMENTOSAS Losartana Losartana potássica_Hidroclorotiazida_bula_profissi onal 10 Não foram identificadas interações medicamentosas d e significado clínico com os seguintes compostos av aliados nos estudos de farmacocinética clínica: hidroclorotiazida, digoxin a, varfarina, cimetidina, fenobarbital (vide Hidroclorotiazida - Álcool, barbituratos ou narcóticos, a seguir), cetoconazol e eritromicina.",0,fonte1,manual,1.0
losartana potassica hidroclorotiazida,fenobarbital,"INTERAÇÕES MEDICAMENTOSAS Losartana Losartana potássica_Hidroclorotiazida_bula_profissi onal 10 Não foram identificadas interações medicamentosas d e significado clínico com os seguintes compostos av aliados nos estudos de farmacocinética clínica: hidroclorotiazida, digoxin a, varfarina, cimetidina, fenobarbital (vide Hidroclorotiazida - Álcool, barbituratos ou narcóticos, a seguir), cetoconazol e eritromicina.",0,fonte1,manual,1.0
ibuprofeno,valproico,"O uso concomitante de qualquer AINE com os seguintes fármacos deve ser evitado, especialmente nos casos de administração crôn ica: ácido acetilsalicílico por problema do coração ou acidente vascular cerebral (AVC), já que, nesses casos, o ibuprofeno pode d iminuir o efeito esperado, outros AINEs, corticosteroides, glicocorticoides, agentes anticoagulantes ou trombolíticos, inibidores de agregação plaquetária, hipoglicemiantes orais ou insulina, anti -hipertensivos e diuréticos, ácido valproico, ciclosporina, m etotrexato, probenecida e digoxina.",2,fonte1,manual,1.0
vildagliptina cloridrato de metformina,varfarina,"Como resultado desses estudos, não foi observada nenhuma inter ação de relevância clínica com a coadministração da vildagliptina com outros antidiabéticos orais (glibenclamida, pioglitazona, cl oridrato de metformina), anlodipino, digoxina, ramipril, sinvastatina, valsartana ou varfarina. cloridrato de metformina As interações seguintes são conhecidas sobre metformina: furosemida – a furosemida aumentou a Cmáx e a ASC sanguínea de metformina sem alterar sua depuração renal.",1,fonte1,manual,1.0
vildagliptina cloridrato de metformina,metformina,"Como resultado desses estudos, não foi observada nenhuma inter ação de relevância clínica com a coadministração da vildagliptina com outros antidiabéticos orais (glibenclamida, pioglitazona, cl oridrato de metformina), anlodipino, digoxina, ramipril, sinvastatina, valsartana ou varfarina. cloridrato de metformina As interações seguintes são conhecidas sobre metformina: furosemida – a furosemida aumentou a Cmáx e a ASC sanguínea de metformina sem alterar sua depuração renal.",1,fonte1,manual,1.0
vildagliptina cloridrato de metformina,sinvastatina,"Como resultado desses estudos, não foi observada nenhuma inter ação de relevância clínica com a coadministração da vildagliptina com outros antidiabéticos orais (glibenclamida, pioglitazona, cl oridrato de metformina), anlodipino, digoxina, ramipril, sinvastatina, valsartana ou varfarina. cloridrato de metformina As interações seguintes são conhecidas sobre metformina: furosemida – a furosemida aumentou a Cmáx e a ASC sanguínea de metformina sem alterar sua depuração renal.",1,fonte1,manual,1.0
vildagliptina cloridrato de metformina,digoxina,"Como resultado desses estudos, não foi observada nenhuma inter ação de relevância clínica com a coadministração da vildagliptina com outros antidiabéticos orais (glibenclamida, pioglitazona, cl oridrato de metformina), anlodipino, digoxina, ramipril, sinvastatina, valsartana ou varfarina. cloridrato de metformina As interações seguintes são conhecidas sobre metformina: furosemida – a furosemida aumentou a Cmáx e a ASC sanguínea de metformina sem alterar sua depuração renal.",1,fonte1,manual,1.0
vildagliptina cloridrato de metformina,glibenclamida,"Como resultado desses estudos, não foi observada nenhuma inter ação de relevância clínica com a coadministração da vildagliptina com outros antidiabéticos orais (glibenclamida, pioglitazona, cl oridrato de metformina), anlodipino, digoxina, ramipril, sinvastatina, valsartana ou varfarina. cloridrato de metformina As interações seguintes são conhecidas sobre metformina: furosemida – a furosemida aumentou a Cmáx e a ASC sanguínea de metformina sem alterar sua depuração renal.",1,fonte1,manual,1.0
digoxina,eritromicina,"Os níveis séricos da digoxina podem ser AUMENTADOS pela administração concomitante das seguintes drogas: amiodarona, flecainida, prazosina, propafenona, quinidina, e spironolactona, antibióticos macrolídeos (p.ex.: eritromicina e claritromicina), tetraciclina, (e possivelmente outros antibióticos), gentamicina, itraconazol, quinina, trimetoprima, alprazolam, indometacina, propantelina, nefazodona, atorvastatina, ciclos porina, epoprostenol (transitório) e carvedilol .",1,fonte1,manual,1.0
digoxina,claritromicina,"Os níveis séricos da digoxina podem ser AUMENTADOS pela administração concomitante das seguintes drogas: amiodarona, flecainida, prazosina, propafenona, quinidina, e spironolactona, antibióticos macrolídeos (p.ex.: eritromicina e claritromicina), tetraciclina, (e possivelmente outros antibióticos), gentamicina, itraconazol, quinina, trimetoprima, alprazolam, indometacina, propantelina, nefazodona, atorvastatina, ciclos porina, epoprostenol (transitório) e carvedilol .",1,fonte1,manual,1.0
digoxina,atorvastatina,"Os níveis séricos da digoxina podem ser AUMENTADOS pela administração concomitante das seguintes drogas: amiodarona, flecainida, prazosina, propafenona, quinidina, e spironolactona, antibióticos macrolídeos (p.ex.: eritromicina e claritromicina), tetraciclina, (e possivelmente outros antibióticos), gentamicina, itraconazol, quinina, trimetoprima, alprazolam, indometacina, propantelina, nefazodona, atorvastatina, ciclos porina, epoprostenol (transitório) e carvedilol .",1,fonte1,manual,1.0
digoxina,itraconazol,"Os níveis séricos da digoxina podem ser AUMENTADOS pela administração concomitante das seguintes drogas: amiodarona, flecainida, prazosina, propafenona, quinidina, e spironolactona, antibióticos macrolídeos (p.ex.: eritromicina e claritromicina), tetraciclina, (e possivelmente outros antibióticos), gentamicina, itraconazol, quinina, trimetoprima, alprazolam, indometacina, propantelina, nefazodona, atorvastatina, ciclos porina, epoprostenol (transitório) e carvedilol .",1,fonte1,manual,1.0
digoxina,amiodarona,"Os níveis séricos da digoxina podem ser AUMENTADOS pela administração concomitante das seguintes drogas: amiodarona, flecainida, prazosina, propafenona, quinidina, e spironolactona, antibióticos macrolídeos (p.ex.: eritromicina e claritromicina), tetraciclina, (e possivelmente outros antibióticos), gentamicina, itraconazol, quinina, trimetoprima, alprazolam, indometacina, propantelina, nefazodona, atorvastatina, ciclos porina, epoprostenol (transitório) e carvedilol .",1,fonte1,manual,1.0
omeprazol,varfarina,"Interações medicamentosas: o omeprazol pode influenciar na farmacociné tica de diversos medicamentos incluindo diazepam, carbamazepina, clozapina, indinavir, nelfinavir, atazanavir, rilpiverina, metotrexato, tacrolimus, micofenolato de mofetila, clopidogrel, digoxina, itraco nazol, posaconazol, erlotinib, varfarina, cilostazol e suplementos orais de ferro.",1,fonte1,manual,1.0
omeprazol,diazepam,"Interações medicamentosas: o omeprazol pode influenciar na farmacociné tica de diversos medicamentos incluindo diazepam, carbamazepina, clozapina, indinavir, nelfinavir, atazanavir, rilpiverina, metotrexato, tacrolimus, micofenolato de mofetila, clopidogrel, digoxina, itraco nazol, posaconazol, erlotinib, varfarina, cilostazol e suplementos orais de ferro.",1,fonte1,manual,1.0
omeprazol,carbamazepina,"Interações medicamentosas: o omeprazol pode influenciar na farmacociné tica de diversos medicamentos incluindo diazepam, carbamazepina, clozapina, indinavir, nelfinavir, atazanavir, rilpiverina, metotrexato, tacrolimus, micofenolato de mofetila, clopidogrel, digoxina, itraco nazol, posaconazol, erlotinib, varfarina, cilostazol e suplementos orais de ferro.",1,fonte1,manual,1.0
omeprazol,digoxina,"Interações medicamentosas: o omeprazol pode influenciar na farmacociné tica de diversos medicamentos incluindo diazepam, carbamazepina, clozapina, indinavir, nelfinavir, atazanavir, rilpiverina, metotrexato, tacrolimus, micofenolato de mofetila, clopidogrel, digoxina, itraco nazol, posaconazol, erlotinib, varfarina, cilostazol e suplementos orais de ferro.",1,fonte1,manual,1.0
omeprazol,metotrexato,"Interações medicamentosas: o omeprazol pode influenciar na farmacociné tica de diversos medicamentos incluindo diazepam, carbamazepina, clozapina, indinavir, nelfinavir, atazanavir, rilpiverina, metotrexato, tacrolimus, micofenolato de mofetila, clopidogrel, digoxina, itraco nazol, posaconazol, erlotinib, varfarina, cilostazol e suplementos orais de ferro.",1,fonte1,manual,1.0
ezetimiba sinvastatina,eritromicina,"4.CONTRAINDICAÇÕES • Hipersensibilidade aos princípios ativos ou a qualquer dos excipientes. • Hepatopatia ativa ou elevações persistentes e inexplicadas das transaminases séricas. • Quando houver necessidade de administrar ezetimiba+sinvastatina com fenofibrato, consulte a Circular aos Médicos (bula) de fenofibrato. • Administração concomitante de inibidores potentes do CYP3A4 (p. ex., itraconazol, cetoconazol, posaconazol, voriconazol, inibidores da protease do HIV, boceprevir, telaprevir, eritromicina, claritromicina, telitromicina, nefazodona e medicamentos contendo cobicistate) (veja os itens 5.",2,fonte1,manual,1.0
ezetimiba sinvastatina,claritromicina,"4.CONTRAINDICAÇÕES • Hipersensibilidade aos princípios ativos ou a qualquer dos excipientes. • Hepatopatia ativa ou elevações persistentes e inexplicadas das transaminases séricas. • Quando houver necessidade de administrar ezetimiba+sinvastatina com fenofibrato, consulte a Circular aos Médicos (bula) de fenofibrato. • Administração concomitante de inibidores potentes do CYP3A4 (p. ex., itraconazol, cetoconazol, posaconazol, voriconazol, inibidores da protease do HIV, boceprevir, telaprevir, eritromicina, claritromicina, telitromicina, nefazodona e medicamentos contendo cobicistate) (veja os itens 5.",2,fonte1,manual,1.0
ezetimiba sinvastatina,sinvastatina,"4.CONTRAINDICAÇÕES • Hipersensibilidade aos princípios ativos ou a qualquer dos excipientes. • Hepatopatia ativa ou elevações persistentes e inexplicadas das transaminases séricas. • Quando houver necessidade de administrar ezetimiba+sinvastatina com fenofibrato, consulte a Circular aos Médicos (bula) de fenofibrato. • Administração concomitante de inibidores potentes do CYP3A4 (p. ex., itraconazol, cetoconazol, posaconazol, voriconazol, inibidores da protease do HIV, boceprevir, telaprevir, eritromicina, claritromicina, telitromicina, nefazodona e medicamentos contendo cobicistate) (veja os itens 5.",2,fonte1,manual,1.0
ezetimiba sinvastatina,cetoconazol,"4.CONTRAINDICAÇÕES • Hipersensibilidade aos princípios ativos ou a qualquer dos excipientes. • Hepatopatia ativa ou elevações persistentes e inexplicadas das transaminases séricas. • Quando houver necessidade de administrar ezetimiba+sinvastatina com fenofibrato, consulte a Circular aos Médicos (bula) de fenofibrato. • Administração concomitante de inibidores potentes do CYP3A4 (p. ex., itraconazol, cetoconazol, posaconazol, voriconazol, inibidores da protease do HIV, boceprevir, telaprevir, eritromicina, claritromicina, telitromicina, nefazodona e medicamentos contendo cobicistate) (veja os itens 5.",2,fonte1,manual,1.0
ezetimiba sinvastatina,itraconazol,"4.CONTRAINDICAÇÕES • Hipersensibilidade aos princípios ativos ou a qualquer dos excipientes. • Hepatopatia ativa ou elevações persistentes e inexplicadas das transaminases séricas. • Quando houver necessidade de administrar ezetimiba+sinvastatina com fenofibrato, consulte a Circular aos Médicos (bula) de fenofibrato. • Administração concomitante de inibidores potentes do CYP3A4 (p. ex., itraconazol, cetoconazol, posaconazol, voriconazol, inibidores da protease do HIV, boceprevir, telaprevir, eritromicina, claritromicina, telitromicina, nefazodona e medicamentos contendo cobicistate) (veja os itens 5.",2,fonte1,manual,1.0
tacrolimo monoidratado,ciclosporina,"O m onitoramento das concentrações sanguíneas e os ajustes de dose são essenciais quando esses medicamentos são usad os concomitantemente: Fármacos que podem aumentar as concentrações de tacrolimo no sangue Bloqueadores de canal de cálcio Antibióticos macrolídeos Agentes antifúngicos Agentes gastrointestinais pró-cinéticos Inibidores de Protease Outros fármacos diltiazem nicardipina nifedipina verapamil claritromicina eritromicina troleandomicina josamicina clotrimazol fluconazol itraconazol cetoconazol voriconazol posaconazol cisaprida metoclopramida inibidores da protease HIV (por ex. ritonavir, nelfinavir, saquinavir) inibidores de protease do HCV (por ex. telaprevir, boceprevir) amiodarona bromocriptina cloranfenicol cimetidina ciclosporina danazol etinilestradiol metilprednisolona lansoprazol omeprazol nefazodona hidróxido de magnésio e alumínio letermovir antiviral usado para tratar CMV extrato de Schisandra sphenanthera Canabidiol 15 O tacrolimo também demonstrou efeito inibidor amplo e forte sobre o metabolismo dependente de CYP3A4.",1,fonte1,manual,1.0
tacrolimo monoidratado,eritromicina,"O m onitoramento das concentrações sanguíneas e os ajustes de dose são essenciais quando esses medicamentos são usad os concomitantemente: Fármacos que podem aumentar as concentrações de tacrolimo no sangue Bloqueadores de canal de cálcio Antibióticos macrolídeos Agentes antifúngicos Agentes gastrointestinais pró-cinéticos Inibidores de Protease Outros fármacos diltiazem nicardipina nifedipina verapamil claritromicina eritromicina troleandomicina josamicina clotrimazol fluconazol itraconazol cetoconazol voriconazol posaconazol cisaprida metoclopramida inibidores da protease HIV (por ex. ritonavir, nelfinavir, saquinavir) inibidores de protease do HCV (por ex. telaprevir, boceprevir) amiodarona bromocriptina cloranfenicol cimetidina ciclosporina danazol etinilestradiol metilprednisolona lansoprazol omeprazol nefazodona hidróxido de magnésio e alumínio letermovir antiviral usado para tratar CMV extrato de Schisandra sphenanthera Canabidiol 15 O tacrolimo também demonstrou efeito inibidor amplo e forte sobre o metabolismo dependente de CYP3A4.",1,fonte1,manual,1.0
tacrolimo monoidratado,claritromicina,"O m onitoramento das concentrações sanguíneas e os ajustes de dose são essenciais quando esses medicamentos são usad os concomitantemente: Fármacos que podem aumentar as concentrações de tacrolimo no sangue Bloqueadores de canal de cálcio Antibióticos macrolídeos Agentes antifúngicos Agentes gastrointestinais pró-cinéticos Inibidores de Protease Outros fármacos diltiazem nicardipina nifedipina verapamil claritromicina eritromicina troleandomicina josamicina clotrimazol fluconazol itraconazol cetoconazol voriconazol posaconazol cisaprida metoclopramida inibidores da protease HIV (por ex. ritonavir, nelfinavir, saquinavir) inibidores de protease do HCV (por ex. telaprevir, boceprevir) amiodarona bromocriptina cloranfenicol cimetidina ciclosporina danazol etinilestradiol metilprednisolona lansoprazol omeprazol nefazodona hidróxido de magnésio e alumínio letermovir antiviral usado para tratar CMV extrato de Schisandra sphenanthera Canabidiol 15 O tacrolimo também demonstrou efeito inibidor amplo e forte sobre o metabolismo dependente de CYP3A4.",1,fonte1,manual,1.0
tacrolimo monoidratado,omeprazol,"O m onitoramento das concentrações sanguíneas e os ajustes de dose são essenciais quando esses medicamentos são usad os concomitantemente: Fármacos que podem aumentar as concentrações de tacrolimo no sangue Bloqueadores de canal de cálcio Antibióticos macrolídeos Agentes antifúngicos Agentes gastrointestinais pró-cinéticos Inibidores de Protease Outros fármacos diltiazem nicardipina nifedipina verapamil claritromicina eritromicina troleandomicina josamicina clotrimazol fluconazol itraconazol cetoconazol voriconazol posaconazol cisaprida metoclopramida inibidores da protease HIV (por ex. ritonavir, nelfinavir, saquinavir) inibidores de protease do HCV (por ex. telaprevir, boceprevir) amiodarona bromocriptina cloranfenicol cimetidina ciclosporina danazol etinilestradiol metilprednisolona lansoprazol omeprazol nefazodona hidróxido de magnésio e alumínio letermovir antiviral usado para tratar CMV extrato de Schisandra sphenanthera Canabidiol 15 O tacrolimo também demonstrou efeito inibidor amplo e forte sobre o metabolismo dependente de CYP3A4.",1,fonte1,manual,1.0
tacrolimo monoidratado,cetoconazol,"O m onitoramento das concentrações sanguíneas e os ajustes de dose são essenciais quando esses medicamentos são usad os concomitantemente: Fármacos que podem aumentar as concentrações de tacrolimo no sangue Bloqueadores de canal de cálcio Antibióticos macrolídeos Agentes antifúngicos Agentes gastrointestinais pró-cinéticos Inibidores de Protease Outros fármacos diltiazem nicardipina nifedipina verapamil claritromicina eritromicina troleandomicina josamicina clotrimazol fluconazol itraconazol cetoconazol voriconazol posaconazol cisaprida metoclopramida inibidores da protease HIV (por ex. ritonavir, nelfinavir, saquinavir) inibidores de protease do HCV (por ex. telaprevir, boceprevir) amiodarona bromocriptina cloranfenicol cimetidina ciclosporina danazol etinilestradiol metilprednisolona lansoprazol omeprazol nefazodona hidróxido de magnésio e alumínio letermovir antiviral usado para tratar CMV extrato de Schisandra sphenanthera Canabidiol 15 O tacrolimo também demonstrou efeito inibidor amplo e forte sobre o metabolismo dependente de CYP3A4.",1,fonte1,manual,1.0
drospirenona etinilestradiol,eritromicina,"Substâncias que diminuem a depuração dos COCs (inibidores enzimáticos) : Inibidores potentes e moderados do CYP 3A4 tais como antifúngicos azólicos (como por exemplo, itraconazol, voriconazol, fluconazol), verapamil, antibióticos macrolídeos (como por exemplo, claritromicina, eritromicina), diltiazem e suco de toranja (grapefruit) podem aumentar as concentrações plasmáticas do estrogênio ou progestógeno ou de ambos.",1,fonte1,manual,1.0
drospirenona etinilestradiol,claritromicina,"Substâncias que diminuem a depuração dos COCs (inibidores enzimáticos) : Inibidores potentes e moderados do CYP 3A4 tais como antifúngicos azólicos (como por exemplo, itraconazol, voriconazol, fluconazol), verapamil, antibióticos macrolídeos (como por exemplo, claritromicina, eritromicina), diltiazem e suco de toranja (grapefruit) podem aumentar as concentrações plasmáticas do estrogênio ou progestógeno ou de ambos.",1,fonte1,manual,1.0
drospirenona etinilestradiol,fluconazol,"Substâncias que diminuem a depuração dos COCs (inibidores enzimáticos) : Inibidores potentes e moderados do CYP 3A4 tais como antifúngicos azólicos (como por exemplo, itraconazol, voriconazol, fluconazol), verapamil, antibióticos macrolídeos (como por exemplo, claritromicina, eritromicina), diltiazem e suco de toranja (grapefruit) podem aumentar as concentrações plasmáticas do estrogênio ou progestógeno ou de ambos.",1,fonte1,manual,1.0
drospirenona etinilestradiol,itraconazol,"Substâncias que diminuem a depuração dos COCs (inibidores enzimáticos) : Inibidores potentes e moderados do CYP 3A4 tais como antifúngicos azólicos (como por exemplo, itraconazol, voriconazol, fluconazol), verapamil, antibióticos macrolídeos (como por exemplo, claritromicina, eritromicina), diltiazem e suco de toranja (grapefruit) podem aumentar as concentrações plasmáticas do estrogênio ou progestógeno ou de ambos.",1,fonte1,manual,1.0
drospirenona etinilestradiol,diltiazem,"Substâncias que diminuem a depuração dos COCs (inibidores enzimáticos) : Inibidores potentes e moderados do CYP 3A4 tais como antifúngicos azólicos (como por exemplo, itraconazol, voriconazol, fluconazol), verapamil, antibióticos macrolídeos (como por exemplo, claritromicina, eritromicina), diltiazem e suco de toranja (grapefruit) podem aumentar as concentrações plasmáticas do estrogênio ou progestógeno ou de ambos.",1,fonte1,manual,1.0
cetoprofeno,captopril,"Portanto, estes pacientes devem ser reidratados antes do início do tratamento concomitante e a função dos rins deve ser monitorada quando o tratamento for iniciado (vide O QUE DEVO SABER ANTES DE USAR ESTE MEDICAMENTO?). - Inibidores da ECA - enzima conversora da angiotensina (ex: captopril, enalapril, lisinopril) e antagonistas da angiotensina II (ex: irbesartana, losartana, valsartana): em pacientes com comprometimento da função dos rins (ex. pacientes desidratados ou pacientes idosos), a coadministração de um inibidor da ECA ou de um antagonista da angiotensina II e de um agente que inibe a ciclooxigenase (tipo de enzima) pode promover a deterioração da função dos rins, incluindo a possibilidade de insuficiência dos rins aguda. - Metotrexato em doses menores do que 15 mg/semana : converse com seu médico caso esteja tomando metotrexato devido a possibilidade de ocorrer alteração da função dos rins.",1,fonte1,manual,1.0
cetoprofeno,losartana,"Portanto, estes pacientes devem ser reidratados antes do início do tratamento concomitante e a função dos rins deve ser monitorada quando o tratamento for iniciado (vide O QUE DEVO SABER ANTES DE USAR ESTE MEDICAMENTO?). - Inibidores da ECA - enzima conversora da angiotensina (ex: captopril, enalapril, lisinopril) e antagonistas da angiotensina II (ex: irbesartana, losartana, valsartana): em pacientes com comprometimento da função dos rins (ex. pacientes desidratados ou pacientes idosos), a coadministração de um inibidor da ECA ou de um antagonista da angiotensina II e de um agente que inibe a ciclooxigenase (tipo de enzima) pode promover a deterioração da função dos rins, incluindo a possibilidade de insuficiência dos rins aguda. - Metotrexato em doses menores do que 15 mg/semana : converse com seu médico caso esteja tomando metotrexato devido a possibilidade de ocorrer alteração da função dos rins.",1,fonte1,manual,1.0
cetoprofeno,metotrexato,"Portanto, estes pacientes devem ser reidratados antes do início do tratamento concomitante e a função dos rins deve ser monitorada quando o tratamento for iniciado (vide O QUE DEVO SABER ANTES DE USAR ESTE MEDICAMENTO?). - Inibidores da ECA - enzima conversora da angiotensina (ex: captopril, enalapril, lisinopril) e antagonistas da angiotensina II (ex: irbesartana, losartana, valsartana): em pacientes com comprometimento da função dos rins (ex. pacientes desidratados ou pacientes idosos), a coadministração de um inibidor da ECA ou de um antagonista da angiotensina II e de um agente que inibe a ciclooxigenase (tipo de enzima) pode promover a deterioração da função dos rins, incluindo a possibilidade de insuficiência dos rins aguda. - Metotrexato em doses menores do que 15 mg/semana : converse com seu médico caso esteja tomando metotrexato devido a possibilidade de ocorrer alteração da função dos rins.",1,fonte1,manual,1.0
cetoprofeno,enalapril,"Portanto, estes pacientes devem ser reidratados antes do início do tratamento concomitante e a função dos rins deve ser monitorada quando o tratamento for iniciado (vide O QUE DEVO SABER ANTES DE USAR ESTE MEDICAMENTO?). - Inibidores da ECA - enzima conversora da angiotensina (ex: captopril, enalapril, lisinopril) e antagonistas da angiotensina II (ex: irbesartana, losartana, valsartana): em pacientes com comprometimento da função dos rins (ex. pacientes desidratados ou pacientes idosos), a coadministração de um inibidor da ECA ou de um antagonista da angiotensina II e de um agente que inibe a ciclooxigenase (tipo de enzima) pode promover a deterioração da função dos rins, incluindo a possibilidade de insuficiência dos rins aguda. - Metotrexato em doses menores do que 15 mg/semana : converse com seu médico caso esteja tomando metotrexato devido a possibilidade de ocorrer alteração da função dos rins.",1,fonte1,manual,1.0
cloridrato de sertralina,varfarina,"Entretanto, em 3 estudos formais de interação com diazepam, tolbutamida e varfarina respectivamente, a sertralina não apresentou efeitos significantes na ligação do substrato às proteínas (vide os subitens “varfarina” e “interações com outros fármacos”). - Medicamentos que afetam a função plaquetária Bula_ cl. de sertralina _com_VPS_V0 9 - O risco de sangramento pode ser aumentado quando medicamentos que atuam na função plaquetária (ex: AINEs, ácido acetilsalicílico, heparina e ticlopidina) ou outros medicamentos que possam aumentar o risco de sangramento são administrados concomitantemente com ISRSs, incluindo sertralina (vide item 5.",1,fonte1,manual,1.0
cloridrato de sertralina,sertralina,"Entretanto, em 3 estudos formais de interação com diazepam, tolbutamida e varfarina respectivamente, a sertralina não apresentou efeitos significantes na ligação do substrato às proteínas (vide os subitens “varfarina” e “interações com outros fármacos”). - Medicamentos que afetam a função plaquetária Bula_ cl. de sertralina _com_VPS_V0 9 - O risco de sangramento pode ser aumentado quando medicamentos que atuam na função plaquetária (ex: AINEs, ácido acetilsalicílico, heparina e ticlopidina) ou outros medicamentos que possam aumentar o risco de sangramento são administrados concomitantemente com ISRSs, incluindo sertralina (vide item 5.",1,fonte1,manual,1.0
cloridrato de sertralina,diazepam,"Entretanto, em 3 estudos formais de interação com diazepam, tolbutamida e varfarina respectivamente, a sertralina não apresentou efeitos significantes na ligação do substrato às proteínas (vide os subitens “varfarina” e “interações com outros fármacos”). - Medicamentos que afetam a função plaquetária Bula_ cl. de sertralina _com_VPS_V0 9 - O risco de sangramento pode ser aumentado quando medicamentos que atuam na função plaquetária (ex: AINEs, ácido acetilsalicílico, heparina e ticlopidina) ou outros medicamentos que possam aumentar o risco de sangramento são administrados concomitantemente com ISRSs, incluindo sertralina (vide item 5.",1,fonte1,manual,1.0
cloridrato de sertralina,aines,"Entretanto, em 3 estudos formais de interação com diazepam, tolbutamida e varfarina respectivamente, a sertralina não apresentou efeitos significantes na ligação do substrato às proteínas (vide os subitens “varfarina” e “interações com outros fármacos”). - Medicamentos que afetam a função plaquetária Bula_ cl. de sertralina _com_VPS_V0 9 - O risco de sangramento pode ser aumentado quando medicamentos que atuam na função plaquetária (ex: AINEs, ácido acetilsalicílico, heparina e ticlopidina) ou outros medicamentos que possam aumentar o risco de sangramento são administrados concomitantemente com ISRSs, incluindo sertralina (vide item 5.",1,fonte1,manual,1.0
amoxicilina clavulanato de potassio,varfarina,"Tal como ocorre com outros antibióticos, a amoxicilina tri-hidratada + clavulanato de potássio pode afetar a flora intestinal, levando à menor reabsorção de estrógenos e redução da eficácia de contraceptivos orais combinados. amoxicilina + Clavulanato de potássio _ com ver_ VPS_V11 Há, na literatura, raros casos de aumento da INR em pacientes em uso de acenocumarol ou varfarina que recebem um ciclo de amoxicilina.",1,fonte1,manual,1.0
amoxicilina clavulanato de potassio,acenocumarol,"Tal como ocorre com outros antibióticos, a amoxicilina tri-hidratada + clavulanato de potássio pode afetar a flora intestinal, levando à menor reabsorção de estrógenos e redução da eficácia de contraceptivos orais combinados. amoxicilina + Clavulanato de potássio _ com ver_ VPS_V11 Há, na literatura, raros casos de aumento da INR em pacientes em uso de acenocumarol ou varfarina que recebem um ciclo de amoxicilina.",1,fonte1,manual,1.0
amoxicilina clavulanato de potassio,amoxicilina,"Tal como ocorre com outros antibióticos, a amoxicilina tri-hidratada + clavulanato de potássio pode afetar a flora intestinal, levando à menor reabsorção de estrógenos e redução da eficácia de contraceptivos orais combinados. amoxicilina + Clavulanato de potássio _ com ver_ VPS_V11 Há, na literatura, raros casos de aumento da INR em pacientes em uso de acenocumarol ou varfarina que recebem um ciclo de amoxicilina.",1,fonte1,manual,1.0
amoxicilina clavulanato de potassio,contraceptivos,"Tal como ocorre com outros antibióticos, a amoxicilina tri-hidratada + clavulanato de potássio pode afetar a flora intestinal, levando à menor reabsorção de estrógenos e redução da eficácia de contraceptivos orais combinados. amoxicilina + Clavulanato de potássio _ com ver_ VPS_V11 Há, na literatura, raros casos de aumento da INR em pacientes em uso de acenocumarol ou varfarina que recebem um ciclo de amoxicilina.",1,fonte1,manual,1.0
mesilato de imatinibe,varfarina,"Tome cuidado ao utilizar mesilato de imatinibe com rifampicina ou outros indutores potentes de CYP3A4, cetoconazol ou outros inibidores potentes de CYP3A4, substratos de CYP3A4 com uma janela terapêutica estreita (por exemplo, ciclosporina ou pimozida) ou substratos de CYP2C9 com uma janela terapêutica estreita (por exemplo, varfarina e outros derivados cumarínicos) (vide item 6.",1,fonte1,manual,1.0
mesilato de imatinibe,ciclosporina,"Tome cuidado ao utilizar mesilato de imatinibe com rifampicina ou outros indutores potentes de CYP3A4, cetoconazol ou outros inibidores potentes de CYP3A4, substratos de CYP3A4 com uma janela terapêutica estreita (por exemplo, ciclosporina ou pimozida) ou substratos de CYP2C9 com uma janela terapêutica estreita (por exemplo, varfarina e outros derivados cumarínicos) (vide item 6.",1,fonte1,manual,1.0
mesilato de imatinibe,cetoconazol,"Tome cuidado ao utilizar mesilato de imatinibe com rifampicina ou outros indutores potentes de CYP3A4, cetoconazol ou outros inibidores potentes de CYP3A4, substratos de CYP3A4 com uma janela terapêutica estreita (por exemplo, ciclosporina ou pimozida) ou substratos de CYP2C9 com uma janela terapêutica estreita (por exemplo, varfarina e outros derivados cumarínicos) (vide item 6.",1,fonte1,manual,1.0
mesilato de imatinibe,rifampicina,"Tome cuidado ao utilizar mesilato de imatinibe com rifampicina ou outros indutores potentes de CYP3A4, cetoconazol ou outros inibidores potentes de CYP3A4, substratos de CYP3A4 com uma janela terapêutica estreita (por exemplo, ciclosporina ou pimozida) ou substratos de CYP2C9 com uma janela terapêutica estreita (por exemplo, varfarina e outros derivados cumarínicos) (vide item 6.",1,fonte1,manual,1.0
mesilato de imatinibe,eritromicina,"Outras interações que podem afetar a exposição ao mesilato de imatinibe ou outros medicamentos Medicamentos que podem aumentar as concentrações plasmáticas de imatinibe: As substâncias que inibem a atividade da isoenzima CYP3A4 do citocromo P450 (ex.: cetoconazol, itraconazol, eritromicina, claritromicina) poderiam diminuir o metabolismo e aumentar as concentrações de imatinibe.",1,fonte1,manual,1.0
mesilato de imatinibe,claritromicina,"Outras interações que podem afetar a exposição ao mesilato de imatinibe ou outros medicamentos Medicamentos que podem aumentar as concentrações plasmáticas de imatinibe: As substâncias que inibem a atividade da isoenzima CYP3A4 do citocromo P450 (ex.: cetoconazol, itraconazol, eritromicina, claritromicina) poderiam diminuir o metabolismo e aumentar as concentrações de imatinibe.",1,fonte1,manual,1.0
mesilato de imatinibe,cetoconazol,"Outras interações que podem afetar a exposição ao mesilato de imatinibe ou outros medicamentos Medicamentos que podem aumentar as concentrações plasmáticas de imatinibe: As substâncias que inibem a atividade da isoenzima CYP3A4 do citocromo P450 (ex.: cetoconazol, itraconazol, eritromicina, claritromicina) poderiam diminuir o metabolismo e aumentar as concentrações de imatinibe.",1,fonte1,manual,1.0
mesilato de imatinibe,itraconazol,"Outras interações que podem afetar a exposição ao mesilato de imatinibe ou outros medicamentos Medicamentos que podem aumentar as concentrações plasmáticas de imatinibe: As substâncias que inibem a atividade da isoenzima CYP3A4 do citocromo P450 (ex.: cetoconazol, itraconazol, eritromicina, claritromicina) poderiam diminuir o metabolismo e aumentar as concentrações de imatinibe.",1,fonte1,manual,1.0
dicloridrato de levocetirizina,eritromicina,"INTERAÇÕES MEDICAMENTOSAS Não foram realizados estudos de interação com a levocetirizina (incluindo estudos com indutores da CYP 3A4); estudos realizados com o composto racêmico cetirizina demonstraram que não havia interações clinicamente relevantes com antipirina, pseudoefedrina, cimetidina, cetoconazol, eritromicina, azitromicina, glipizid a e diazepam.",0,fonte1,manual,1.0
dicloridrato de levocetirizina,diazepam,"INTERAÇÕES MEDICAMENTOSAS Não foram realizados estudos de interação com a levocetirizina (incluindo estudos com indutores da CYP 3A4); estudos realizados com o composto racêmico cetirizina demonstraram que não havia interações clinicamente relevantes com antipirina, pseudoefedrina, cimetidina, cetoconazol, eritromicina, azitromicina, glipizid a e diazepam.",0,fonte1,manual,1.0
dicloridrato de levocetirizina,cetoconazol,"INTERAÇÕES MEDICAMENTOSAS Não foram realizados estudos de interação com a levocetirizina (incluindo estudos com indutores da CYP 3A4); estudos realizados com o composto racêmico cetirizina demonstraram que não havia interações clinicamente relevantes com antipirina, pseudoefedrina, cimetidina, cetoconazol, eritromicina, azitromicina, glipizid a e diazepam.",0,fonte1,manual,1.0
dicloridrato de levocetirizina,cimetidina,"INTERAÇÕES MEDICAMENTOSAS Não foram realizados estudos de interação com a levocetirizina (incluindo estudos com indutores da CYP 3A4); estudos realizados com o composto racêmico cetirizina demonstraram que não havia interações clinicamente relevantes com antipirina, pseudoefedrina, cimetidina, cetoconazol, eritromicina, azitromicina, glipizid a e diazepam.",0,fonte1,manual,1.0
cloridrato de memantina,varfarina,"Existe um relato de caso clínico publicado sobre um possível risco da combinação da memantina com a fenitoína. • Outras substâncias ativas como cimetidina, ranitidina, procainamida, quinidina , quinina e nicotina, que utilizam o mesmo sistema de transporte renal de cátions que a amantadina, também poderão interagir com a memantina levando a um risco potencial de aumento dos seus níveis séricos. • É possível que haja uma redução dos níveis séricos da hidroclorotiazida (HCT) quando esta, ou qualquer combinação contendo hidroclorotiazida, é administrada concomitantemente com a memantina. • Na experiência pós -comercialização foram notificados casos isolados de aumento da relação normalizada internacio nal (RNI ou INR) em pacientes tratados concomitantemente com varfarina.",1,fonte1,manual,1.0
cloridrato de memantina,hidroclorotiazida,"Existe um relato de caso clínico publicado sobre um possível risco da combinação da memantina com a fenitoína. • Outras substâncias ativas como cimetidina, ranitidina, procainamida, quinidina , quinina e nicotina, que utilizam o mesmo sistema de transporte renal de cátions que a amantadina, também poderão interagir com a memantina levando a um risco potencial de aumento dos seus níveis séricos. • É possível que haja uma redução dos níveis séricos da hidroclorotiazida (HCT) quando esta, ou qualquer combinação contendo hidroclorotiazida, é administrada concomitantemente com a memantina. • Na experiência pós -comercialização foram notificados casos isolados de aumento da relação normalizada internacio nal (RNI ou INR) em pacientes tratados concomitantemente com varfarina.",1,fonte1,manual,1.0
cloridrato de memantina,cimetidina,"Existe um relato de caso clínico publicado sobre um possível risco da combinação da memantina com a fenitoína. • Outras substâncias ativas como cimetidina, ranitidina, procainamida, quinidina , quinina e nicotina, que utilizam o mesmo sistema de transporte renal de cátions que a amantadina, também poderão interagir com a memantina levando a um risco potencial de aumento dos seus níveis séricos. • É possível que haja uma redução dos níveis séricos da hidroclorotiazida (HCT) quando esta, ou qualquer combinação contendo hidroclorotiazida, é administrada concomitantemente com a memantina. • Na experiência pós -comercialização foram notificados casos isolados de aumento da relação normalizada internacio nal (RNI ou INR) em pacientes tratados concomitantemente com varfarina.",1,fonte1,manual,1.0
cloridrato de memantina,ranitidina,"Existe um relato de caso clínico publicado sobre um possível risco da combinação da memantina com a fenitoína. • Outras substâncias ativas como cimetidina, ranitidina, procainamida, quinidina , quinina e nicotina, que utilizam o mesmo sistema de transporte renal de cátions que a amantadina, também poderão interagir com a memantina levando a um risco potencial de aumento dos seus níveis séricos. • É possível que haja uma redução dos níveis séricos da hidroclorotiazida (HCT) quando esta, ou qualquer combinação contendo hidroclorotiazida, é administrada concomitantemente com a memantina. • Na experiência pós -comercialização foram notificados casos isolados de aumento da relação normalizada internacio nal (RNI ou INR) em pacientes tratados concomitantemente com varfarina.",1,fonte1,manual,1.0
domperidona,eritromicina,"A administração concomitante de domperidona com inibidores potentes do CYP3A4 que demonstraram causar um prolongamento do intervalo QT, tais como claritromicina, eritromicina, itraconazol, cetoconazol oral, posaconazol, ritonavir, saquinavir, telitromicina, telaprevir e voriconazol, é contraindicada (vide itens 5“ADVERTÊNCIAS E PRECAUÇÕES” e “6.",2,fonte1,manual,1.0
domperidona,claritromicina,"A administração concomitante de domperidona com inibidores potentes do CYP3A4 que demonstraram causar um prolongamento do intervalo QT, tais como claritromicina, eritromicina, itraconazol, cetoconazol oral, posaconazol, ritonavir, saquinavir, telitromicina, telaprevir e voriconazol, é contraindicada (vide itens 5“ADVERTÊNCIAS E PRECAUÇÕES” e “6.",2,fonte1,manual,1.0
domperidona,cetoconazol,"A administração concomitante de domperidona com inibidores potentes do CYP3A4 que demonstraram causar um prolongamento do intervalo QT, tais como claritromicina, eritromicina, itraconazol, cetoconazol oral, posaconazol, ritonavir, saquinavir, telitromicina, telaprevir e voriconazol, é contraindicada (vide itens 5“ADVERTÊNCIAS E PRECAUÇÕES” e “6.",2,fonte1,manual,1.0
domperidona,itraconazol,"A administração concomitante de domperidona com inibidores potentes do CYP3A4 que demonstraram causar um prolongamento do intervalo QT, tais como claritromicina, eritromicina, itraconazol, cetoconazol oral, posaconazol, ritonavir, saquinavir, telitromicina, telaprevir e voriconazol, é contraindicada (vide itens 5“ADVERTÊNCIAS E PRECAUÇÕES” e “6.",2,fonte1,manual,1.0
risperidona,fluoxetina,"O aumento da mortalidade em pacientes idosos com demên cia que estão recebendo tratamento concomitante com furosemida. - Medicamentos gastrintestinais: Antagonistas de receptor H2: a cimetidina e a ranitidina, ambos inibidores fracos de CYP2D6 e CYP3A4, aumentaram a biodisponibilidade da risperidona, mas apenas marginalmente aquela da fração antipsicótica ativa. - Lítio: A risperidona não demonstra efeito clinicamente relevante sobre a farmacocinética do lítio. - Antidepressivos tricíclicos e inibidores seletivos da recaptação de serotoni na: A fluoxetina, um inibidor forte da CYP2D6, aumenta a concentração plasmática da risperidona, mas menos da fração antipsicótica ativa.",1,fonte1,manual,1.0
risperidona,furosemida,"O aumento da mortalidade em pacientes idosos com demên cia que estão recebendo tratamento concomitante com furosemida. - Medicamentos gastrintestinais: Antagonistas de receptor H2: a cimetidina e a ranitidina, ambos inibidores fracos de CYP2D6 e CYP3A4, aumentaram a biodisponibilidade da risperidona, mas apenas marginalmente aquela da fração antipsicótica ativa. - Lítio: A risperidona não demonstra efeito clinicamente relevante sobre a farmacocinética do lítio. - Antidepressivos tricíclicos e inibidores seletivos da recaptação de serotoni na: A fluoxetina, um inibidor forte da CYP2D6, aumenta a concentração plasmática da risperidona, mas menos da fração antipsicótica ativa.",1,fonte1,manual,1.0
risperidona,cimetidina,"O aumento da mortalidade em pacientes idosos com demên cia que estão recebendo tratamento concomitante com furosemida. - Medicamentos gastrintestinais: Antagonistas de receptor H2: a cimetidina e a ranitidina, ambos inibidores fracos de CYP2D6 e CYP3A4, aumentaram a biodisponibilidade da risperidona, mas apenas marginalmente aquela da fração antipsicótica ativa. - Lítio: A risperidona não demonstra efeito clinicamente relevante sobre a farmacocinética do lítio. - Antidepressivos tricíclicos e inibidores seletivos da recaptação de serotoni na: A fluoxetina, um inibidor forte da CYP2D6, aumenta a concentração plasmática da risperidona, mas menos da fração antipsicótica ativa.",1,fonte1,manual,1.0
risperidona,ranitidina,"O aumento da mortalidade em pacientes idosos com demên cia que estão recebendo tratamento concomitante com furosemida. - Medicamentos gastrintestinais: Antagonistas de receptor H2: a cimetidina e a ranitidina, ambos inibidores fracos de CYP2D6 e CYP3A4, aumentaram a biodisponibilidade da risperidona, mas apenas marginalmente aquela da fração antipsicótica ativa. - Lítio: A risperidona não demonstra efeito clinicamente relevante sobre a farmacocinética do lítio. - Antidepressivos tricíclicos e inibidores seletivos da recaptação de serotoni na: A fluoxetina, um inibidor forte da CYP2D6, aumenta a concentração plasmática da risperidona, mas menos da fração antipsicótica ativa.",1,fonte1,manual,1.0
levofloxacino hemiidratado,varfarina,"A farmacocinética do levofloxacino não foi afetada em qualquer proporção clinicamente significante quando esta foi administrada concomitantemente às seguintes drogas: carbonato de cálcio, digoxina, glibenclamida, ranitidina e varfarina.",0,fonte1,manual,1.0
levofloxacino hemiidratado,digoxina,"A farmacocinética do levofloxacino não foi afetada em qualquer proporção clinicamente significante quando esta foi administrada concomitantemente às seguintes drogas: carbonato de cálcio, digoxina, glibenclamida, ranitidina e varfarina.",0,fonte1,manual,1.0
levofloxacino hemiidratado,glibenclamida,"A farmacocinética do levofloxacino não foi afetada em qualquer proporção clinicamente significante quando esta foi administrada concomitantemente às seguintes drogas: carbonato de cálcio, digoxina, glibenclamida, ranitidina e varfarina.",0,fonte1,manual,1.0
levofloxacino hemiidratado,ranitidina,"A farmacocinética do levofloxacino não foi afetada em qualquer proporção clinicamente significante quando esta foi administrada concomitantemente às seguintes drogas: carbonato de cálcio, digoxina, glibenclamida, ranitidina e varfarina.",0,fonte1,manual,1.0
celecoxibe,ciclosporina,"Entre os pacientes que receberam concomitantemente celecoxibe 200 mg, duas vezes ao dia, 48% foram considerados não responsivos ao lisinopril na visita clínica final (definido como pressão arterial diastólica medida com manguito > 90 mmHg ou pressão ar terial diastólica medida com manguito aumentada em > 10% em relação à linha de base), em comparação com 27% dos pacientes que receberam placebo concomitante; essa diferença foi estatisticamente significativa. - ciclosporina: Devido ao seu efeito sobre as p rostaglandinas renais, os AINEs podem aumentar o risco de nefrotoxicidade associada à ciclosporina. - fluconazol e cetoconazol: A administração concomitante de fluconazol, 200 mg/dia, resultou em um aumento de duas vezes a concentração plasmática de celeco xibe.",1,fonte1,manual,1.0
celecoxibe,cetoconazol,"Entre os pacientes que receberam concomitantemente celecoxibe 200 mg, duas vezes ao dia, 48% foram considerados não responsivos ao lisinopril na visita clínica final (definido como pressão arterial diastólica medida com manguito > 90 mmHg ou pressão ar terial diastólica medida com manguito aumentada em > 10% em relação à linha de base), em comparação com 27% dos pacientes que receberam placebo concomitante; essa diferença foi estatisticamente significativa. - ciclosporina: Devido ao seu efeito sobre as p rostaglandinas renais, os AINEs podem aumentar o risco de nefrotoxicidade associada à ciclosporina. - fluconazol e cetoconazol: A administração concomitante de fluconazol, 200 mg/dia, resultou em um aumento de duas vezes a concentração plasmática de celeco xibe.",1,fonte1,manual,1.0
celecoxibe,fluconazol,"Entre os pacientes que receberam concomitantemente celecoxibe 200 mg, duas vezes ao dia, 48% foram considerados não responsivos ao lisinopril na visita clínica final (definido como pressão arterial diastólica medida com manguito > 90 mmHg ou pressão ar terial diastólica medida com manguito aumentada em > 10% em relação à linha de base), em comparação com 27% dos pacientes que receberam placebo concomitante; essa diferença foi estatisticamente significativa. - ciclosporina: Devido ao seu efeito sobre as p rostaglandinas renais, os AINEs podem aumentar o risco de nefrotoxicidade associada à ciclosporina. - fluconazol e cetoconazol: A administração concomitante de fluconazol, 200 mg/dia, resultou em um aumento de duas vezes a concentração plasmática de celeco xibe.",1,fonte1,manual,1.0
celecoxibe,aines,"Entre os pacientes que receberam concomitantemente celecoxibe 200 mg, duas vezes ao dia, 48% foram considerados não responsivos ao lisinopril na visita clínica final (definido como pressão arterial diastólica medida com manguito > 90 mmHg ou pressão ar terial diastólica medida com manguito aumentada em > 10% em relação à linha de base), em comparação com 27% dos pacientes que receberam placebo concomitante; essa diferença foi estatisticamente significativa. - ciclosporina: Devido ao seu efeito sobre as p rostaglandinas renais, os AINEs podem aumentar o risco de nefrotoxicidade associada à ciclosporina. - fluconazol e cetoconazol: A administração concomitante de fluconazol, 200 mg/dia, resultou em um aumento de duas vezes a concentração plasmática de celeco xibe.",1,fonte1,manual,1.0
acetato de clormadinona etinilestradiol,ciclosporina,"Da mesma forma, as concentrações plasmáticas e nos tecidos podem ser aumentadas ou reduzidas. -inibindo as enzimas microssomais hepáticas, e consequentemente, elevando a concentração sérica das substâncias ativas como diazepam (e outros benzodiazepínicos metabolizados por hidroxilação), ciclosporina, teofilina e prednisolona. -induzindo a glucuronidação hepática, e consequentemente, reduzindo as concentrações séricas de, por exemplo, lamotrigina, clofibrato, paracetamol, morfina e lorazepam.",1,fonte1,manual,1.0
acetato de clormadinona etinilestradiol,paracetamol,"Da mesma forma, as concentrações plasmáticas e nos tecidos podem ser aumentadas ou reduzidas. -inibindo as enzimas microssomais hepáticas, e consequentemente, elevando a concentração sérica das substâncias ativas como diazepam (e outros benzodiazepínicos metabolizados por hidroxilação), ciclosporina, teofilina e prednisolona. -induzindo a glucuronidação hepática, e consequentemente, reduzindo as concentrações séricas de, por exemplo, lamotrigina, clofibrato, paracetamol, morfina e lorazepam.",1,fonte1,manual,1.0
acetato de clormadinona etinilestradiol,diazepam,"Da mesma forma, as concentrações plasmáticas e nos tecidos podem ser aumentadas ou reduzidas. -inibindo as enzimas microssomais hepáticas, e consequentemente, elevando a concentração sérica das substâncias ativas como diazepam (e outros benzodiazepínicos metabolizados por hidroxilação), ciclosporina, teofilina e prednisolona. -induzindo a glucuronidação hepática, e consequentemente, reduzindo as concentrações séricas de, por exemplo, lamotrigina, clofibrato, paracetamol, morfina e lorazepam.",1,fonte1,manual,1.0
acetato de clormadinona etinilestradiol,morfina,"Da mesma forma, as concentrações plasmáticas e nos tecidos podem ser aumentadas ou reduzidas. -inibindo as enzimas microssomais hepáticas, e consequentemente, elevando a concentração sérica das substâncias ativas como diazepam (e outros benzodiazepínicos metabolizados por hidroxilação), ciclosporina, teofilina e prednisolona. -induzindo a glucuronidação hepática, e consequentemente, reduzindo as concentrações séricas de, por exemplo, lamotrigina, clofibrato, paracetamol, morfina e lorazepam.",1,fonte1,manual,1.0
estradiol drospirenona,omeprazol,"Com base em estudos de interação in vivo, em voluntárias utilizando omeprazol, sinvastatina, ou midazolam como substratos marcadores, é improvável a interação clinicamente relevante da drospirenona na dose de 3 mg com o metabolismo de outros fármacos media do pelo citocromo P450. ➢ Interação farmacodinâmica com anti -hipertensivos e antiinflamatórios não -esteroidais (AINEs) Mulheres hipertensas que fazem uso de estradiol + drospirenona e medicação anti -hipertensiva, como por exemplo, inibidores da ECA, antagonistas dos receptores de angiotensina II e hidroclorotiazida, podem apresentar diminuição adicional na pressão arterial.",1,fonte1,manual,1.0
estradiol drospirenona,sinvastatina,"Com base em estudos de interação in vivo, em voluntárias utilizando omeprazol, sinvastatina, ou midazolam como substratos marcadores, é improvável a interação clinicamente relevante da drospirenona na dose de 3 mg com o metabolismo de outros fármacos media do pelo citocromo P450. ➢ Interação farmacodinâmica com anti -hipertensivos e antiinflamatórios não -esteroidais (AINEs) Mulheres hipertensas que fazem uso de estradiol + drospirenona e medicação anti -hipertensiva, como por exemplo, inibidores da ECA, antagonistas dos receptores de angiotensina II e hidroclorotiazida, podem apresentar diminuição adicional na pressão arterial.",1,fonte1,manual,1.0
estradiol drospirenona,hidroclorotiazida,"Com base em estudos de interação in vivo, em voluntárias utilizando omeprazol, sinvastatina, ou midazolam como substratos marcadores, é improvável a interação clinicamente relevante da drospirenona na dose de 3 mg com o metabolismo de outros fármacos media do pelo citocromo P450. ➢ Interação farmacodinâmica com anti -hipertensivos e antiinflamatórios não -esteroidais (AINEs) Mulheres hipertensas que fazem uso de estradiol + drospirenona e medicação anti -hipertensiva, como por exemplo, inibidores da ECA, antagonistas dos receptores de angiotensina II e hidroclorotiazida, podem apresentar diminuição adicional na pressão arterial.",1,fonte1,manual,1.0
estradiol drospirenona,aines,"Com base em estudos de interação in vivo, em voluntárias utilizando omeprazol, sinvastatina, ou midazolam como substratos marcadores, é improvável a interação clinicamente relevante da drospirenona na dose de 3 mg com o metabolismo de outros fármacos media do pelo citocromo P450. ➢ Interação farmacodinâmica com anti -hipertensivos e antiinflamatórios não -esteroidais (AINEs) Mulheres hipertensas que fazem uso de estradiol + drospirenona e medicação anti -hipertensiva, como por exemplo, inibidores da ECA, antagonistas dos receptores de angiotensina II e hidroclorotiazida, podem apresentar diminuição adicional na pressão arterial.",1,fonte1,manual,1.0
cloridrato de tiamina cloridrato de piridoxina cianocobalamina fosfato dissodico de dexametasona,carbamazepina,"INTERAÇÕES MEDICAMENTOSAS Com o fosfato de dexametasona Rifampicina, rifabutina, carbamazepina, fenobarbital, fenitoína, primidona e aminoglutetimida potenciam o metabolismo dos corticosteroides e os efeitos terapêuticos podem ser reduzidos.",1,fonte1,manual,1.0
cloridrato de tiamina cloridrato de piridoxina cianocobalamina fosfato dissodico de dexametasona,rifampicina,"INTERAÇÕES MEDICAMENTOSAS Com o fosfato de dexametasona Rifampicina, rifabutina, carbamazepina, fenobarbital, fenitoína, primidona e aminoglutetimida potenciam o metabolismo dos corticosteroides e os efeitos terapêuticos podem ser reduzidos.",1,fonte1,manual,1.0
cloridrato de tiamina cloridrato de piridoxina cianocobalamina fosfato dissodico de dexametasona,fenobarbital,"INTERAÇÕES MEDICAMENTOSAS Com o fosfato de dexametasona Rifampicina, rifabutina, carbamazepina, fenobarbital, fenitoína, primidona e aminoglutetimida potenciam o metabolismo dos corticosteroides e os efeitos terapêuticos podem ser reduzidos.",1,fonte1,manual,1.0
cloridrato de tiamina cloridrato de piridoxina cianocobalamina fosfato dissodico de dexametasona,corticosteroides,"INTERAÇÕES MEDICAMENTOSAS Com o fosfato de dexametasona Rifampicina, rifabutina, carbamazepina, fenobarbital, fenitoína, primidona e aminoglutetimida potenciam o metabolismo dos corticosteroides e os efeitos terapêuticos podem ser reduzidos.",1,fonte1,manual,1.0
drospirenona etinilestradiol,atorvastatina,"INTERAÇÕES MEDICAMENTOSAS Fármacos que reconhecidamente interagem com COCs incluem: - Indutores de enzimas hepáticas como rifampicina; - Fármacos antiepiléticos (DAEs), incluindo fenobarbital, fenitoína, primidona, carbamazepina, oxcarbazepina, topiramato e felbamato; - Fármacos que aumentam os parâmetros farmacocinéticos, incluindo atorvastatina (aumenta os valores da área sob a curva – ASC); - Antibacterianos/antifúngicos, incluindo ampicilina, tetraciclina e griseofulvina; modafinila; - Antirretrovirais (ritonavir); - E possivelmente, a fenilbutazona.",1,fonte1,manual,1.0
drospirenona etinilestradiol,carbamazepina,"INTERAÇÕES MEDICAMENTOSAS Fármacos que reconhecidamente interagem com COCs incluem: - Indutores de enzimas hepáticas como rifampicina; - Fármacos antiepiléticos (DAEs), incluindo fenobarbital, fenitoína, primidona, carbamazepina, oxcarbazepina, topiramato e felbamato; - Fármacos que aumentam os parâmetros farmacocinéticos, incluindo atorvastatina (aumenta os valores da área sob a curva – ASC); - Antibacterianos/antifúngicos, incluindo ampicilina, tetraciclina e griseofulvina; modafinila; - Antirretrovirais (ritonavir); - E possivelmente, a fenilbutazona.",1,fonte1,manual,1.0
drospirenona etinilestradiol,rifampicina,"INTERAÇÕES MEDICAMENTOSAS Fármacos que reconhecidamente interagem com COCs incluem: - Indutores de enzimas hepáticas como rifampicina; - Fármacos antiepiléticos (DAEs), incluindo fenobarbital, fenitoína, primidona, carbamazepina, oxcarbazepina, topiramato e felbamato; - Fármacos que aumentam os parâmetros farmacocinéticos, incluindo atorvastatina (aumenta os valores da área sob a curva – ASC); - Antibacterianos/antifúngicos, incluindo ampicilina, tetraciclina e griseofulvina; modafinila; - Antirretrovirais (ritonavir); - E possivelmente, a fenilbutazona.",1,fonte1,manual,1.0
drospirenona etinilestradiol,fenobarbital,"INTERAÇÕES MEDICAMENTOSAS Fármacos que reconhecidamente interagem com COCs incluem: - Indutores de enzimas hepáticas como rifampicina; - Fármacos antiepiléticos (DAEs), incluindo fenobarbital, fenitoína, primidona, carbamazepina, oxcarbazepina, topiramato e felbamato; - Fármacos que aumentam os parâmetros farmacocinéticos, incluindo atorvastatina (aumenta os valores da área sob a curva – ASC); - Antibacterianos/antifúngicos, incluindo ampicilina, tetraciclina e griseofulvina; modafinila; - Antirretrovirais (ritonavir); - E possivelmente, a fenilbutazona.",1,fonte1,manual,1.0
drospirenona etinilestradiol,ibuprofeno,"Pode ocorrer aumento do potássio sérico por interação da drospirenona com anti -inflamatórios não hormonais (ibuprofeno, naproxeno e outro s); diuréticos poupadores de potássio (espironolactona, amilorida, triantereno e outros ), suplementação dietética de potássio, inibidores da enzima conversora da angiotensina (enalapril, captopril, lisinopril e outros), antagonis tas do receptor da angioten sina-II (candesartana, losartana, valsartana e outros) e heparina.",1,fonte1,manual,1.0
drospirenona etinilestradiol,captopril,"Pode ocorrer aumento do potássio sérico por interação da drospirenona com anti -inflamatórios não hormonais (ibuprofeno, naproxeno e outro s); diuréticos poupadores de potássio (espironolactona, amilorida, triantereno e outros ), suplementação dietética de potássio, inibidores da enzima conversora da angiotensina (enalapril, captopril, lisinopril e outros), antagonis tas do receptor da angioten sina-II (candesartana, losartana, valsartana e outros) e heparina.",1,fonte1,manual,1.0
drospirenona etinilestradiol,losartana,"Pode ocorrer aumento do potássio sérico por interação da drospirenona com anti -inflamatórios não hormonais (ibuprofeno, naproxeno e outro s); diuréticos poupadores de potássio (espironolactona, amilorida, triantereno e outros ), suplementação dietética de potássio, inibidores da enzima conversora da angiotensina (enalapril, captopril, lisinopril e outros), antagonis tas do receptor da angioten sina-II (candesartana, losartana, valsartana e outros) e heparina.",1,fonte1,manual,1.0
drospirenona etinilestradiol,enalapril,"Pode ocorrer aumento do potássio sérico por interação da drospirenona com anti -inflamatórios não hormonais (ibuprofeno, naproxeno e outro s); diuréticos poupadores de potássio (espironolactona, amilorida, triantereno e outros ), suplementação dietética de potássio, inibidores da enzima conversora da angiotensina (enalapril, captopril, lisinopril e outros), antagonis tas do receptor da angioten sina-II (candesartana, losartana, valsartana e outros) e heparina.",1,fonte1,manual,1.0
montelucaste de sodio dicloridrato de levocetirizina,eritromicina,"Levocetirizina Não há estudos de interação com a levocetirizina, e resultados de estudos demonstraram que não houve interações medicamentosas clinicamente relevantes com uso concomitante do composto racêmico de cetirizina com pseudoefedrina, antipirina, cimetidina, cetoconazol, eritromicina, azitromicina, glipizida e diazepam.",0,fonte1,manual,1.0
montelucaste de sodio dicloridrato de levocetirizina,diazepam,"Levocetirizina Não há estudos de interação com a levocetirizina, e resultados de estudos demonstraram que não houve interações medicamentosas clinicamente relevantes com uso concomitante do composto racêmico de cetirizina com pseudoefedrina, antipirina, cimetidina, cetoconazol, eritromicina, azitromicina, glipizida e diazepam.",0,fonte1,manual,1.0
montelucaste de sodio dicloridrato de levocetirizina,cetoconazol,"Levocetirizina Não há estudos de interação com a levocetirizina, e resultados de estudos demonstraram que não houve interações medicamentosas clinicamente relevantes com uso concomitante do composto racêmico de cetirizina com pseudoefedrina, antipirina, cimetidina, cetoconazol, eritromicina, azitromicina, glipizida e diazepam.",0,fonte1,manual,1.0
montelucaste de sodio dicloridrato de levocetirizina,cimetidina,"Levocetirizina Não há estudos de interação com a levocetirizina, e resultados de estudos demonstraram que não houve interações medicamentosas clinicamente relevantes com uso concomitante do composto racêmico de cetirizina com pseudoefedrina, antipirina, cimetidina, cetoconazol, eritromicina, azitromicina, glipizida e diazepam.",0,fonte1,manual,1.0
divalproato de sodio,diazepam,"Deve -se considerar a diminuição da dose de amitriptilina/nortriptilina na presença de valproato. carbamazepina (CBZ)/carbamazepina -10,11 -epóxido (CBZ -E): os níveis séricos de CBZ diminuíram 17% enquanto os de CBZ -E aumentaram em torno de 45% na coadministração de valproato e CBZ em pacientes epilépticos. clonazepam: o uso concomitante de ácido valproico e de clona zepam pode induzir estado de ausência em pacientes com história desse tipo de crises convulsivas. diazepam: o valproato desloca o diazepam de seus locais de ligação à albumina plasmática e inibe seu metabolismo.",1,fonte1,manual,1.0
divalproato de sodio,clonazepam,"Deve -se considerar a diminuição da dose de amitriptilina/nortriptilina na presença de valproato. carbamazepina (CBZ)/carbamazepina -10,11 -epóxido (CBZ -E): os níveis séricos de CBZ diminuíram 17% enquanto os de CBZ -E aumentaram em torno de 45% na coadministração de valproato e CBZ em pacientes epilépticos. clonazepam: o uso concomitante de ácido valproico e de clona zepam pode induzir estado de ausência em pacientes com história desse tipo de crises convulsivas. diazepam: o valproato desloca o diazepam de seus locais de ligação à albumina plasmática e inibe seu metabolismo.",1,fonte1,manual,1.0
divalproato de sodio,carbamazepina,"Deve -se considerar a diminuição da dose de amitriptilina/nortriptilina na presença de valproato. carbamazepina (CBZ)/carbamazepina -10,11 -epóxido (CBZ -E): os níveis séricos de CBZ diminuíram 17% enquanto os de CBZ -E aumentaram em torno de 45% na coadministração de valproato e CBZ em pacientes epilépticos. clonazepam: o uso concomitante de ácido valproico e de clona zepam pode induzir estado de ausência em pacientes com história desse tipo de crises convulsivas. diazepam: o valproato desloca o diazepam de seus locais de ligação à albumina plasmática e inibe seu metabolismo.",1,fonte1,manual,1.0
divalproato de sodio,valproico,"Deve -se considerar a diminuição da dose de amitriptilina/nortriptilina na presença de valproato. carbamazepina (CBZ)/carbamazepina -10,11 -epóxido (CBZ -E): os níveis séricos de CBZ diminuíram 17% enquanto os de CBZ -E aumentaram em torno de 45% na coadministração de valproato e CBZ em pacientes epilépticos. clonazepam: o uso concomitante de ácido valproico e de clona zepam pode induzir estado de ausência em pacientes com história desse tipo de crises convulsivas. diazepam: o valproato desloca o diazepam de seus locais de ligação à albumina plasmática e inibe seu metabolismo.",1,fonte1,manual,1.0
levetiracetam,probenecida,"O efeito do levetiracetam sobre o probenecida não foi estudado e o efeito de levetiracetam sobre outros medicamentos secretados ativamente, exemplo, AINEs, sulfonamidas e metotrexato é desconhecido. - Contraceptivos orais e outras interações farmacocinéticas Levetiracetam 1000 mg por dia não influenciou a farmacocinética dos contraceptivos orais (etinilestradiol e levonorgestrel); os parâmetros endócrinos (hormônio luteinizante e progesterona) não sofreram alteração.",0,fonte1,manual,1.0
levetiracetam,metotrexato,"O efeito do levetiracetam sobre o probenecida não foi estudado e o efeito de levetiracetam sobre outros medicamentos secretados ativamente, exemplo, AINEs, sulfonamidas e metotrexato é desconhecido. - Contraceptivos orais e outras interações farmacocinéticas Levetiracetam 1000 mg por dia não influenciou a farmacocinética dos contraceptivos orais (etinilestradiol e levonorgestrel); os parâmetros endócrinos (hormônio luteinizante e progesterona) não sofreram alteração.",0,fonte1,manual,1.0
levetiracetam,contraceptivos,"O efeito do levetiracetam sobre o probenecida não foi estudado e o efeito de levetiracetam sobre outros medicamentos secretados ativamente, exemplo, AINEs, sulfonamidas e metotrexato é desconhecido. - Contraceptivos orais e outras interações farmacocinéticas Levetiracetam 1000 mg por dia não influenciou a farmacocinética dos contraceptivos orais (etinilestradiol e levonorgestrel); os parâmetros endócrinos (hormônio luteinizante e progesterona) não sofreram alteração.",0,fonte1,manual,1.0
levetiracetam,aines,"O efeito do levetiracetam sobre o probenecida não foi estudado e o efeito de levetiracetam sobre outros medicamentos secretados ativamente, exemplo, AINEs, sulfonamidas e metotrexato é desconhecido. - Contraceptivos orais e outras interações farmacocinéticas Levetiracetam 1000 mg por dia não influenciou a farmacocinética dos contraceptivos orais (etinilestradiol e levonorgestrel); os parâmetros endócrinos (hormônio luteinizante e progesterona) não sofreram alteração.",0,fonte1,manual,1.0
acido acetilsalicilico,ibuprofeno,"Combinações que requerem precauções para o uso:  metotrexato em doses inferiores a 15 mg/semana: aumento da toxicidade hematológica do metotrexato (diminuição da depuração renal do metotrexato por agentes anti-inflamatórios em geral e deslocamento do metotrexato de sua ligação na proteína plasmática pelos salicilatos). dipirona e anti-inflamatórios não-esteroidais (AINEs): a administração simultânea (mesmo dia) de dipirona e alguns AINEs, como ibuprofeno e naproxeno, podem atenuar a inibição plaquetária irreversível induzida pelo ácido acetilsalicílico.",1,fonte1,manual,1.0
acido acetilsalicilico,dipirona,"Combinações que requerem precauções para o uso:  metotrexato em doses inferiores a 15 mg/semana: aumento da toxicidade hematológica do metotrexato (diminuição da depuração renal do metotrexato por agentes anti-inflamatórios em geral e deslocamento do metotrexato de sua ligação na proteína plasmática pelos salicilatos). dipirona e anti-inflamatórios não-esteroidais (AINEs): a administração simultânea (mesmo dia) de dipirona e alguns AINEs, como ibuprofeno e naproxeno, podem atenuar a inibição plaquetária irreversível induzida pelo ácido acetilsalicílico.",1,fonte1,manual,1.0
acido acetilsalicilico,metotrexato,"Combinações que requerem precauções para o uso:  metotrexato em doses inferiores a 15 mg/semana: aumento da toxicidade hematológica do metotrexato (diminuição da depuração renal do metotrexato por agentes anti-inflamatórios em geral e deslocamento do metotrexato de sua ligação na proteína plasmática pelos salicilatos). dipirona e anti-inflamatórios não-esteroidais (AINEs): a administração simultânea (mesmo dia) de dipirona e alguns AINEs, como ibuprofeno e naproxeno, podem atenuar a inibição plaquetária irreversível induzida pelo ácido acetilsalicílico.",1,fonte1,manual,1.0
acido acetilsalicilico,aines,"Combinações que requerem precauções para o uso:  metotrexato em doses inferiores a 15 mg/semana: aumento da toxicidade hematológica do metotrexato (diminuição da depuração renal do metotrexato por agentes anti-inflamatórios em geral e deslocamento do metotrexato de sua ligação na proteína plasmática pelos salicilatos). dipirona e anti-inflamatórios não-esteroidais (AINEs): a administração simultânea (mesmo dia) de dipirona e alguns AINEs, como ibuprofeno e naproxeno, podem atenuar a inibição plaquetária irreversível induzida pelo ácido acetilsalicílico.",1,fonte1,manual,1.0
acido acetilsalicilico,digoxina,"Advertências e Precauções”).  anticoagulantes, trombolíticos/ outros inibidores da agregação plaquetária /hemostase: aumento do risco de sangramento.  anti-inflamatórios não-esteroidais com salicilatos: aumento do risco de úlceras e sangramento gastrintestinal devido ao efeito sinérgico.  inibidores seletivos da recaptação de serotonina (ISRSs): aumento do risco de sangramento gastrintestinal superior possivelmente em razão do efeito sinérgico.  digoxina: aumento das concentrações plasmáticas de digoxina em função da diminuição da excreção renal.  antidiabéticos, por exemplo, insulina e sulfonilureias em combinação com doses elevadas de ácido acetilsalicílico: aumento do efeito hipoglicêmico em altas doses do ácido acetilsalicílico por ação hipoglicêmica do ácido acetilsalicílico e deslocamento da sulfonilureia de sua ligação nas proteínas plasmáticas.  diuréticos em combinação com ácido acetilsalicílico em altas doses: diminuição da filtração glomerular por diminuição da síntese renal de prostaglandina.  glicocorticoides sistêmicos, exceto hidrocortisona usada como terapia de reposição na doença de Addison: diminuição dos níveis de salicilato plasmático durante o tratamento com corticosteroides e risco de superdose de salicilato após interrupção do tratamento, devido ao aumento da eliminação de salicilatos pelos corticosteroides.",1,fonte1,manual,1.0
acido acetilsalicilico,insulina,"Advertências e Precauções”).  anticoagulantes, trombolíticos/ outros inibidores da agregação plaquetária /hemostase: aumento do risco de sangramento.  anti-inflamatórios não-esteroidais com salicilatos: aumento do risco de úlceras e sangramento gastrintestinal devido ao efeito sinérgico.  inibidores seletivos da recaptação de serotonina (ISRSs): aumento do risco de sangramento gastrintestinal superior possivelmente em razão do efeito sinérgico.  digoxina: aumento das concentrações plasmáticas de digoxina em função da diminuição da excreção renal.  antidiabéticos, por exemplo, insulina e sulfonilureias em combinação com doses elevadas de ácido acetilsalicílico: aumento do efeito hipoglicêmico em altas doses do ácido acetilsalicílico por ação hipoglicêmica do ácido acetilsalicílico e deslocamento da sulfonilureia de sua ligação nas proteínas plasmáticas.  diuréticos em combinação com ácido acetilsalicílico em altas doses: diminuição da filtração glomerular por diminuição da síntese renal de prostaglandina.  glicocorticoides sistêmicos, exceto hidrocortisona usada como terapia de reposição na doença de Addison: diminuição dos níveis de salicilato plasmático durante o tratamento com corticosteroides e risco de superdose de salicilato após interrupção do tratamento, devido ao aumento da eliminação de salicilatos pelos corticosteroides.",1,fonte1,manual,1.0
acido acetilsalicilico,anticoagulantes,"Advertências e Precauções”).  anticoagulantes, trombolíticos/ outros inibidores da agregação plaquetária /hemostase: aumento do risco de sangramento.  anti-inflamatórios não-esteroidais com salicilatos: aumento do risco de úlceras e sangramento gastrintestinal devido ao efeito sinérgico.  inibidores seletivos da recaptação de serotonina (ISRSs): aumento do risco de sangramento gastrintestinal superior possivelmente em razão do efeito sinérgico.  digoxina: aumento das concentrações plasmáticas de digoxina em função da diminuição da excreção renal.  antidiabéticos, por exemplo, insulina e sulfonilureias em combinação com doses elevadas de ácido acetilsalicílico: aumento do efeito hipoglicêmico em altas doses do ácido acetilsalicílico por ação hipoglicêmica do ácido acetilsalicílico e deslocamento da sulfonilureia de sua ligação nas proteínas plasmáticas.  diuréticos em combinação com ácido acetilsalicílico em altas doses: diminuição da filtração glomerular por diminuição da síntese renal de prostaglandina.  glicocorticoides sistêmicos, exceto hidrocortisona usada como terapia de reposição na doença de Addison: diminuição dos níveis de salicilato plasmático durante o tratamento com corticosteroides e risco de superdose de salicilato após interrupção do tratamento, devido ao aumento da eliminação de salicilatos pelos corticosteroides.",1,fonte1,manual,1.0
acido acetilsalicilico,corticosteroides,"Advertências e Precauções”).  anticoagulantes, trombolíticos/ outros inibidores da agregação plaquetária /hemostase: aumento do risco de sangramento.  anti-inflamatórios não-esteroidais com salicilatos: aumento do risco de úlceras e sangramento gastrintestinal devido ao efeito sinérgico.  inibidores seletivos da recaptação de serotonina (ISRSs): aumento do risco de sangramento gastrintestinal superior possivelmente em razão do efeito sinérgico.  digoxina: aumento das concentrações plasmáticas de digoxina em função da diminuição da excreção renal.  antidiabéticos, por exemplo, insulina e sulfonilureias em combinação com doses elevadas de ácido acetilsalicílico: aumento do efeito hipoglicêmico em altas doses do ácido acetilsalicílico por ação hipoglicêmica do ácido acetilsalicílico e deslocamento da sulfonilureia de sua ligação nas proteínas plasmáticas.  diuréticos em combinação com ácido acetilsalicílico em altas doses: diminuição da filtração glomerular por diminuição da síntese renal de prostaglandina.  glicocorticoides sistêmicos, exceto hidrocortisona usada como terapia de reposição na doença de Addison: diminuição dos níveis de salicilato plasmático durante o tratamento com corticosteroides e risco de superdose de salicilato após interrupção do tratamento, devido ao aumento da eliminação de salicilatos pelos corticosteroides.",1,fonte1,manual,1.0
dozi,ibuprofeno,"INTERAÇÕES MEDICAMENTOSAS Medicamentos como antibióticos (penicilina, cefalexina, ciprofloxacina, sulfasalazina , aminoglicosídeos), metformina, óxido nitroso, inibidores da bomba de prótons, antagonistas de receptores H2, colchicina, anti -inflamatórios não esteroidais (AINEs) (ibuprofeno, ácido aminossalicílico) diminuem a absorção de mecobalamina.",1,fonte1,manual,1.0
dozi,metformina,"INTERAÇÕES MEDICAMENTOSAS Medicamentos como antibióticos (penicilina, cefalexina, ciprofloxacina, sulfasalazina , aminoglicosídeos), metformina, óxido nitroso, inibidores da bomba de prótons, antagonistas de receptores H2, colchicina, anti -inflamatórios não esteroidais (AINEs) (ibuprofeno, ácido aminossalicílico) diminuem a absorção de mecobalamina.",1,fonte1,manual,1.0
dozi,colchicina,"INTERAÇÕES MEDICAMENTOSAS Medicamentos como antibióticos (penicilina, cefalexina, ciprofloxacina, sulfasalazina , aminoglicosídeos), metformina, óxido nitroso, inibidores da bomba de prótons, antagonistas de receptores H2, colchicina, anti -inflamatórios não esteroidais (AINEs) (ibuprofeno, ácido aminossalicílico) diminuem a absorção de mecobalamina.",1,fonte1,manual,1.0
dozi,aines,"INTERAÇÕES MEDICAMENTOSAS Medicamentos como antibióticos (penicilina, cefalexina, ciprofloxacina, sulfasalazina , aminoglicosídeos), metformina, óxido nitroso, inibidores da bomba de prótons, antagonistas de receptores H2, colchicina, anti -inflamatórios não esteroidais (AINEs) (ibuprofeno, ácido aminossalicílico) diminuem a absorção de mecobalamina.",1,fonte1,manual,1.0
mec 12,ibuprofeno,"Medicamentos como antibióticos (penicilina, cefalexina, ciprofloxacina, sulfasalazina, aminoglicosídeos), metformina, óxido nitroso, inibidores da bomba de prótons, antagonistas de receptores H2, colchicina, anti -inflamatórios não esteroidais (AINEs) (ibuprofeno, ácido aminossalicílico) diminuem a absorção de mecobalamina.",1,fonte1,manual,1.0
mec 12,metformina,"Medicamentos como antibióticos (penicilina, cefalexina, ciprofloxacina, sulfasalazina, aminoglicosídeos), metformina, óxido nitroso, inibidores da bomba de prótons, antagonistas de receptores H2, colchicina, anti -inflamatórios não esteroidais (AINEs) (ibuprofeno, ácido aminossalicílico) diminuem a absorção de mecobalamina.",1,fonte1,manual,1.0
mec 12,colchicina,"Medicamentos como antibióticos (penicilina, cefalexina, ciprofloxacina, sulfasalazina, aminoglicosídeos), metformina, óxido nitroso, inibidores da bomba de prótons, antagonistas de receptores H2, colchicina, anti -inflamatórios não esteroidais (AINEs) (ibuprofeno, ácido aminossalicílico) diminuem a absorção de mecobalamina.",1,fonte1,manual,1.0
mec 12,aines,"Medicamentos como antibióticos (penicilina, cefalexina, ciprofloxacina, sulfasalazina, aminoglicosídeos), metformina, óxido nitroso, inibidores da bomba de prótons, antagonistas de receptores H2, colchicina, anti -inflamatórios não esteroidais (AINEs) (ibuprofeno, ácido aminossalicílico) diminuem a absorção de mecobalamina.",1,fonte1,manual,1.0
topiramato,carbamazepina,"Os resultados destas interações estão resumidos na tabela a seguir: AED coadministrada Concentração da AE D Concentração de topiramato fenitoína ** Carbamazepina (CBZ) ácido valproico lamotrigina fenobarbital NE primidona NE = sem efeito sobre as concentrações plasmáticas (alteração 15%) ** = concentrações plasmáticas aumentadas em alguns pacientes NE = não estudado AED = droga antiepiléptica - Outras interações medicamentosas digoxina: Em um estudo de dose única, a administração concomitante de topiramato provocou uma redução de 12% na área sob a curva de concentração plasmática (ASC) da digoxina.",1,fonte1,manual,1.0
topiramato,digoxina,"Os resultados destas interações estão resumidos na tabela a seguir: AED coadministrada Concentração da AE D Concentração de topiramato fenitoína ** Carbamazepina (CBZ) ácido valproico lamotrigina fenobarbital NE primidona NE = sem efeito sobre as concentrações plasmáticas (alteração 15%) ** = concentrações plasmáticas aumentadas em alguns pacientes NE = não estudado AED = droga antiepiléptica - Outras interações medicamentosas digoxina: Em um estudo de dose única, a administração concomitante de topiramato provocou uma redução de 12% na área sob a curva de concentração plasmática (ASC) da digoxina.",1,fonte1,manual,1.0
topiramato,fenobarbital,"Os resultados destas interações estão resumidos na tabela a seguir: AED coadministrada Concentração da AE D Concentração de topiramato fenitoína ** Carbamazepina (CBZ) ácido valproico lamotrigina fenobarbital NE primidona NE = sem efeito sobre as concentrações plasmáticas (alteração 15%) ** = concentrações plasmáticas aumentadas em alguns pacientes NE = não estudado AED = droga antiepiléptica - Outras interações medicamentosas digoxina: Em um estudo de dose única, a administração concomitante de topiramato provocou uma redução de 12% na área sob a curva de concentração plasmática (ASC) da digoxina.",1,fonte1,manual,1.0
topiramato,valproico,"Os resultados destas interações estão resumidos na tabela a seguir: AED coadministrada Concentração da AE D Concentração de topiramato fenitoína ** Carbamazepina (CBZ) ácido valproico lamotrigina fenobarbital NE primidona NE = sem efeito sobre as concentrações plasmáticas (alteração 15%) ** = concentrações plasmáticas aumentadas em alguns pacientes NE = não estudado AED = droga antiepiléptica - Outras interações medicamentosas digoxina: Em um estudo de dose única, a administração concomitante de topiramato provocou uma redução de 12% na área sob a curva de concentração plasmática (ASC) da digoxina.",1,fonte1,manual,1.0
levofloxacino,varfarina,"A farmacocinética do levofloxacino não foi afetada em qualquer proporção clinicamente significante quando esta foi administrada concomitantemente às seguintes drogas: carbonato de cálcio, digoxina, glibenclamida, ranitidina e varfarina.",0,fonte1,manual,1.0
levofloxacino,digoxina,"A farmacocinética do levofloxacino não foi afetada em qualquer proporção clinicamente significante quando esta foi administrada concomitantemente às seguintes drogas: carbonato de cálcio, digoxina, glibenclamida, ranitidina e varfarina.",0,fonte1,manual,1.0
levofloxacino,glibenclamida,"A farmacocinética do levofloxacino não foi afetada em qualquer proporção clinicamente significante quando esta foi administrada concomitantemente às seguintes drogas: carbonato de cálcio, digoxina, glibenclamida, ranitidina e varfarina.",0,fonte1,manual,1.0
levofloxacino,ranitidina,"A farmacocinética do levofloxacino não foi afetada em qualquer proporção clinicamente significante quando esta foi administrada concomitantemente às seguintes drogas: carbonato de cálcio, digoxina, glibenclamida, ranitidina e varfarina.",0,fonte1,manual,1.0
cloridrato de donepezila,sertralina,"O metabolis mo do cloridrato de donepezila não é alterado pela administração concomitante de digoxina, cimetidina, tioridazina, risperidona e sertralina.",0,fonte1,manual,1.0
cloridrato de donepezila,digoxina,"O metabolis mo do cloridrato de donepezila não é alterado pela administração concomitante de digoxina, cimetidina, tioridazina, risperidona e sertralina.",0,fonte1,manual,1.0
cloridrato de donepezila,risperidona,"O metabolis mo do cloridrato de donepezila não é alterado pela administração concomitante de digoxina, cimetidina, tioridazina, risperidona e sertralina.",0,fonte1,manual,1.0
cloridrato de donepezila,cimetidina,"O metabolis mo do cloridrato de donepezila não é alterado pela administração concomitante de digoxina, cimetidina, tioridazina, risperidona e sertralina.",0,fonte1,manual,1.0
atorvastatina calcica,ciclosporina,"INTERAÇÕES MEDICAMENTOSAS O risco de miopa tia durante o tratamento com inibidores da HMG -CoA redutase se apresenta aumentado com a administração concomitante de ciclosporina, fibratos, niacina em dose s que alteram o perfil lipídico ou inibidores d e citocromo P450 3A4/transportadores, (por exemplo, eritromicina e antifúngicos azólicos) (vide a seguir e nos itens 8.",1,fonte1,manual,1.0
atorvastatina calcica,eritromicina,"INTERAÇÕES MEDICAMENTOSAS O risco de miopa tia durante o tratamento com inibidores da HMG -CoA redutase se apresenta aumentado com a administração concomitante de ciclosporina, fibratos, niacina em dose s que alteram o perfil lipídico ou inibidores d e citocromo P450 3A4/transportadores, (por exemplo, eritromicina e antifúngicos azólicos) (vide a seguir e nos itens 8.",1,fonte1,manual,1.0
atorvastatina calcica,niacina,"INTERAÇÕES MEDICAMENTOSAS O risco de miopa tia durante o tratamento com inibidores da HMG -CoA redutase se apresenta aumentado com a administração concomitante de ciclosporina, fibratos, niacina em dose s que alteram o perfil lipídico ou inibidores d e citocromo P450 3A4/transportadores, (por exemplo, eritromicina e antifúngicos azólicos) (vide a seguir e nos itens 8.",1,fonte1,manual,1.0
atorvastatina calcica,fibratos,"INTERAÇÕES MEDICAMENTOSAS O risco de miopa tia durante o tratamento com inibidores da HMG -CoA redutase se apresenta aumentado com a administração concomitante de ciclosporina, fibratos, niacina em dose s que alteram o perfil lipídico ou inibidores d e citocromo P450 3A4/transportadores, (por exemplo, eritromicina e antifúngicos azólicos) (vide a seguir e nos itens 8.",1,fonte1,manual,1.0
besilato de anlodipino,varfarina,"Dados in vitro de estudos com plasma humano indicam que o anlodipino não afeta a ligação às proteínas dos fármacos testados (digoxina, fenitoína, varfarina ou indometacina). sinvastatina: a coadministração de múltiplas doses de 10 mg de anlodipino com 80 mg de sinvastatina resultou em um aumento de 77% na exposição à sinvastatina em comparação com a sinvastatina isolada.",1,fonte1,manual,1.0
besilato de anlodipino,sinvastatina,"Dados in vitro de estudos com plasma humano indicam que o anlodipino não afeta a ligação às proteínas dos fármacos testados (digoxina, fenitoína, varfarina ou indometacina). sinvastatina: a coadministração de múltiplas doses de 10 mg de anlodipino com 80 mg de sinvastatina resultou em um aumento de 77% na exposição à sinvastatina em comparação com a sinvastatina isolada.",1,fonte1,manual,1.0
besilato de anlodipino,digoxina,"Dados in vitro de estudos com plasma humano indicam que o anlodipino não afeta a ligação às proteínas dos fármacos testados (digoxina, fenitoína, varfarina ou indometacina). sinvastatina: a coadministração de múltiplas doses de 10 mg de anlodipino com 80 mg de sinvastatina resultou em um aumento de 77% na exposição à sinvastatina em comparação com a sinvastatina isolada.",1,fonte1,manual,1.0
besilato de anlodipino,anlodipino,"Dados in vitro de estudos com plasma humano indicam que o anlodipino não afeta a ligação às proteínas dos fármacos testados (digoxina, fenitoína, varfarina ou indometacina). sinvastatina: a coadministração de múltiplas doses de 10 mg de anlodipino com 80 mg de sinvastatina resultou em um aumento de 77% na exposição à sinvastatina em comparação com a sinvastatina isolada.",1,fonte1,manual,1.0
besilato de anlodipino,cetoconazol,"Inibidores fortes de CYP3A4 (por ex. cetoconazol, itraconazol, ritonavir) podem aumentar as concentrações plasmáticas do anlodipino por uma extensão superior ao diltiazem.",1,fonte1,manual,1.0
besilato de anlodipino,itraconazol,"Inibidores fortes de CYP3A4 (por ex. cetoconazol, itraconazol, ritonavir) podem aumentar as concentrações plasmáticas do anlodipino por uma extensão superior ao diltiazem.",1,fonte1,manual,1.0
besilato de anlodipino,anlodipino,"Inibidores fortes de CYP3A4 (por ex. cetoconazol, itraconazol, ritonavir) podem aumentar as concentrações plasmáticas do anlodipino por uma extensão superior ao diltiazem.",1,fonte1,manual,1.0
besilato de anlodipino,diltiazem,"Inibidores fortes de CYP3A4 (por ex. cetoconazol, itraconazol, ritonavir) podem aumentar as concentrações plasmáticas do anlodipino por uma extensão superior ao diltiazem.",1,fonte1,manual,1.0
valsartana anlodipino,cetoconazol,"Entretanto, os inibidores fortes da CYP3A4 (por ex.: cetoconazol, itraconazol e ritonavir) podem aumentar as concentr ações plasmáticas de anlodipino para valsartana 160 mg + anlodipino 5 mg - VPS08 uma extensão maior que diltiazem.",1,fonte1,manual,1.0
valsartana anlodipino,itraconazol,"Entretanto, os inibidores fortes da CYP3A4 (por ex.: cetoconazol, itraconazol e ritonavir) podem aumentar as concentr ações plasmáticas de anlodipino para valsartana 160 mg + anlodipino 5 mg - VPS08 uma extensão maior que diltiazem.",1,fonte1,manual,1.0
valsartana anlodipino,anlodipino,"Entretanto, os inibidores fortes da CYP3A4 (por ex.: cetoconazol, itraconazol e ritonavir) podem aumentar as concentr ações plasmáticas de anlodipino para valsartana 160 mg + anlodipino 5 mg - VPS08 uma extensão maior que diltiazem.",1,fonte1,manual,1.0
valsartana anlodipino,diltiazem,"Entretanto, os inibidores fortes da CYP3A4 (por ex.: cetoconazol, itraconazol e ritonavir) podem aumentar as concentr ações plasmáticas de anlodipino para valsartana 160 mg + anlodipino 5 mg - VPS08 uma extensão maior que diltiazem.",1,fonte1,manual,1.0
valsartana anlodipino,varfarina,"Em monoterapia, o anlodipino é segurament e administrado com diuréticos tiazídico s, betabloqueadores, inibidores da enzima conversora de angiotensina, nitratos de longa ação, nitroglicerinas sublinguais, digoxina, varfarina, atorvastatina, sildenafila, maalox ® (hidróxido de alumínio gel, hidróxido de ma gnésio e simeticona), c imetidina, medi camentos anti- inflamatórios não-esteroidais, antibiótico s e medicamentos hipoglicemiantes orais. valsartana Duplo bloqueio do Sistema Renina-Angiotensina (SRA) com BRAs, IECAs ou alisquireno: o uso concomitante de BRAs, incluindo valsartana, com outros medicamentos que agem no SRA é associado com o aumento da incidência de hipotensão, hipercalemia e alterações na função renal em comparação com à monoterapia.",1,fonte1,manual,1.0
valsartana anlodipino,atorvastatina,"Em monoterapia, o anlodipino é segurament e administrado com diuréticos tiazídico s, betabloqueadores, inibidores da enzima conversora de angiotensina, nitratos de longa ação, nitroglicerinas sublinguais, digoxina, varfarina, atorvastatina, sildenafila, maalox ® (hidróxido de alumínio gel, hidróxido de ma gnésio e simeticona), c imetidina, medi camentos anti- inflamatórios não-esteroidais, antibiótico s e medicamentos hipoglicemiantes orais. valsartana Duplo bloqueio do Sistema Renina-Angiotensina (SRA) com BRAs, IECAs ou alisquireno: o uso concomitante de BRAs, incluindo valsartana, com outros medicamentos que agem no SRA é associado com o aumento da incidência de hipotensão, hipercalemia e alterações na função renal em comparação com à monoterapia.",1,fonte1,manual,1.0
valsartana anlodipino,digoxina,"Em monoterapia, o anlodipino é segurament e administrado com diuréticos tiazídico s, betabloqueadores, inibidores da enzima conversora de angiotensina, nitratos de longa ação, nitroglicerinas sublinguais, digoxina, varfarina, atorvastatina, sildenafila, maalox ® (hidróxido de alumínio gel, hidróxido de ma gnésio e simeticona), c imetidina, medi camentos anti- inflamatórios não-esteroidais, antibiótico s e medicamentos hipoglicemiantes orais. valsartana Duplo bloqueio do Sistema Renina-Angiotensina (SRA) com BRAs, IECAs ou alisquireno: o uso concomitante de BRAs, incluindo valsartana, com outros medicamentos que agem no SRA é associado com o aumento da incidência de hipotensão, hipercalemia e alterações na função renal em comparação com à monoterapia.",1,fonte1,manual,1.0
valsartana anlodipino,anlodipino,"Em monoterapia, o anlodipino é segurament e administrado com diuréticos tiazídico s, betabloqueadores, inibidores da enzima conversora de angiotensina, nitratos de longa ação, nitroglicerinas sublinguais, digoxina, varfarina, atorvastatina, sildenafila, maalox ® (hidróxido de alumínio gel, hidróxido de ma gnésio e simeticona), c imetidina, medi camentos anti- inflamatórios não-esteroidais, antibiótico s e medicamentos hipoglicemiantes orais. valsartana Duplo bloqueio do Sistema Renina-Angiotensina (SRA) com BRAs, IECAs ou alisquireno: o uso concomitante de BRAs, incluindo valsartana, com outros medicamentos que agem no SRA é associado com o aumento da incidência de hipotensão, hipercalemia e alterações na função renal em comparação com à monoterapia.",1,fonte1,manual,1.0
cloridrato de memantina,hidroclorotiazida,"Os efeitos dos seguintes medicamentos, principalmente, podem ser alterados pelo cloridrato de memantina e o seu médico poderá achar necessário ajustar as respectivas doses: -Amantadina, quetamina, dextrometorfano -Dantroleno, baclofeno -Cimetidina, ranitidina, procainamida, quinidina, quinina, nicotina -Hidroclorotiazida (ou qualquer outra combinação com hidroclorotiazida) -Anticolinérgicos (geralmente utilizados para tratar perturbações do movimento ou cólicas intestinais) -Anticonvulsivantes (utilizados para evitar ou atenuar convulsões) -Barbitúricos (utilizados geralmente para induzir o sono) -Agonistas dopaminérgicos (como L -dopa, bromocriptina) -Neurolépticos (utilizados no tratamento da esquizofrenia e alguns como estabilizadores do humor) -Anticoagulantes orais Se for hospitalizado, informe o seu médico de que está utilizando cloridrato de memantina .",1,fonte1,manual,1.0
cloridrato de memantina,cimetidina,"Os efeitos dos seguintes medicamentos, principalmente, podem ser alterados pelo cloridrato de memantina e o seu médico poderá achar necessário ajustar as respectivas doses: -Amantadina, quetamina, dextrometorfano -Dantroleno, baclofeno -Cimetidina, ranitidina, procainamida, quinidina, quinina, nicotina -Hidroclorotiazida (ou qualquer outra combinação com hidroclorotiazida) -Anticolinérgicos (geralmente utilizados para tratar perturbações do movimento ou cólicas intestinais) -Anticonvulsivantes (utilizados para evitar ou atenuar convulsões) -Barbitúricos (utilizados geralmente para induzir o sono) -Agonistas dopaminérgicos (como L -dopa, bromocriptina) -Neurolépticos (utilizados no tratamento da esquizofrenia e alguns como estabilizadores do humor) -Anticoagulantes orais Se for hospitalizado, informe o seu médico de que está utilizando cloridrato de memantina .",1,fonte1,manual,1.0
cloridrato de memantina,ranitidina,"Os efeitos dos seguintes medicamentos, principalmente, podem ser alterados pelo cloridrato de memantina e o seu médico poderá achar necessário ajustar as respectivas doses: -Amantadina, quetamina, dextrometorfano -Dantroleno, baclofeno -Cimetidina, ranitidina, procainamida, quinidina, quinina, nicotina -Hidroclorotiazida (ou qualquer outra combinação com hidroclorotiazida) -Anticolinérgicos (geralmente utilizados para tratar perturbações do movimento ou cólicas intestinais) -Anticonvulsivantes (utilizados para evitar ou atenuar convulsões) -Barbitúricos (utilizados geralmente para induzir o sono) -Agonistas dopaminérgicos (como L -dopa, bromocriptina) -Neurolépticos (utilizados no tratamento da esquizofrenia e alguns como estabilizadores do humor) -Anticoagulantes orais Se for hospitalizado, informe o seu médico de que está utilizando cloridrato de memantina .",1,fonte1,manual,1.0
cloridrato de memantina,anticoagulantes,"Os efeitos dos seguintes medicamentos, principalmente, podem ser alterados pelo cloridrato de memantina e o seu médico poderá achar necessário ajustar as respectivas doses: -Amantadina, quetamina, dextrometorfano -Dantroleno, baclofeno -Cimetidina, ranitidina, procainamida, quinidina, quinina, nicotina -Hidroclorotiazida (ou qualquer outra combinação com hidroclorotiazida) -Anticolinérgicos (geralmente utilizados para tratar perturbações do movimento ou cólicas intestinais) -Anticonvulsivantes (utilizados para evitar ou atenuar convulsões) -Barbitúricos (utilizados geralmente para induzir o sono) -Agonistas dopaminérgicos (como L -dopa, bromocriptina) -Neurolépticos (utilizados no tratamento da esquizofrenia e alguns como estabilizadores do humor) -Anticoagulantes orais Se for hospitalizado, informe o seu médico de que está utilizando cloridrato de memantina .",1,fonte1,manual,1.0
celecoxibe,ciclosporina,"Entre os pacientes que receberam concomitantemente celecoxibe 200 mg duas vezes ao dia, 48% foram considerados não responsivos ao lisinopril na visita clínica final (definido como pressão arterial diastólica medida com manguito >90 mmHg ou pressão arterial diastólica medida com manguito aumentada em >10% em relação à linha de base), em comparação com 27% dos pacientes que receberam placebo concomitante; essa diferença foi estatisticamente significativa. - ciclosporina: Devido ao seu efeito sobre as prostaglandinas renais, os AINEs podem aumentar o risco de nefrotoxicidade associada à ciclosporina. - fluconazol e cetoconazol: A administração concomitante de fluconazol , 200 mg/dia, resultou em um aumento de duas vezes a concentração pl asmática de celecoxibe.",1,fonte1,manual,1.0
celecoxibe,cetoconazol,"Entre os pacientes que receberam concomitantemente celecoxibe 200 mg duas vezes ao dia, 48% foram considerados não responsivos ao lisinopril na visita clínica final (definido como pressão arterial diastólica medida com manguito >90 mmHg ou pressão arterial diastólica medida com manguito aumentada em >10% em relação à linha de base), em comparação com 27% dos pacientes que receberam placebo concomitante; essa diferença foi estatisticamente significativa. - ciclosporina: Devido ao seu efeito sobre as prostaglandinas renais, os AINEs podem aumentar o risco de nefrotoxicidade associada à ciclosporina. - fluconazol e cetoconazol: A administração concomitante de fluconazol , 200 mg/dia, resultou em um aumento de duas vezes a concentração pl asmática de celecoxibe.",1,fonte1,manual,1.0
celecoxibe,fluconazol,"Entre os pacientes que receberam concomitantemente celecoxibe 200 mg duas vezes ao dia, 48% foram considerados não responsivos ao lisinopril na visita clínica final (definido como pressão arterial diastólica medida com manguito >90 mmHg ou pressão arterial diastólica medida com manguito aumentada em >10% em relação à linha de base), em comparação com 27% dos pacientes que receberam placebo concomitante; essa diferença foi estatisticamente significativa. - ciclosporina: Devido ao seu efeito sobre as prostaglandinas renais, os AINEs podem aumentar o risco de nefrotoxicidade associada à ciclosporina. - fluconazol e cetoconazol: A administração concomitante de fluconazol , 200 mg/dia, resultou em um aumento de duas vezes a concentração pl asmática de celecoxibe.",1,fonte1,manual,1.0
celecoxibe,aines,"Entre os pacientes que receberam concomitantemente celecoxibe 200 mg duas vezes ao dia, 48% foram considerados não responsivos ao lisinopril na visita clínica final (definido como pressão arterial diastólica medida com manguito >90 mmHg ou pressão arterial diastólica medida com manguito aumentada em >10% em relação à linha de base), em comparação com 27% dos pacientes que receberam placebo concomitante; essa diferença foi estatisticamente significativa. - ciclosporina: Devido ao seu efeito sobre as prostaglandinas renais, os AINEs podem aumentar o risco de nefrotoxicidade associada à ciclosporina. - fluconazol e cetoconazol: A administração concomitante de fluconazol , 200 mg/dia, resultou em um aumento de duas vezes a concentração pl asmática de celecoxibe.",1,fonte1,manual,1.0
levetiracetam,carbamazepina,"INTERAÇÕES MEDICAMENTOSAS - Medicamentos antiepilépticos Dados indicam que levetiracetam não influencia as concentrações séricas de medicamentos antiepilépticos existentes (fenitoína, carbamazepina, ácido valproico, fenobarbital, lamotrigina, gabapentina e primidona) e que estes medicamentos antiepilépticos não influenciam a farmacocinética de levetiracetam.",0,fonte1,manual,1.0
levetiracetam,fenobarbital,"INTERAÇÕES MEDICAMENTOSAS - Medicamentos antiepilépticos Dados indicam que levetiracetam não influencia as concentrações séricas de medicamentos antiepilépticos existentes (fenitoína, carbamazepina, ácido valproico, fenobarbital, lamotrigina, gabapentina e primidona) e que estes medicamentos antiepilépticos não influenciam a farmacocinética de levetiracetam.",0,fonte1,manual,1.0
levetiracetam,gabapentina,"INTERAÇÕES MEDICAMENTOSAS - Medicamentos antiepilépticos Dados indicam que levetiracetam não influencia as concentrações séricas de medicamentos antiepilépticos existentes (fenitoína, carbamazepina, ácido valproico, fenobarbital, lamotrigina, gabapentina e primidona) e que estes medicamentos antiepilépticos não influenciam a farmacocinética de levetiracetam.",0,fonte1,manual,1.0
levetiracetam,valproico,"INTERAÇÕES MEDICAMENTOSAS - Medicamentos antiepilépticos Dados indicam que levetiracetam não influencia as concentrações séricas de medicamentos antiepilépticos existentes (fenitoína, carbamazepina, ácido valproico, fenobarbital, lamotrigina, gabapentina e primidona) e que estes medicamentos antiepilépticos não influenciam a farmacocinética de levetiracetam.",0,fonte1,manual,1.0
apixabana,claritromicina,"Espera -se que substâncias ativas não consideradas inibidores potentes de ambos CYP3A4 e gpP (por exemplo: diltiazem, naproxeno, claritromicina, amiodarona, verapamil, quinidina) causem um aumento das concentrações plasmáticas de apixabana em menor grau.",1,fonte1,manual,1.0
apixabana,diltiazem,"Espera -se que substâncias ativas não consideradas inibidores potentes de ambos CYP3A4 e gpP (por exemplo: diltiazem, naproxeno, claritromicina, amiodarona, verapamil, quinidina) causem um aumento das concentrações plasmáticas de apixabana em menor grau.",1,fonte1,manual,1.0
apixabana,verapamil,"Espera -se que substâncias ativas não consideradas inibidores potentes de ambos CYP3A4 e gpP (por exemplo: diltiazem, naproxeno, claritromicina, amiodarona, verapamil, quinidina) causem um aumento das concentrações plasmáticas de apixabana em menor grau.",1,fonte1,manual,1.0
apixabana,amiodarona,"Espera -se que substâncias ativas não consideradas inibidores potentes de ambos CYP3A4 e gpP (por exemplo: diltiazem, naproxeno, claritromicina, amiodarona, verapamil, quinidina) causem um aumento das concentrações plasmáticas de apixabana em menor grau.",1,fonte1,manual,1.0
fosfato de sitagliptina,varfarina,"Avaliação In Vivo de Interações Medicam entosas Efeito da Sitagliptina sobre Outros Fá rmaco s Nos e studos clínicos, como se descreve a seguir, a sitagliptina não alterou significativamente a farmacocinética da metformina, da glibenclamida, da sinvastatina, da rosiglitazona, da varfarina ou dos an ticoncepcionais orais, fornecendo evidências i n viv o de ba ixa propensão a causar interações medicamentosas com substratos do citocromo P450 3A4, citocromo P450 2C8, citocromo P450 2C9 e do transportador orgânico catiônico (TOC).",0,fonte1,manual,1.0
fosfato de sitagliptina,metformina,"Avaliação In Vivo de Interações Medicam entosas Efeito da Sitagliptina sobre Outros Fá rmaco s Nos e studos clínicos, como se descreve a seguir, a sitagliptina não alterou significativamente a farmacocinética da metformina, da glibenclamida, da sinvastatina, da rosiglitazona, da varfarina ou dos an ticoncepcionais orais, fornecendo evidências i n viv o de ba ixa propensão a causar interações medicamentosas com substratos do citocromo P450 3A4, citocromo P450 2C8, citocromo P450 2C9 e do transportador orgânico catiônico (TOC).",0,fonte1,manual,1.0
fosfato de sitagliptina,sinvastatina,"Avaliação In Vivo de Interações Medicam entosas Efeito da Sitagliptina sobre Outros Fá rmaco s Nos e studos clínicos, como se descreve a seguir, a sitagliptina não alterou significativamente a farmacocinética da metformina, da glibenclamida, da sinvastatina, da rosiglitazona, da varfarina ou dos an ticoncepcionais orais, fornecendo evidências i n viv o de ba ixa propensão a causar interações medicamentosas com substratos do citocromo P450 3A4, citocromo P450 2C8, citocromo P450 2C9 e do transportador orgânico catiônico (TOC).",0,fonte1,manual,1.0
fosfato de sitagliptina,glibenclamida,"Avaliação In Vivo de Interações Medicam entosas Efeito da Sitagliptina sobre Outros Fá rmaco s Nos e studos clínicos, como se descreve a seguir, a sitagliptina não alterou significativamente a farmacocinética da metformina, da glibenclamida, da sinvastatina, da rosiglitazona, da varfarina ou dos an ticoncepcionais orais, fornecendo evidências i n viv o de ba ixa propensão a causar interações medicamentosas com substratos do citocromo P450 3A4, citocromo P450 2C8, citocromo P450 2C9 e do transportador orgânico catiônico (TOC).",0,fonte1,manual,1.0
fosfato de sitagliptina cloridrato de metformina,varfarina,"Fosfato de sitagliptina Nos estudos de interação medicamentosa, a sitagliptina não exerceu efeitos clinicamente significativos na farmacocinética dos seguintes fármacos: metformina, rosiglitazona, glibenclamida, sinvastatina, varfarina e anticoncepcionais orais.",0,fonte1,manual,1.0
fosfato de sitagliptina cloridrato de metformina,metformina,"Fosfato de sitagliptina Nos estudos de interação medicamentosa, a sitagliptina não exerceu efeitos clinicamente significativos na farmacocinética dos seguintes fármacos: metformina, rosiglitazona, glibenclamida, sinvastatina, varfarina e anticoncepcionais orais.",0,fonte1,manual,1.0
fosfato de sitagliptina cloridrato de metformina,sinvastatina,"Fosfato de sitagliptina Nos estudos de interação medicamentosa, a sitagliptina não exerceu efeitos clinicamente significativos na farmacocinética dos seguintes fármacos: metformina, rosiglitazona, glibenclamida, sinvastatina, varfarina e anticoncepcionais orais.",0,fonte1,manual,1.0
fosfato de sitagliptina cloridrato de metformina,glibenclamida,"Fosfato de sitagliptina Nos estudos de interação medicamentosa, a sitagliptina não exerceu efeitos clinicamente significativos na farmacocinética dos seguintes fármacos: metformina, rosiglitazona, glibenclamida, sinvastatina, varfarina e anticoncepcionais orais.",0,fonte1,manual,1.0
prednisona,claritromicina,"A coadministração de prednisona com inibidores potentes da CYP3 A4 (por exemplo, produtos q ue contenham cetoconazol, itraconazol, claritromicina, ritonavir e cobicistate) pode leva r ao aumento da concentração pla smática dos corticosteroides e possibilitar o aumento do risco de efeitos colaterais sistêmico s dos corticosteroides.",1,fonte1,manual,1.0
prednisona,cetoconazol,"A coadministração de prednisona com inibidores potentes da CYP3 A4 (por exemplo, produtos q ue contenham cetoconazol, itraconazol, claritromicina, ritonavir e cobicistate) pode leva r ao aumento da concentração pla smática dos corticosteroides e possibilitar o aumento do risco de efeitos colaterais sistêmico s dos corticosteroides.",1,fonte1,manual,1.0
prednisona,itraconazol,"A coadministração de prednisona com inibidores potentes da CYP3 A4 (por exemplo, produtos q ue contenham cetoconazol, itraconazol, claritromicina, ritonavir e cobicistate) pode leva r ao aumento da concentração pla smática dos corticosteroides e possibilitar o aumento do risco de efeitos colaterais sistêmico s dos corticosteroides.",1,fonte1,manual,1.0
prednisona,corticosteroides,"A coadministração de prednisona com inibidores potentes da CYP3 A4 (por exemplo, produtos q ue contenham cetoconazol, itraconazol, claritromicina, ritonavir e cobicistate) pode leva r ao aumento da concentração pla smática dos corticosteroides e possibilitar o aumento do risco de efeitos colaterais sistêmico s dos corticosteroides.",1,fonte1,manual,1.0
cloridrato de donepezila,sertralina,"O metabolismo do cloridrat o de donepezila não é alterado pela administração concomitante de digoxina, cimetidina, tioridazina, risperidona e sertralina.",0,fonte1,manual,1.0
cloridrato de donepezila,digoxina,"O metabolismo do cloridrat o de donepezila não é alterado pela administração concomitante de digoxina, cimetidina, tioridazina, risperidona e sertralina.",0,fonte1,manual,1.0
cloridrato de donepezila,risperidona,"O metabolismo do cloridrat o de donepezila não é alterado pela administração concomitante de digoxina, cimetidina, tioridazina, risperidona e sertralina.",0,fonte1,manual,1.0
cloridrato de donepezila,cimetidina,"O metabolismo do cloridrat o de donepezila não é alterado pela administração concomitante de digoxina, cimetidina, tioridazina, risperidona e sertralina.",0,fonte1,manual,1.0
cloridrato de donepezila,sertralina,"O metabolis mo do cloridrato de done pezila não é alterado pela administração concomitante de digoxina, cimetidina, tioridazina, risperidona e sertralina.",0,fonte1,manual,1.0
cloridrato de donepezila,digoxina,"O metabolis mo do cloridrato de done pezila não é alterado pela administração concomitante de digoxina, cimetidina, tioridazina, risperidona e sertralina.",0,fonte1,manual,1.0
cloridrato de donepezila,risperidona,"O metabolis mo do cloridrato de done pezila não é alterado pela administração concomitante de digoxina, cimetidina, tioridazina, risperidona e sertralina.",0,fonte1,manual,1.0
cloridrato de donepezila,cimetidina,"O metabolis mo do cloridrato de done pezila não é alterado pela administração concomitante de digoxina, cimetidina, tioridazina, risperidona e sertralina.",0,fonte1,manual,1.0
cloridrato de memantina,hidroclorotiazida,"O s efeitos dos seguintes medicamentos, principalmente, podem ser alterados pelo cloridrato de memantina e o seu médico poderá achar necessário ajustar as respectivas doses: -Amantadina, quetamina, dextrometorfano -Drantoleno , baclofeno -Cimetidina, ranitidina, procainamida, quinidina, quinina, nicotina -Hidroclorotiazida (ou qualquer outra combinação com hidroclorotiazida) -Anticolinérgicos (geralmente utilizados para tratar perturbações do movimento ou cólicas Cloridrato de memantina 10 mg – comprimidos revestidos - VP_0 1 intestinais) - Anticonvulsivantes (utilizados para evitar ou atenuar convulsões) - Barbitúricos (utilizados geralm ente para induzir o sono) - Agonistas dopaminérgicos (como L -dopa, bromocriptina) - Neurolépticos (utilizados no tratamento da esquizofrenia e alguns como estabilizadores do humor) - Anticoagulantes orais Se for hospitalizado, informe o seu médico de que e stá utilizando cloridrato de memantina.",1,fonte1,manual,1.0
cloridrato de memantina,cimetidina,"O s efeitos dos seguintes medicamentos, principalmente, podem ser alterados pelo cloridrato de memantina e o seu médico poderá achar necessário ajustar as respectivas doses: -Amantadina, quetamina, dextrometorfano -Drantoleno , baclofeno -Cimetidina, ranitidina, procainamida, quinidina, quinina, nicotina -Hidroclorotiazida (ou qualquer outra combinação com hidroclorotiazida) -Anticolinérgicos (geralmente utilizados para tratar perturbações do movimento ou cólicas Cloridrato de memantina 10 mg – comprimidos revestidos - VP_0 1 intestinais) - Anticonvulsivantes (utilizados para evitar ou atenuar convulsões) - Barbitúricos (utilizados geralm ente para induzir o sono) - Agonistas dopaminérgicos (como L -dopa, bromocriptina) - Neurolépticos (utilizados no tratamento da esquizofrenia e alguns como estabilizadores do humor) - Anticoagulantes orais Se for hospitalizado, informe o seu médico de que e stá utilizando cloridrato de memantina.",1,fonte1,manual,1.0
cloridrato de memantina,ranitidina,"O s efeitos dos seguintes medicamentos, principalmente, podem ser alterados pelo cloridrato de memantina e o seu médico poderá achar necessário ajustar as respectivas doses: -Amantadina, quetamina, dextrometorfano -Drantoleno , baclofeno -Cimetidina, ranitidina, procainamida, quinidina, quinina, nicotina -Hidroclorotiazida (ou qualquer outra combinação com hidroclorotiazida) -Anticolinérgicos (geralmente utilizados para tratar perturbações do movimento ou cólicas Cloridrato de memantina 10 mg – comprimidos revestidos - VP_0 1 intestinais) - Anticonvulsivantes (utilizados para evitar ou atenuar convulsões) - Barbitúricos (utilizados geralm ente para induzir o sono) - Agonistas dopaminérgicos (como L -dopa, bromocriptina) - Neurolépticos (utilizados no tratamento da esquizofrenia e alguns como estabilizadores do humor) - Anticoagulantes orais Se for hospitalizado, informe o seu médico de que e stá utilizando cloridrato de memantina.",1,fonte1,manual,1.0
cloridrato de memantina,anticoagulantes,"O s efeitos dos seguintes medicamentos, principalmente, podem ser alterados pelo cloridrato de memantina e o seu médico poderá achar necessário ajustar as respectivas doses: -Amantadina, quetamina, dextrometorfano -Drantoleno , baclofeno -Cimetidina, ranitidina, procainamida, quinidina, quinina, nicotina -Hidroclorotiazida (ou qualquer outra combinação com hidroclorotiazida) -Anticolinérgicos (geralmente utilizados para tratar perturbações do movimento ou cólicas Cloridrato de memantina 10 mg – comprimidos revestidos - VP_0 1 intestinais) - Anticonvulsivantes (utilizados para evitar ou atenuar convulsões) - Barbitúricos (utilizados geralm ente para induzir o sono) - Agonistas dopaminérgicos (como L -dopa, bromocriptina) - Neurolépticos (utilizados no tratamento da esquizofrenia e alguns como estabilizadores do humor) - Anticoagulantes orais Se for hospitalizado, informe o seu médico de que e stá utilizando cloridrato de memantina.",1,fonte1,manual,1.0
cloridrato de metformina,metformina,"A coadministração de metformina com: − Substratos/inibidores de OCT1 (como verapamil) podem reduzir a eficácia de metformina. − Indutores do OCT1 (como a rifampicina) podem aumentar a absorção gastrointestinal e a eficácia. − Substratos/inibidores de OCT2 (como cimetidina, dolutegravir, crizotinibe, olaparibe, daclatasvir, vandetanibe) podem diminuir a eliminação renal da metformina e assim levar a uma concentração aumentada de metformina no plasma.",1,fonte1,manual,1.0
cloridrato de metformina,rifampicina,"A coadministração de metformina com: − Substratos/inibidores de OCT1 (como verapamil) podem reduzir a eficácia de metformina. − Indutores do OCT1 (como a rifampicina) podem aumentar a absorção gastrointestinal e a eficácia. − Substratos/inibidores de OCT2 (como cimetidina, dolutegravir, crizotinibe, olaparibe, daclatasvir, vandetanibe) podem diminuir a eliminação renal da metformina e assim levar a uma concentração aumentada de metformina no plasma.",1,fonte1,manual,1.0
cloridrato de metformina,verapamil,"A coadministração de metformina com: − Substratos/inibidores de OCT1 (como verapamil) podem reduzir a eficácia de metformina. − Indutores do OCT1 (como a rifampicina) podem aumentar a absorção gastrointestinal e a eficácia. − Substratos/inibidores de OCT2 (como cimetidina, dolutegravir, crizotinibe, olaparibe, daclatasvir, vandetanibe) podem diminuir a eliminação renal da metformina e assim levar a uma concentração aumentada de metformina no plasma.",1,fonte1,manual,1.0
cloridrato de metformina,cimetidina,"A coadministração de metformina com: − Substratos/inibidores de OCT1 (como verapamil) podem reduzir a eficácia de metformina. − Indutores do OCT1 (como a rifampicina) podem aumentar a absorção gastrointestinal e a eficácia. − Substratos/inibidores de OCT2 (como cimetidina, dolutegravir, crizotinibe, olaparibe, daclatasvir, vandetanibe) podem diminuir a eliminação renal da metformina e assim levar a uma concentração aumentada de metformina no plasma.",1,fonte1,manual,1.0
cloridrato de donepezila cloridrato de memantina,sertralina,"O metabolismo do cloridrato de donepezila não é alterado pela administração concomitante de digoxina, cimetidina, tioridazina, risperidona e sertralina.",0,fonte1,manual,1.0
cloridrato de donepezila cloridrato de memantina,digoxina,"O metabolismo do cloridrato de donepezila não é alterado pela administração concomitante de digoxina, cimetidina, tioridazina, risperidona e sertralina.",0,fonte1,manual,1.0
cloridrato de donepezila cloridrato de memantina,risperidona,"O metabolismo do cloridrato de donepezila não é alterado pela administração concomitante de digoxina, cimetidina, tioridazina, risperidona e sertralina.",0,fonte1,manual,1.0
cloridrato de donepezila cloridrato de memantina,cimetidina,"O metabolismo do cloridrato de donepezila não é alterado pela administração concomitante de digoxina, cimetidina, tioridazina, risperidona e sertralina.",0,fonte1,manual,1.0
cloridrato de donepezila cloridrato de memantina,varfarina,"Existe um relato de caso clínico publicado sobre um possível risco da combinação da memantina com a fenitoína. • Outras substâncias ativas como cimetidina, ranitidina, procaínamida, quinidina, quinina e nicotina, que utilizam o mesmo sistema de transporte renal de cátions que a amantadina, também poderão interagir com a memantina levando a um risco potencial de aumento dos seus níveis séricos. • É possível que haja uma redução dos níveis séricos da hidroclorotiazida (HCT) quando esta, ou qualquer combinação contendo hidroclorotiazida, é administrada concomitantemente com a memantina. • Na experiência pós -comercialização foram notificados casos isolados de aumento da relação normalizada internacional (RNI) em pacientes tratados concomitantemente com varfarina.",1,fonte1,manual,1.0
cloridrato de donepezila cloridrato de memantina,hidroclorotiazida,"Existe um relato de caso clínico publicado sobre um possível risco da combinação da memantina com a fenitoína. • Outras substâncias ativas como cimetidina, ranitidina, procaínamida, quinidina, quinina e nicotina, que utilizam o mesmo sistema de transporte renal de cátions que a amantadina, também poderão interagir com a memantina levando a um risco potencial de aumento dos seus níveis séricos. • É possível que haja uma redução dos níveis séricos da hidroclorotiazida (HCT) quando esta, ou qualquer combinação contendo hidroclorotiazida, é administrada concomitantemente com a memantina. • Na experiência pós -comercialização foram notificados casos isolados de aumento da relação normalizada internacional (RNI) em pacientes tratados concomitantemente com varfarina.",1,fonte1,manual,1.0
cloridrato de donepezila cloridrato de memantina,cimetidina,"Existe um relato de caso clínico publicado sobre um possível risco da combinação da memantina com a fenitoína. • Outras substâncias ativas como cimetidina, ranitidina, procaínamida, quinidina, quinina e nicotina, que utilizam o mesmo sistema de transporte renal de cátions que a amantadina, também poderão interagir com a memantina levando a um risco potencial de aumento dos seus níveis séricos. • É possível que haja uma redução dos níveis séricos da hidroclorotiazida (HCT) quando esta, ou qualquer combinação contendo hidroclorotiazida, é administrada concomitantemente com a memantina. • Na experiência pós -comercialização foram notificados casos isolados de aumento da relação normalizada internacional (RNI) em pacientes tratados concomitantemente com varfarina.",1,fonte1,manual,1.0
cloridrato de donepezila cloridrato de memantina,ranitidina,"Existe um relato de caso clínico publicado sobre um possível risco da combinação da memantina com a fenitoína. • Outras substâncias ativas como cimetidina, ranitidina, procaínamida, quinidina, quinina e nicotina, que utilizam o mesmo sistema de transporte renal de cátions que a amantadina, também poderão interagir com a memantina levando a um risco potencial de aumento dos seus níveis séricos. • É possível que haja uma redução dos níveis séricos da hidroclorotiazida (HCT) quando esta, ou qualquer combinação contendo hidroclorotiazida, é administrada concomitantemente com a memantina. • Na experiência pós -comercialização foram notificados casos isolados de aumento da relação normalizada internacional (RNI) em pacientes tratados concomitantemente com varfarina.",1,fonte1,manual,1.0
ramelteona,omeprazol,"Outras informações relevantes de estudos de interação medicamentosa: Os estudos de interação da administração concomitante de ramelteona com fluoxetina (inibidor da CYP2D6), omeprazol (indutor da CYP1A2/inibidor da CYP2C19), teofilina (substrato da CYP1A2), dextrometorfano (substrato da CYP2D6), sertralina, venlafaxina, escitalopram, gabapentina, lorazepam e zolpidem não produziram alterações clinicamente significativas nas exposições máxima e total à ramelteona ou ao metabólito M -II.",0,fonte1,manual,1.0
ramelteona,fluoxetina,"Outras informações relevantes de estudos de interação medicamentosa: Os estudos de interação da administração concomitante de ramelteona com fluoxetina (inibidor da CYP2D6), omeprazol (indutor da CYP1A2/inibidor da CYP2C19), teofilina (substrato da CYP1A2), dextrometorfano (substrato da CYP2D6), sertralina, venlafaxina, escitalopram, gabapentina, lorazepam e zolpidem não produziram alterações clinicamente significativas nas exposições máxima e total à ramelteona ou ao metabólito M -II.",0,fonte1,manual,1.0
ramelteona,sertralina,"Outras informações relevantes de estudos de interação medicamentosa: Os estudos de interação da administração concomitante de ramelteona com fluoxetina (inibidor da CYP2D6), omeprazol (indutor da CYP1A2/inibidor da CYP2C19), teofilina (substrato da CYP1A2), dextrometorfano (substrato da CYP2D6), sertralina, venlafaxina, escitalopram, gabapentina, lorazepam e zolpidem não produziram alterações clinicamente significativas nas exposições máxima e total à ramelteona ou ao metabólito M -II.",0,fonte1,manual,1.0
ramelteona,gabapentina,"Outras informações relevantes de estudos de interação medicamentosa: Os estudos de interação da administração concomitante de ramelteona com fluoxetina (inibidor da CYP2D6), omeprazol (indutor da CYP1A2/inibidor da CYP2C19), teofilina (substrato da CYP1A2), dextrometorfano (substrato da CYP2D6), sertralina, venlafaxina, escitalopram, gabapentina, lorazepam e zolpidem não produziram alterações clinicamente significativas nas exposições máxima e total à ramelteona ou ao metabólito M -II.",0,fonte1,manual,1.0
cloridrato de lurasidona,eritromicina,"A coadministração de lurasidona com medicamentos inibidores moderados da CYP3A4 (ex: diltiazem, eritromicina, fluconazol, verapamil) podem aumentar a exposição a lurasidona.",1,fonte1,manual,1.0
cloridrato de lurasidona,fluconazol,"A coadministração de lurasidona com medicamentos inibidores moderados da CYP3A4 (ex: diltiazem, eritromicina, fluconazol, verapamil) podem aumentar a exposição a lurasidona.",1,fonte1,manual,1.0
cloridrato de lurasidona,diltiazem,"A coadministração de lurasidona com medicamentos inibidores moderados da CYP3A4 (ex: diltiazem, eritromicina, fluconazol, verapamil) podem aumentar a exposição a lurasidona.",1,fonte1,manual,1.0
cloridrato de lurasidona,verapamil,"A coadministração de lurasidona com medicamentos inibidores moderados da CYP3A4 (ex: diltiazem, eritromicina, fluconazol, verapamil) podem aumentar a exposição a lurasidona.",1,fonte1,manual,1.0
endofolin,carbamazepina,"INTERAÇÕES MEDICAMENTOSAS Interação ácido fólico – medicamentos Fenitoína, fenobarbital, primidona, aspirina, colestipol, cicloserina, metotrexato e enzimas pancreáticas reduzem os níveis de ácido fólico, enquanto que o ácido aminosalicílico, antiácidos, colestiramina, estrogênios, bloqueadores H 2 e a carbamazepina reduzem sua absorção.",1,fonte1,manual,1.0
endofolin,metotrexato,"INTERAÇÕES MEDICAMENTOSAS Interação ácido fólico – medicamentos Fenitoína, fenobarbital, primidona, aspirina, colestipol, cicloserina, metotrexato e enzimas pancreáticas reduzem os níveis de ácido fólico, enquanto que o ácido aminosalicílico, antiácidos, colestiramina, estrogênios, bloqueadores H 2 e a carbamazepina reduzem sua absorção.",1,fonte1,manual,1.0
endofolin,fenobarbital,"INTERAÇÕES MEDICAMENTOSAS Interação ácido fólico – medicamentos Fenitoína, fenobarbital, primidona, aspirina, colestipol, cicloserina, metotrexato e enzimas pancreáticas reduzem os níveis de ácido fólico, enquanto que o ácido aminosalicílico, antiácidos, colestiramina, estrogênios, bloqueadores H 2 e a carbamazepina reduzem sua absorção.",1,fonte1,manual,1.0
endofolin,colestipol,"INTERAÇÕES MEDICAMENTOSAS Interação ácido fólico – medicamentos Fenitoína, fenobarbital, primidona, aspirina, colestipol, cicloserina, metotrexato e enzimas pancreáticas reduzem os níveis de ácido fólico, enquanto que o ácido aminosalicílico, antiácidos, colestiramina, estrogênios, bloqueadores H 2 e a carbamazepina reduzem sua absorção.",1,fonte1,manual,1.0
ritonavir,claritromicina,"Tabela 2: Efeitos na AUC e Cmáx na coadministração de ritonavir com outros fármacos Fármaco Dosagem de ritonavir n AUC % (95% de intervalo de confiança) Cmáx (95% de intervalo de confiança) claritromicina 500 mg 12/12 h por 4 dias 200 mg 8/8 h por 4 dias 22 ↑ 12% (2,23%) ↑ 15% (2,28%) didanosina 200 mg 12/12 h por 4 dias 600 mg 12/12 h por 4 dias 12 ↔ ↔ fluconazol 400 mg/1º dia e 200 mg/dia por 4 dias 200 mg 6/6 h por 4 dias 8 ↑ 12% (5,20%) ↑ 15% (7,22%) fluoxetina 30 mg 12/12 h por 8 dias 600 mg dose única 16 ↑ 19% (7,34%) ↔ rifampicina 600 mg ou 300 mg/dia por 10 dias 500 mg 12/12 h por 20 dias 7,9* ↓ 35% (7,55%) ↓25% (-5,46%) zidovudina 200 mg 8/8 h por 4 dias 300 mg 6/6 h por 4 dias 10 ↔ ↔ ↑ indica “aumento” ↓ indica “redução” ↔ indica “sem alterações” * Desenho de grupo paralelo, indivíduos recebendo regimes de combinação e controle, respectivamente.",1,fonte1,manual,1.0
ritonavir,fluoxetina,"Tabela 2: Efeitos na AUC e Cmáx na coadministração de ritonavir com outros fármacos Fármaco Dosagem de ritonavir n AUC % (95% de intervalo de confiança) Cmáx (95% de intervalo de confiança) claritromicina 500 mg 12/12 h por 4 dias 200 mg 8/8 h por 4 dias 22 ↑ 12% (2,23%) ↑ 15% (2,28%) didanosina 200 mg 12/12 h por 4 dias 600 mg 12/12 h por 4 dias 12 ↔ ↔ fluconazol 400 mg/1º dia e 200 mg/dia por 4 dias 200 mg 6/6 h por 4 dias 8 ↑ 12% (5,20%) ↑ 15% (7,22%) fluoxetina 30 mg 12/12 h por 8 dias 600 mg dose única 16 ↑ 19% (7,34%) ↔ rifampicina 600 mg ou 300 mg/dia por 10 dias 500 mg 12/12 h por 20 dias 7,9* ↓ 35% (7,55%) ↓25% (-5,46%) zidovudina 200 mg 8/8 h por 4 dias 300 mg 6/6 h por 4 dias 10 ↔ ↔ ↑ indica “aumento” ↓ indica “redução” ↔ indica “sem alterações” * Desenho de grupo paralelo, indivíduos recebendo regimes de combinação e controle, respectivamente.",1,fonte1,manual,1.0
ritonavir,fluconazol,"Tabela 2: Efeitos na AUC e Cmáx na coadministração de ritonavir com outros fármacos Fármaco Dosagem de ritonavir n AUC % (95% de intervalo de confiança) Cmáx (95% de intervalo de confiança) claritromicina 500 mg 12/12 h por 4 dias 200 mg 8/8 h por 4 dias 22 ↑ 12% (2,23%) ↑ 15% (2,28%) didanosina 200 mg 12/12 h por 4 dias 600 mg 12/12 h por 4 dias 12 ↔ ↔ fluconazol 400 mg/1º dia e 200 mg/dia por 4 dias 200 mg 6/6 h por 4 dias 8 ↑ 12% (5,20%) ↑ 15% (7,22%) fluoxetina 30 mg 12/12 h por 8 dias 600 mg dose única 16 ↑ 19% (7,34%) ↔ rifampicina 600 mg ou 300 mg/dia por 10 dias 500 mg 12/12 h por 20 dias 7,9* ↓ 35% (7,55%) ↓25% (-5,46%) zidovudina 200 mg 8/8 h por 4 dias 300 mg 6/6 h por 4 dias 10 ↔ ↔ ↑ indica “aumento” ↓ indica “redução” ↔ indica “sem alterações” * Desenho de grupo paralelo, indivíduos recebendo regimes de combinação e controle, respectivamente.",1,fonte1,manual,1.0
ritonavir,rifampicina,"Tabela 2: Efeitos na AUC e Cmáx na coadministração de ritonavir com outros fármacos Fármaco Dosagem de ritonavir n AUC % (95% de intervalo de confiança) Cmáx (95% de intervalo de confiança) claritromicina 500 mg 12/12 h por 4 dias 200 mg 8/8 h por 4 dias 22 ↑ 12% (2,23%) ↑ 15% (2,28%) didanosina 200 mg 12/12 h por 4 dias 600 mg 12/12 h por 4 dias 12 ↔ ↔ fluconazol 400 mg/1º dia e 200 mg/dia por 4 dias 200 mg 6/6 h por 4 dias 8 ↑ 12% (5,20%) ↑ 15% (7,22%) fluoxetina 30 mg 12/12 h por 8 dias 600 mg dose única 16 ↑ 19% (7,34%) ↔ rifampicina 600 mg ou 300 mg/dia por 10 dias 500 mg 12/12 h por 20 dias 7,9* ↓ 35% (7,55%) ↓25% (-5,46%) zidovudina 200 mg 8/8 h por 4 dias 300 mg 6/6 h por 4 dias 10 ↔ ↔ ↑ indica “aumento” ↓ indica “redução” ↔ indica “sem alterações” * Desenho de grupo paralelo, indivíduos recebendo regimes de combinação e controle, respectivamente.",1,fonte1,manual,1.0
pantoprazol sodico,diazepam,"Os estudos de interação com fármacos que também são metabolizados com estas vias, como a carbamazepina, diazepam, glibenclamida, nifedipino, fenitoína e um contraceptivo oral contendo levonorgestrel e etinilestradiol, não se observaram interações clínicas significativas.",0,fonte1,manual,1.0
pantoprazol sodico,carbamazepina,"Os estudos de interação com fármacos que também são metabolizados com estas vias, como a carbamazepina, diazepam, glibenclamida, nifedipino, fenitoína e um contraceptivo oral contendo levonorgestrel e etinilestradiol, não se observaram interações clínicas significativas.",0,fonte1,manual,1.0
pantoprazol sodico,glibenclamida,"Os estudos de interação com fármacos que também são metabolizados com estas vias, como a carbamazepina, diazepam, glibenclamida, nifedipino, fenitoína e um contraceptivo oral contendo levonorgestrel e etinilestradiol, não se observaram interações clínicas significativas.",0,fonte1,manual,1.0
pantoprazol sodico,nifedipino,"Os estudos de interação com fármacos que também são metabolizados com estas vias, como a carbamazepina, diazepam, glibenclamida, nifedipino, fenitoína e um contraceptivo oral contendo levonorgestrel e etinilestradiol, não se observaram interações clínicas significativas.",0,fonte1,manual,1.0
folifolin,carbamazepina,"INTERAÇÕES MEDICAMENTOSAS Interação ácido fólico – medicamentos A fenitoína, fenobarbital, primidona, aspirina, colestipol, cicloserina, metotrexato e enzimas pancreáticas reduzem os níveis de ácido fólico, enquanto que o ácido aminosalicílico, antiácidos, colestiramina, estrogênios, bloqueadores H2 e a carbamazepina reduzem sua absorção.",1,fonte1,manual,1.0
folifolin,metotrexato,"INTERAÇÕES MEDICAMENTOSAS Interação ácido fólico – medicamentos A fenitoína, fenobarbital, primidona, aspirina, colestipol, cicloserina, metotrexato e enzimas pancreáticas reduzem os níveis de ácido fólico, enquanto que o ácido aminosalicílico, antiácidos, colestiramina, estrogênios, bloqueadores H2 e a carbamazepina reduzem sua absorção.",1,fonte1,manual,1.0
folifolin,fenobarbital,"INTERAÇÕES MEDICAMENTOSAS Interação ácido fólico – medicamentos A fenitoína, fenobarbital, primidona, aspirina, colestipol, cicloserina, metotrexato e enzimas pancreáticas reduzem os níveis de ácido fólico, enquanto que o ácido aminosalicílico, antiácidos, colestiramina, estrogênios, bloqueadores H2 e a carbamazepina reduzem sua absorção.",1,fonte1,manual,1.0
folifolin,colestipol,"INTERAÇÕES MEDICAMENTOSAS Interação ácido fólico – medicamentos A fenitoína, fenobarbital, primidona, aspirina, colestipol, cicloserina, metotrexato e enzimas pancreáticas reduzem os níveis de ácido fólico, enquanto que o ácido aminosalicílico, antiácidos, colestiramina, estrogênios, bloqueadores H2 e a carbamazepina reduzem sua absorção.",1,fonte1,manual,1.0
sinvastatina,eritromicina,"ADVERTÊNCIAS E PRECAUÇÕES, Gravidez e Lactação); • Administração concomitante de inibidores potentes do CYP3A4 (por exemplo, itraconazol, cetoconazol, posaconazol, voriconazol, inibidores da protease do HIV, boceprevir, telaprevir, eritromicina, claritromicina, telitromicina, nefazodona e medicamentos contendo cobicistate) (veja item 5.",2,fonte1,manual,1.0
sinvastatina,claritromicina,"ADVERTÊNCIAS E PRECAUÇÕES, Gravidez e Lactação); • Administração concomitante de inibidores potentes do CYP3A4 (por exemplo, itraconazol, cetoconazol, posaconazol, voriconazol, inibidores da protease do HIV, boceprevir, telaprevir, eritromicina, claritromicina, telitromicina, nefazodona e medicamentos contendo cobicistate) (veja item 5.",2,fonte1,manual,1.0
sinvastatina,cetoconazol,"ADVERTÊNCIAS E PRECAUÇÕES, Gravidez e Lactação); • Administração concomitante de inibidores potentes do CYP3A4 (por exemplo, itraconazol, cetoconazol, posaconazol, voriconazol, inibidores da protease do HIV, boceprevir, telaprevir, eritromicina, claritromicina, telitromicina, nefazodona e medicamentos contendo cobicistate) (veja item 5.",2,fonte1,manual,1.0
sinvastatina,itraconazol,"ADVERTÊNCIAS E PRECAUÇÕES, Gravidez e Lactação); • Administração concomitante de inibidores potentes do CYP3A4 (por exemplo, itraconazol, cetoconazol, posaconazol, voriconazol, inibidores da protease do HIV, boceprevir, telaprevir, eritromicina, claritromicina, telitromicina, nefazodona e medicamentos contendo cobicistate) (veja item 5.",2,fonte1,manual,1.0
sinvastatina,eritromicina,"ADVERTÊNCIAS E PRECAUÇÕES, Gravidez e Lactação ); • Administração concomitante de inibidores potentes do CYP3A4 (por exemplo, itraconazol, cetoconazol, posaconazol, voriconazol, inibidores da protease do HIV, boceprevir, telaprevir, eritromicina, claritromicina, telitromicina, nefazodona e medicamentos contendo cobicistate) (veja o item 5.",2,fonte1,manual,1.0
sinvastatina,claritromicina,"ADVERTÊNCIAS E PRECAUÇÕES, Gravidez e Lactação ); • Administração concomitante de inibidores potentes do CYP3A4 (por exemplo, itraconazol, cetoconazol, posaconazol, voriconazol, inibidores da protease do HIV, boceprevir, telaprevir, eritromicina, claritromicina, telitromicina, nefazodona e medicamentos contendo cobicistate) (veja o item 5.",2,fonte1,manual,1.0
sinvastatina,cetoconazol,"ADVERTÊNCIAS E PRECAUÇÕES, Gravidez e Lactação ); • Administração concomitante de inibidores potentes do CYP3A4 (por exemplo, itraconazol, cetoconazol, posaconazol, voriconazol, inibidores da protease do HIV, boceprevir, telaprevir, eritromicina, claritromicina, telitromicina, nefazodona e medicamentos contendo cobicistate) (veja o item 5.",2,fonte1,manual,1.0
sinvastatina,itraconazol,"ADVERTÊNCIAS E PRECAUÇÕES, Gravidez e Lactação ); • Administração concomitante de inibidores potentes do CYP3A4 (por exemplo, itraconazol, cetoconazol, posaconazol, voriconazol, inibidores da protease do HIV, boceprevir, telaprevir, eritromicina, claritromicina, telitromicina, nefazodona e medicamentos contendo cobicistate) (veja o item 5.",2,fonte1,manual,1.0
fluconazol,carbamazepina,"Podem ser necessários ajustes da dose da carbamazepina dependendo de determinações da concentração/efeito. bloqueadores do canal de cálcio: determinados antagonistas de canal de cálcio di -hidropiridínicos (nifedipino, isradipino, anlodipino, verapamil e felodipino) são metabolizados pela CYP3A4.",1,fonte1,manual,1.0
fluconazol,nifedipino,"Podem ser necessários ajustes da dose da carbamazepina dependendo de determinações da concentração/efeito. bloqueadores do canal de cálcio: determinados antagonistas de canal de cálcio di -hidropiridínicos (nifedipino, isradipino, anlodipino, verapamil e felodipino) são metabolizados pela CYP3A4.",1,fonte1,manual,1.0
fluconazol,anlodipino,"Podem ser necessários ajustes da dose da carbamazepina dependendo de determinações da concentração/efeito. bloqueadores do canal de cálcio: determinados antagonistas de canal de cálcio di -hidropiridínicos (nifedipino, isradipino, anlodipino, verapamil e felodipino) são metabolizados pela CYP3A4.",1,fonte1,manual,1.0
fluconazol,verapamil,"Podem ser necessários ajustes da dose da carbamazepina dependendo de determinações da concentração/efeito. bloqueadores do canal de cálcio: determinados antagonistas de canal de cálcio di -hidropiridínicos (nifedipino, isradipino, anlodipino, verapamil e felodipino) são metabolizados pela CYP3A4.",1,fonte1,manual,1.0
prednisona,claritromicina,"A coadministração de prednisona com inibidores potentes da CYP3A4 (por exemplo, produtos que contenham cetoconazol, itraconazol, claritromicina, ritonavir e cobicistate) pode levar ao aumento da concentração plasmática dos corticosteroides e possibilitar o aumento do risco de efeitos colaterais sistêmicos dos corticosteroides.",1,fonte1,manual,1.0
prednisona,cetoconazol,"A coadministração de prednisona com inibidores potentes da CYP3A4 (por exemplo, produtos que contenham cetoconazol, itraconazol, claritromicina, ritonavir e cobicistate) pode levar ao aumento da concentração plasmática dos corticosteroides e possibilitar o aumento do risco de efeitos colaterais sistêmicos dos corticosteroides.",1,fonte1,manual,1.0
prednisona,itraconazol,"A coadministração de prednisona com inibidores potentes da CYP3A4 (por exemplo, produtos que contenham cetoconazol, itraconazol, claritromicina, ritonavir e cobicistate) pode levar ao aumento da concentração plasmática dos corticosteroides e possibilitar o aumento do risco de efeitos colaterais sistêmicos dos corticosteroides.",1,fonte1,manual,1.0
prednisona,corticosteroides,"A coadministração de prednisona com inibidores potentes da CYP3A4 (por exemplo, produtos que contenham cetoconazol, itraconazol, claritromicina, ritonavir e cobicistate) pode levar ao aumento da concentração plasmática dos corticosteroides e possibilitar o aumento do risco de efeitos colaterais sistêmicos dos corticosteroides.",1,fonte1,manual,1.0
cloridrato de fluoxetina,varfarina,"Ligação às proteínas do plasma - devido ao fato da fluoxetina estar firmemente ligada às proteínas do plasma , a administração de fluoxetina a um paciente que esteja tomando outra droga que seja firmemente ligada às proteínas plasmáticas pode causar uma mudança nas concentrações plasmáticas da mesma (ex: ácido acetilsalicílico, fenitoína, diclofenaco, diazepam) . varfarina - efeitos anticoagulantes alterados (valores de laboratório e/ou sinais clínicos e sintomas), incluindo sangramento, sem um padrão consistente, foram reportados com pouca frequência quando a fluoxetina e a varfarina foram coadministradas .",1,fonte1,manual,1.0
cloridrato de fluoxetina,fluoxetina,"Ligação às proteínas do plasma - devido ao fato da fluoxetina estar firmemente ligada às proteínas do plasma , a administração de fluoxetina a um paciente que esteja tomando outra droga que seja firmemente ligada às proteínas plasmáticas pode causar uma mudança nas concentrações plasmáticas da mesma (ex: ácido acetilsalicílico, fenitoína, diclofenaco, diazepam) . varfarina - efeitos anticoagulantes alterados (valores de laboratório e/ou sinais clínicos e sintomas), incluindo sangramento, sem um padrão consistente, foram reportados com pouca frequência quando a fluoxetina e a varfarina foram coadministradas .",1,fonte1,manual,1.0
cloridrato de fluoxetina,diazepam,"Ligação às proteínas do plasma - devido ao fato da fluoxetina estar firmemente ligada às proteínas do plasma , a administração de fluoxetina a um paciente que esteja tomando outra droga que seja firmemente ligada às proteínas plasmáticas pode causar uma mudança nas concentrações plasmáticas da mesma (ex: ácido acetilsalicílico, fenitoína, diclofenaco, diazepam) . varfarina - efeitos anticoagulantes alterados (valores de laboratório e/ou sinais clínicos e sintomas), incluindo sangramento, sem um padrão consistente, foram reportados com pouca frequência quando a fluoxetina e a varfarina foram coadministradas .",1,fonte1,manual,1.0
cloridrato de fluoxetina,anticoagulantes,"Ligação às proteínas do plasma - devido ao fato da fluoxetina estar firmemente ligada às proteínas do plasma , a administração de fluoxetina a um paciente que esteja tomando outra droga que seja firmemente ligada às proteínas plasmáticas pode causar uma mudança nas concentrações plasmáticas da mesma (ex: ácido acetilsalicílico, fenitoína, diclofenaco, diazepam) . varfarina - efeitos anticoagulantes alterados (valores de laboratório e/ou sinais clínicos e sintomas), incluindo sangramento, sem um padrão consistente, foram reportados com pouca frequência quando a fluoxetina e a varfarina foram coadministradas .",1,fonte1,manual,1.0
bromidrato de citalopram,varfarina,"O citalopram e desmetilcitalopram são insignificantes inibidores da CYP2C9, CYP2E1 e CYP3A4, e inibidores fracos da CYP1A2, CYP2C19 e CYP2D6 quando em comparação com outros ISRS estabelecidos como inibidores significantes . levomepromazina, digoxina, carbamazepina Nenhuma mudança ou apenas mudanças muito pequenas de pouca importância clínica foram observad as quando o citalopram foi dado com substratos CYP1A2 (clozapina e teofilina), CYP2C9 (varfarina), CYP2C19 (imipramina e mefenitoína ), CYP2D6 (esparteína, imipramina, amitriptilina, a risperidona) e CYP3A4 (varfarina, carbamazepina e seu metabólito carbamazepina epóxido ) e triazolam.",0,fonte1,manual,1.0
bromidrato de citalopram,carbamazepina,"O citalopram e desmetilcitalopram são insignificantes inibidores da CYP2C9, CYP2E1 e CYP3A4, e inibidores fracos da CYP1A2, CYP2C19 e CYP2D6 quando em comparação com outros ISRS estabelecidos como inibidores significantes . levomepromazina, digoxina, carbamazepina Nenhuma mudança ou apenas mudanças muito pequenas de pouca importância clínica foram observad as quando o citalopram foi dado com substratos CYP1A2 (clozapina e teofilina), CYP2C9 (varfarina), CYP2C19 (imipramina e mefenitoína ), CYP2D6 (esparteína, imipramina, amitriptilina, a risperidona) e CYP3A4 (varfarina, carbamazepina e seu metabólito carbamazepina epóxido ) e triazolam.",0,fonte1,manual,1.0
bromidrato de citalopram,digoxina,"O citalopram e desmetilcitalopram são insignificantes inibidores da CYP2C9, CYP2E1 e CYP3A4, e inibidores fracos da CYP1A2, CYP2C19 e CYP2D6 quando em comparação com outros ISRS estabelecidos como inibidores significantes . levomepromazina, digoxina, carbamazepina Nenhuma mudança ou apenas mudanças muito pequenas de pouca importância clínica foram observad as quando o citalopram foi dado com substratos CYP1A2 (clozapina e teofilina), CYP2C9 (varfarina), CYP2C19 (imipramina e mefenitoína ), CYP2D6 (esparteína, imipramina, amitriptilina, a risperidona) e CYP3A4 (varfarina, carbamazepina e seu metabólito carbamazepina epóxido ) e triazolam.",0,fonte1,manual,1.0
bromidrato de citalopram,risperidona,"O citalopram e desmetilcitalopram são insignificantes inibidores da CYP2C9, CYP2E1 e CYP3A4, e inibidores fracos da CYP1A2, CYP2C19 e CYP2D6 quando em comparação com outros ISRS estabelecidos como inibidores significantes . levomepromazina, digoxina, carbamazepina Nenhuma mudança ou apenas mudanças muito pequenas de pouca importância clínica foram observad as quando o citalopram foi dado com substratos CYP1A2 (clozapina e teofilina), CYP2C9 (varfarina), CYP2C19 (imipramina e mefenitoína ), CYP2D6 (esparteína, imipramina, amitriptilina, a risperidona) e CYP3A4 (varfarina, carbamazepina e seu metabólito carbamazepina epóxido ) e triazolam.",0,fonte1,manual,1.0
glimepirida,fluoxetina,"INTERAÇÕES MEDICAMENTOSAS Com base na experiência do uso da glimepirida e no que se conhece dos medicamentos de mesma classe, as seguintes interações devem ser consideradas: - medicamento -medicamento: Aumento do efeito hipoglicemiante e, portanto, em alguns casos, pode ocorrer hipoglicemia quando um dos seguintes fármacos é administrado: Insulina ou outro antidiabético oral; inibidores da ECA; esteroides anabolizantes e hormônios sexuais masculinos; c loranfenicol; derivados cumarínicos; ciclofosfamidas; disopiramida; fenfluramina; feniramidol; fibratos; fluoxetina; guanetidina; ifosfamida; inibidores da MAO; miconazol; fluconazol; ácido para minos salicílico ; pentoxifilina (uso parenteral em doses e levadas); fenilbutazona; azapropazona; oxifembutazona; proben ecida; quinolonas; salicilatos; sulfimpirazona; clarit romicina ; antibióticos sulfonamídicos; tetraciclinas; tritoqualina; trofosfamida.",1,fonte1,manual,1.0
glimepirida,fluconazol,"INTERAÇÕES MEDICAMENTOSAS Com base na experiência do uso da glimepirida e no que se conhece dos medicamentos de mesma classe, as seguintes interações devem ser consideradas: - medicamento -medicamento: Aumento do efeito hipoglicemiante e, portanto, em alguns casos, pode ocorrer hipoglicemia quando um dos seguintes fármacos é administrado: Insulina ou outro antidiabético oral; inibidores da ECA; esteroides anabolizantes e hormônios sexuais masculinos; c loranfenicol; derivados cumarínicos; ciclofosfamidas; disopiramida; fenfluramina; feniramidol; fibratos; fluoxetina; guanetidina; ifosfamida; inibidores da MAO; miconazol; fluconazol; ácido para minos salicílico ; pentoxifilina (uso parenteral em doses e levadas); fenilbutazona; azapropazona; oxifembutazona; proben ecida; quinolonas; salicilatos; sulfimpirazona; clarit romicina ; antibióticos sulfonamídicos; tetraciclinas; tritoqualina; trofosfamida.",1,fonte1,manual,1.0
glimepirida,insulina,"INTERAÇÕES MEDICAMENTOSAS Com base na experiência do uso da glimepirida e no que se conhece dos medicamentos de mesma classe, as seguintes interações devem ser consideradas: - medicamento -medicamento: Aumento do efeito hipoglicemiante e, portanto, em alguns casos, pode ocorrer hipoglicemia quando um dos seguintes fármacos é administrado: Insulina ou outro antidiabético oral; inibidores da ECA; esteroides anabolizantes e hormônios sexuais masculinos; c loranfenicol; derivados cumarínicos; ciclofosfamidas; disopiramida; fenfluramina; feniramidol; fibratos; fluoxetina; guanetidina; ifosfamida; inibidores da MAO; miconazol; fluconazol; ácido para minos salicílico ; pentoxifilina (uso parenteral em doses e levadas); fenilbutazona; azapropazona; oxifembutazona; proben ecida; quinolonas; salicilatos; sulfimpirazona; clarit romicina ; antibióticos sulfonamídicos; tetraciclinas; tritoqualina; trofosfamida.",1,fonte1,manual,1.0
glimepirida,fibratos,"INTERAÇÕES MEDICAMENTOSAS Com base na experiência do uso da glimepirida e no que se conhece dos medicamentos de mesma classe, as seguintes interações devem ser consideradas: - medicamento -medicamento: Aumento do efeito hipoglicemiante e, portanto, em alguns casos, pode ocorrer hipoglicemia quando um dos seguintes fármacos é administrado: Insulina ou outro antidiabético oral; inibidores da ECA; esteroides anabolizantes e hormônios sexuais masculinos; c loranfenicol; derivados cumarínicos; ciclofosfamidas; disopiramida; fenfluramina; feniramidol; fibratos; fluoxetina; guanetidina; ifosfamida; inibidores da MAO; miconazol; fluconazol; ácido para minos salicílico ; pentoxifilina (uso parenteral em doses e levadas); fenilbutazona; azapropazona; oxifembutazona; proben ecida; quinolonas; salicilatos; sulfimpirazona; clarit romicina ; antibióticos sulfonamídicos; tetraciclinas; tritoqualina; trofosfamida.",1,fonte1,manual,1.0
mesilato de imatinibe,eritromicina,"Medicamentos que podem aumentar as concentrações plasmáticas de imatinibe: As substâncias que inibem a atividade da isoenzima CYP3A4 do citocromo P450 (ex.: cetoconazol, itraconazol, eritromicina, claritromicina) poderiam diminuir o metabolismo e aumentar as concentrações de imatinibe.",1,fonte1,manual,1.0
mesilato de imatinibe,claritromicina,"Medicamentos que podem aumentar as concentrações plasmáticas de imatinibe: As substâncias que inibem a atividade da isoenzima CYP3A4 do citocromo P450 (ex.: cetoconazol, itraconazol, eritromicina, claritromicina) poderiam diminuir o metabolismo e aumentar as concentrações de imatinibe.",1,fonte1,manual,1.0
mesilato de imatinibe,cetoconazol,"Medicamentos que podem aumentar as concentrações plasmáticas de imatinibe: As substâncias que inibem a atividade da isoenzima CYP3A4 do citocromo P450 (ex.: cetoconazol, itraconazol, eritromicina, claritromicina) poderiam diminuir o metabolismo e aumentar as concentrações de imatinibe.",1,fonte1,manual,1.0
mesilato de imatinibe,itraconazol,"Medicamentos que podem aumentar as concentrações plasmáticas de imatinibe: As substâncias que inibem a atividade da isoenzima CYP3A4 do citocromo P450 (ex.: cetoconazol, itraconazol, eritromicina, claritromicina) poderiam diminuir o metabolismo e aumentar as concentrações de imatinibe.",1,fonte1,manual,1.0
clonixinato de lisina cloridrato de ciclobenzaprin,captopril,"O clonixinato de lisina + cloridrato de ciclobenzaprina diminui a ação de medicamentos usados para controlar a pressão arterial elevada (por ex. betabloqueadores, como o atenolol e o propranolol, inibidores da enzima de conversão da angiotensina, como o captopril e o enalapril, vasodilatadores, como hidralazina, e diuréticos, como hidroclorotiazida e furosemida).",1,fonte1,manual,1.0
clonixinato de lisina cloridrato de ciclobenzaprin,hidroclorotiazida,"O clonixinato de lisina + cloridrato de ciclobenzaprina diminui a ação de medicamentos usados para controlar a pressão arterial elevada (por ex. betabloqueadores, como o atenolol e o propranolol, inibidores da enzima de conversão da angiotensina, como o captopril e o enalapril, vasodilatadores, como hidralazina, e diuréticos, como hidroclorotiazida e furosemida).",1,fonte1,manual,1.0
clonixinato de lisina cloridrato de ciclobenzaprin,furosemida,"O clonixinato de lisina + cloridrato de ciclobenzaprina diminui a ação de medicamentos usados para controlar a pressão arterial elevada (por ex. betabloqueadores, como o atenolol e o propranolol, inibidores da enzima de conversão da angiotensina, como o captopril e o enalapril, vasodilatadores, como hidralazina, e diuréticos, como hidroclorotiazida e furosemida).",1,fonte1,manual,1.0
clonixinato de lisina cloridrato de ciclobenzaprin,enalapril,"O clonixinato de lisina + cloridrato de ciclobenzaprina diminui a ação de medicamentos usados para controlar a pressão arterial elevada (por ex. betabloqueadores, como o atenolol e o propranolol, inibidores da enzima de conversão da angiotensina, como o captopril e o enalapril, vasodilatadores, como hidralazina, e diuréticos, como hidroclorotiazida e furosemida).",1,fonte1,manual,1.0
clonixinato de lisina cloridrato de ciclobenzaprin,captopril,"O clonixinato de lisina + cloridrato de ciclobenzaprina diminui a ação dos agentes anti -hipertensivos (betabloqueadores como o atenolol e o propranolol, inibidores da ECA, como o captopril e o enalapril, vasodilatadores, como hidralazina, e diuréticos, como hidroclorotiazida e furosemida).",1,fonte1,manual,1.0
clonixinato de lisina cloridrato de ciclobenzaprin,hidroclorotiazida,"O clonixinato de lisina + cloridrato de ciclobenzaprina diminui a ação dos agentes anti -hipertensivos (betabloqueadores como o atenolol e o propranolol, inibidores da ECA, como o captopril e o enalapril, vasodilatadores, como hidralazina, e diuréticos, como hidroclorotiazida e furosemida).",1,fonte1,manual,1.0
clonixinato de lisina cloridrato de ciclobenzaprin,furosemida,"O clonixinato de lisina + cloridrato de ciclobenzaprina diminui a ação dos agentes anti -hipertensivos (betabloqueadores como o atenolol e o propranolol, inibidores da ECA, como o captopril e o enalapril, vasodilatadores, como hidralazina, e diuréticos, como hidroclorotiazida e furosemida).",1,fonte1,manual,1.0
clonixinato de lisina cloridrato de ciclobenzaprin,enalapril,"O clonixinato de lisina + cloridrato de ciclobenzaprina diminui a ação dos agentes anti -hipertensivos (betabloqueadores como o atenolol e o propranolol, inibidores da ECA, como o captopril e o enalapril, vasodilatadores, como hidralazina, e diuréticos, como hidroclorotiazida e furosemida).",1,fonte1,manual,1.0
besilato de anlodipino losartana potassica,claritromicina,"Efeito da interação: aumento dos níveis séricos de anlodipina ou da exposição à anlodipino Medicamento: telaprevir, claritromicina Efeito da interação: diminuição de efeito antiplaquetário Medicamento: clopidogrel Efeito da interação: aumento da concentração sérica e aumento de risco de miopatias Medicamento: sinvastatina Efeito da interação: diminuição da exposição à 5-fluorouracil a Medicamento: tegafur Efeito da interação: aumento da exposição e aumento de risco de prolongamento do intervalo QT Medicamento: domperidona Efeito da interação: diminuição de exposição aos substratos do CYP3A4 Medicamento: carbamazepina, dabrafenibe Efeito da interação: Alteração na concentração plasmática de anlodipino.",1,fonte1,manual,1.0
besilato de anlodipino losartana potassica,sinvastatina,"Efeito da interação: aumento dos níveis séricos de anlodipina ou da exposição à anlodipino Medicamento: telaprevir, claritromicina Efeito da interação: diminuição de efeito antiplaquetário Medicamento: clopidogrel Efeito da interação: aumento da concentração sérica e aumento de risco de miopatias Medicamento: sinvastatina Efeito da interação: diminuição da exposição à 5-fluorouracil a Medicamento: tegafur Efeito da interação: aumento da exposição e aumento de risco de prolongamento do intervalo QT Medicamento: domperidona Efeito da interação: diminuição de exposição aos substratos do CYP3A4 Medicamento: carbamazepina, dabrafenibe Efeito da interação: Alteração na concentração plasmática de anlodipino.",1,fonte1,manual,1.0
besilato de anlodipino losartana potassica,carbamazepina,"Efeito da interação: aumento dos níveis séricos de anlodipina ou da exposição à anlodipino Medicamento: telaprevir, claritromicina Efeito da interação: diminuição de efeito antiplaquetário Medicamento: clopidogrel Efeito da interação: aumento da concentração sérica e aumento de risco de miopatias Medicamento: sinvastatina Efeito da interação: diminuição da exposição à 5-fluorouracil a Medicamento: tegafur Efeito da interação: aumento da exposição e aumento de risco de prolongamento do intervalo QT Medicamento: domperidona Efeito da interação: diminuição de exposição aos substratos do CYP3A4 Medicamento: carbamazepina, dabrafenibe Efeito da interação: Alteração na concentração plasmática de anlodipino.",1,fonte1,manual,1.0
besilato de anlodipino losartana potassica,anlodipino,"Efeito da interação: aumento dos níveis séricos de anlodipina ou da exposição à anlodipino Medicamento: telaprevir, claritromicina Efeito da interação: diminuição de efeito antiplaquetário Medicamento: clopidogrel Efeito da interação: aumento da concentração sérica e aumento de risco de miopatias Medicamento: sinvastatina Efeito da interação: diminuição da exposição à 5-fluorouracil a Medicamento: tegafur Efeito da interação: aumento da exposição e aumento de risco de prolongamento do intervalo QT Medicamento: domperidona Efeito da interação: diminuição de exposição aos substratos do CYP3A4 Medicamento: carbamazepina, dabrafenibe Efeito da interação: Alteração na concentração plasmática de anlodipino.",1,fonte1,manual,1.0
besilato de anlodipino losartana potassica,cetoconazol,"Efeito de interação: aumento da concentração sérica de anlodipino e toxicidade (tontura, hipotensão, rubor, cefaleia , edema periférico) Medicamento: fluconazol, cetoconazol, itraconazol Efeito de interação: aumento da concentração sérica dos bloqueadores dos canais de cálcio.",1,fonte1,manual,1.0
besilato de anlodipino losartana potassica,fluconazol,"Efeito de interação: aumento da concentração sérica de anlodipino e toxicidade (tontura, hipotensão, rubor, cefaleia , edema periférico) Medicamento: fluconazol, cetoconazol, itraconazol Efeito de interação: aumento da concentração sérica dos bloqueadores dos canais de cálcio.",1,fonte1,manual,1.0
besilato de anlodipino losartana potassica,itraconazol,"Efeito de interação: aumento da concentração sérica de anlodipino e toxicidade (tontura, hipotensão, rubor, cefaleia , edema periférico) Medicamento: fluconazol, cetoconazol, itraconazol Efeito de interação: aumento da concentração sérica dos bloqueadores dos canais de cálcio.",1,fonte1,manual,1.0
besilato de anlodipino losartana potassica,anlodipino,"Efeito de interação: aumento da concentração sérica de anlodipino e toxicidade (tontura, hipotensão, rubor, cefaleia , edema periférico) Medicamento: fluconazol, cetoconazol, itraconazol Efeito de interação: aumento da concentração sérica dos bloqueadores dos canais de cálcio.",1,fonte1,manual,1.0
budesonida,eritromicina,"INTERAÇÕES MEDICAMENTOSAS O uso concomitante de budesonida intranasal e inibidores d o citocromo P450, especialmente da isoenzima CYP3A4 (i.e. , produtos que contenham cobicistate , cetoconazol , ritonavir, atazanavir , claritromicina , indinavir , eritromicina, nefazodona, nelfinavir, saquinavir, telitromicina, itraconazol) causa o aumento da concentração de budesonida no plasma, levando à um risco aumento de eventos adversos sistêmicos, como Síndrome de Cushing e supressão adrenal.",2,fonte1,manual,1.0
budesonida,claritromicina,"INTERAÇÕES MEDICAMENTOSAS O uso concomitante de budesonida intranasal e inibidores d o citocromo P450, especialmente da isoenzima CYP3A4 (i.e. , produtos que contenham cobicistate , cetoconazol , ritonavir, atazanavir , claritromicina , indinavir , eritromicina, nefazodona, nelfinavir, saquinavir, telitromicina, itraconazol) causa o aumento da concentração de budesonida no plasma, levando à um risco aumento de eventos adversos sistêmicos, como Síndrome de Cushing e supressão adrenal.",2,fonte1,manual,1.0
budesonida,cetoconazol,"INTERAÇÕES MEDICAMENTOSAS O uso concomitante de budesonida intranasal e inibidores d o citocromo P450, especialmente da isoenzima CYP3A4 (i.e. , produtos que contenham cobicistate , cetoconazol , ritonavir, atazanavir , claritromicina , indinavir , eritromicina, nefazodona, nelfinavir, saquinavir, telitromicina, itraconazol) causa o aumento da concentração de budesonida no plasma, levando à um risco aumento de eventos adversos sistêmicos, como Síndrome de Cushing e supressão adrenal.",2,fonte1,manual,1.0
budesonida,itraconazol,"INTERAÇÕES MEDICAMENTOSAS O uso concomitante de budesonida intranasal e inibidores d o citocromo P450, especialmente da isoenzima CYP3A4 (i.e. , produtos que contenham cobicistate , cetoconazol , ritonavir, atazanavir , claritromicina , indinavir , eritromicina, nefazodona, nelfinavir, saquinavir, telitromicina, itraconazol) causa o aumento da concentração de budesonida no plasma, levando à um risco aumento de eventos adversos sistêmicos, como Síndrome de Cushing e supressão adrenal.",2,fonte1,manual,1.0
valsartana besilato de anlodipino,cetoconazol,"Entretanto, os inibidores fortes da CYP3A4 (por ex.: cetoconazol, itraconazol e ritonavir) podem aumentar as concentrações plasmáticas de anlodipino para uma extensão maior que diltiazem.",1,fonte1,manual,1.0
valsartana besilato de anlodipino,itraconazol,"Entretanto, os inibidores fortes da CYP3A4 (por ex.: cetoconazol, itraconazol e ritonavir) podem aumentar as concentrações plasmáticas de anlodipino para uma extensão maior que diltiazem.",1,fonte1,manual,1.0
valsartana besilato de anlodipino,anlodipino,"Entretanto, os inibidores fortes da CYP3A4 (por ex.: cetoconazol, itraconazol e ritonavir) podem aumentar as concentrações plasmáticas de anlodipino para uma extensão maior que diltiazem.",1,fonte1,manual,1.0
valsartana besilato de anlodipino,diltiazem,"Entretanto, os inibidores fortes da CYP3A4 (por ex.: cetoconazol, itraconazol e ritonavir) podem aumentar as concentrações plasmáticas de anlodipino para uma extensão maior que diltiazem.",1,fonte1,manual,1.0
clonixinato de lisina,metotrexato,"Nestes casos, pode ser necessário alterar as doses de um ou de outro ou mesmo modificar o tratamento. • Sais de lítio: usados no tratamento de transtornos bipolares. • Anti-hipertensivos: usados para tratamento da pressão alta.Diuréticos (por ex., hidroclorotiazida, indapamida, clortalidona): usados para aumentar a secreção de urina. • Anti-inflamatórios não esteroides. • Corticosteroides (por ex., hidrocortisona, prednisona, prednisolona, dexametasona): usados no tratamento de doenças inflamatórias. • Anticoagulantes orais, ticlopidina, heparina e trombolíticos (por ex., estreptoquinase, alteplase, tenectplase e reteplase): usados para impedir a formação de coágulos de sangue dentro dos vasos sanguíneos. • metotrexato: usado no tratamento do câncer e outras doenças, como artrite reumatoide.",1,fonte1,manual,1.0
clonixinato de lisina,hidroclorotiazida,"Nestes casos, pode ser necessário alterar as doses de um ou de outro ou mesmo modificar o tratamento. • Sais de lítio: usados no tratamento de transtornos bipolares. • Anti-hipertensivos: usados para tratamento da pressão alta.Diuréticos (por ex., hidroclorotiazida, indapamida, clortalidona): usados para aumentar a secreção de urina. • Anti-inflamatórios não esteroides. • Corticosteroides (por ex., hidrocortisona, prednisona, prednisolona, dexametasona): usados no tratamento de doenças inflamatórias. • Anticoagulantes orais, ticlopidina, heparina e trombolíticos (por ex., estreptoquinase, alteplase, tenectplase e reteplase): usados para impedir a formação de coágulos de sangue dentro dos vasos sanguíneos. • metotrexato: usado no tratamento do câncer e outras doenças, como artrite reumatoide.",1,fonte1,manual,1.0
clonixinato de lisina,anticoagulantes,"Nestes casos, pode ser necessário alterar as doses de um ou de outro ou mesmo modificar o tratamento. • Sais de lítio: usados no tratamento de transtornos bipolares. • Anti-hipertensivos: usados para tratamento da pressão alta.Diuréticos (por ex., hidroclorotiazida, indapamida, clortalidona): usados para aumentar a secreção de urina. • Anti-inflamatórios não esteroides. • Corticosteroides (por ex., hidrocortisona, prednisona, prednisolona, dexametasona): usados no tratamento de doenças inflamatórias. • Anticoagulantes orais, ticlopidina, heparina e trombolíticos (por ex., estreptoquinase, alteplase, tenectplase e reteplase): usados para impedir a formação de coágulos de sangue dentro dos vasos sanguíneos. • metotrexato: usado no tratamento do câncer e outras doenças, como artrite reumatoide.",1,fonte1,manual,1.0
clonixinato de lisina,corticosteroides,"Nestes casos, pode ser necessário alterar as doses de um ou de outro ou mesmo modificar o tratamento. • Sais de lítio: usados no tratamento de transtornos bipolares. • Anti-hipertensivos: usados para tratamento da pressão alta.Diuréticos (por ex., hidroclorotiazida, indapamida, clortalidona): usados para aumentar a secreção de urina. • Anti-inflamatórios não esteroides. • Corticosteroides (por ex., hidrocortisona, prednisona, prednisolona, dexametasona): usados no tratamento de doenças inflamatórias. • Anticoagulantes orais, ticlopidina, heparina e trombolíticos (por ex., estreptoquinase, alteplase, tenectplase e reteplase): usados para impedir a formação de coágulos de sangue dentro dos vasos sanguíneos. • metotrexato: usado no tratamento do câncer e outras doenças, como artrite reumatoide.",1,fonte1,manual,1.0
cloridrato de tansulosina,varfarina,"In vitro , nem diazepam, nem propranolol, triclormetiazida, clormadino na, amitriptilina, diclofenaco, glibenclamida, sinvastatina e nem varfarina modificam a fração livre da tansulosina no plasma humano.",0,fonte1,manual,1.0
cloridrato de tansulosina,sinvastatina,"In vitro , nem diazepam, nem propranolol, triclormetiazida, clormadino na, amitriptilina, diclofenaco, glibenclamida, sinvastatina e nem varfarina modificam a fração livre da tansulosina no plasma humano.",0,fonte1,manual,1.0
cloridrato de tansulosina,diazepam,"In vitro , nem diazepam, nem propranolol, triclormetiazida, clormadino na, amitriptilina, diclofenaco, glibenclamida, sinvastatina e nem varfarina modificam a fração livre da tansulosina no plasma humano.",0,fonte1,manual,1.0
cloridrato de tansulosina,glibenclamida,"In vitro , nem diazepam, nem propranolol, triclormetiazida, clormadino na, amitriptilina, diclofenaco, glibenclamida, sinvastatina e nem varfarina modificam a fração livre da tansulosina no plasma humano.",0,fonte1,manual,1.0
ticagrelor,eritromicina,"Outros moderados inibidores da CYP3A4 (por exemplo, amprenavir, aprepitanto, eritromicina, fluconazol e verapamil) podem ser coadministrados com ticagrelor . rifampicina e outros indutores da CYP3A4 : a coadministração de rifampicina com ticagrelor diminuiu a C máx e AUC de ticagrelor em 73% e 86%, respectivamente.",1,fonte1,manual,1.0
ticagrelor,fluconazol,"Outros moderados inibidores da CYP3A4 (por exemplo, amprenavir, aprepitanto, eritromicina, fluconazol e verapamil) podem ser coadministrados com ticagrelor . rifampicina e outros indutores da CYP3A4 : a coadministração de rifampicina com ticagrelor diminuiu a C máx e AUC de ticagrelor em 73% e 86%, respectivamente.",1,fonte1,manual,1.0
ticagrelor,rifampicina,"Outros moderados inibidores da CYP3A4 (por exemplo, amprenavir, aprepitanto, eritromicina, fluconazol e verapamil) podem ser coadministrados com ticagrelor . rifampicina e outros indutores da CYP3A4 : a coadministração de rifampicina com ticagrelor diminuiu a C máx e AUC de ticagrelor em 73% e 86%, respectivamente.",1,fonte1,manual,1.0
ticagrelor,verapamil,"Outros moderados inibidores da CYP3A4 (por exemplo, amprenavir, aprepitanto, eritromicina, fluconazol e verapamil) podem ser coadministrados com ticagrelor . rifampicina e outros indutores da CYP3A4 : a coadministração de rifampicina com ticagrelor diminuiu a C máx e AUC de ticagrelor em 73% e 86%, respectivamente.",1,fonte1,manual,1.0
pantoprazol magnesico di-hidratado,diazepam,"Os estudos de interação com fármacos que também são metabolizados com estas vias, como a carbamazepina, diazepam, glibenclamida, nifedipino, fenitoína e contraceptivo oral contendo levonorgestrel e etinilestradiol, não observaram interações clínicas significativas.",0,fonte1,manual,1.0
pantoprazol magnesico di-hidratado,carbamazepina,"Os estudos de interação com fármacos que também são metabolizados com estas vias, como a carbamazepina, diazepam, glibenclamida, nifedipino, fenitoína e contraceptivo oral contendo levonorgestrel e etinilestradiol, não observaram interações clínicas significativas.",0,fonte1,manual,1.0
pantoprazol magnesico di-hidratado,glibenclamida,"Os estudos de interação com fármacos que também são metabolizados com estas vias, como a carbamazepina, diazepam, glibenclamida, nifedipino, fenitoína e contraceptivo oral contendo levonorgestrel e etinilestradiol, não observaram interações clínicas significativas.",0,fonte1,manual,1.0
pantoprazol magnesico di-hidratado,nifedipino,"Os estudos de interação com fármacos que também são metabolizados com estas vias, como a carbamazepina, diazepam, glibenclamida, nifedipino, fenitoína e contraceptivo oral contendo levonorgestrel e etinilestradiol, não observaram interações clínicas significativas.",0,fonte1,manual,1.0
cloridrato de donepezila,sertralina,"O metabolismo do cloridrato de donepezila não é alterado pela administração concomitante de digoxina, cimetidina, tioridazina, risperidona e sertralina.",0,fonte1,manual,1.0
cloridrato de donepezila,digoxina,"O metabolismo do cloridrato de donepezila não é alterado pela administração concomitante de digoxina, cimetidina, tioridazina, risperidona e sertralina.",0,fonte1,manual,1.0
cloridrato de donepezila,risperidona,"O metabolismo do cloridrato de donepezila não é alterado pela administração concomitante de digoxina, cimetidina, tioridazina, risperidona e sertralina.",0,fonte1,manual,1.0
cloridrato de donepezila,cimetidina,"O metabolismo do cloridrato de donepezila não é alterado pela administração concomitante de digoxina, cimetidina, tioridazina, risperidona e sertralina.",0,fonte1,manual,1.0
glimepirida cloridrato de metformina,metformina,"INTERAÇÕES MEDICAMENTOSAS Certos agentes hiperglicemiantes (corticosteroides, diuréticos tiazídicos, contraceptivos orais) podem alterar o curso do diabetes e tornar necessário o aumento da dose de cloridrato de metformina ou sua combinação com sulfonilureias hipoglicemiantes ou terapia com insulina.",1,fonte1,manual,1.0
glimepirida cloridrato de metformina,insulina,"INTERAÇÕES MEDICAMENTOSAS Certos agentes hiperglicemiantes (corticosteroides, diuréticos tiazídicos, contraceptivos orais) podem alterar o curso do diabetes e tornar necessário o aumento da dose de cloridrato de metformina ou sua combinação com sulfonilureias hipoglicemiantes ou terapia com insulina.",1,fonte1,manual,1.0
glimepirida cloridrato de metformina,contraceptivos,"INTERAÇÕES MEDICAMENTOSAS Certos agentes hiperglicemiantes (corticosteroides, diuréticos tiazídicos, contraceptivos orais) podem alterar o curso do diabetes e tornar necessário o aumento da dose de cloridrato de metformina ou sua combinação com sulfonilureias hipoglicemiantes ou terapia com insulina.",1,fonte1,manual,1.0
glimepirida cloridrato de metformina,corticosteroides,"INTERAÇÕES MEDICAMENTOSAS Certos agentes hiperglicemiantes (corticosteroides, diuréticos tiazídicos, contraceptivos orais) podem alterar o curso do diabetes e tornar necessário o aumento da dose de cloridrato de metformina ou sua combinação com sulfonilureias hipoglicemiantes ou terapia com insulina.",1,fonte1,manual,1.0
cloridrato de memantina,varfarina,"Existe um relato de caso clínico publicad o sobre um possível risco da combinação da memantina com a fenitoína.  Outras substâncias ativas como cimetidina, ranitidina, procainamida, quinidina, quinina e nicotina, que utilizam o mesmo sistema de transporte renal de cátions que a amantadina, també m poderão interagir com a memantina levando a um risco potencial de aumento dos seus níveis séricos.  É possível que haja uma redução dos níveis séricos da hidroclorotiazida (HCT) quando esta, ou qualquer combinação contendo hidroclorotiazida, é adminis trada concomitantemente com a memantina.  Na experiência pós -comercialização foram notificados casos isolados de aumento da relação normalizada internacional (RNI) em pacientes tratados concomitantemente com varfarina.",1,fonte1,manual,1.0
cloridrato de memantina,hidroclorotiazida,"Existe um relato de caso clínico publicad o sobre um possível risco da combinação da memantina com a fenitoína.  Outras substâncias ativas como cimetidina, ranitidina, procainamida, quinidina, quinina e nicotina, que utilizam o mesmo sistema de transporte renal de cátions que a amantadina, també m poderão interagir com a memantina levando a um risco potencial de aumento dos seus níveis séricos.  É possível que haja uma redução dos níveis séricos da hidroclorotiazida (HCT) quando esta, ou qualquer combinação contendo hidroclorotiazida, é adminis trada concomitantemente com a memantina.  Na experiência pós -comercialização foram notificados casos isolados de aumento da relação normalizada internacional (RNI) em pacientes tratados concomitantemente com varfarina.",1,fonte1,manual,1.0
cloridrato de memantina,cimetidina,"Existe um relato de caso clínico publicad o sobre um possível risco da combinação da memantina com a fenitoína.  Outras substâncias ativas como cimetidina, ranitidina, procainamida, quinidina, quinina e nicotina, que utilizam o mesmo sistema de transporte renal de cátions que a amantadina, també m poderão interagir com a memantina levando a um risco potencial de aumento dos seus níveis séricos.  É possível que haja uma redução dos níveis séricos da hidroclorotiazida (HCT) quando esta, ou qualquer combinação contendo hidroclorotiazida, é adminis trada concomitantemente com a memantina.  Na experiência pós -comercialização foram notificados casos isolados de aumento da relação normalizada internacional (RNI) em pacientes tratados concomitantemente com varfarina.",1,fonte1,manual,1.0
cloridrato de memantina,ranitidina,"Existe um relato de caso clínico publicad o sobre um possível risco da combinação da memantina com a fenitoína.  Outras substâncias ativas como cimetidina, ranitidina, procainamida, quinidina, quinina e nicotina, que utilizam o mesmo sistema de transporte renal de cátions que a amantadina, també m poderão interagir com a memantina levando a um risco potencial de aumento dos seus níveis séricos.  É possível que haja uma redução dos níveis séricos da hidroclorotiazida (HCT) quando esta, ou qualquer combinação contendo hidroclorotiazida, é adminis trada concomitantemente com a memantina.  Na experiência pós -comercialização foram notificados casos isolados de aumento da relação normalizada internacional (RNI) em pacientes tratados concomitantemente com varfarina.",1,fonte1,manual,1.0
cetoprofeno,captopril,"Portanto, estes pacientes de vem ser reidratados antes do início do tratamento concomitante e a função dos rins deve ser monitorada quando o tratamento for iniciado (vide “ O QUE DEVO SABER ANTES DE USAR ESTE MEDICAMENTO? ”). - Inibidores da ECA -enzima conversora da angiotensina (ex: captopril, enalapril, lisinopril) e antagonistas da angiotensina II (ex: irbesartana, losartana, valsartana): em pacientes com comprometimento da função dos rins (ex. pacientes desidratados ou pacientes idosos), a coadministração de um inibidor da ECA ou de um antagonista da angiotensina II e de um agente que inibe a ciclo oxigenase (tipo de enzima) pode promover a deterioração da função dos rins, incluindo a possibilidade de insuficiência dos rins aguda. - Metotrexato em doses menores do que 15 mg/seman a: converse com seu médico caso esteja tomando metotrexato devido a possibilidade de ocorrer alteração da função dos rins.",1,fonte1,manual,1.0
cetoprofeno,losartana,"Portanto, estes pacientes de vem ser reidratados antes do início do tratamento concomitante e a função dos rins deve ser monitorada quando o tratamento for iniciado (vide “ O QUE DEVO SABER ANTES DE USAR ESTE MEDICAMENTO? ”). - Inibidores da ECA -enzima conversora da angiotensina (ex: captopril, enalapril, lisinopril) e antagonistas da angiotensina II (ex: irbesartana, losartana, valsartana): em pacientes com comprometimento da função dos rins (ex. pacientes desidratados ou pacientes idosos), a coadministração de um inibidor da ECA ou de um antagonista da angiotensina II e de um agente que inibe a ciclo oxigenase (tipo de enzima) pode promover a deterioração da função dos rins, incluindo a possibilidade de insuficiência dos rins aguda. - Metotrexato em doses menores do que 15 mg/seman a: converse com seu médico caso esteja tomando metotrexato devido a possibilidade de ocorrer alteração da função dos rins.",1,fonte1,manual,1.0
cetoprofeno,metotrexato,"Portanto, estes pacientes de vem ser reidratados antes do início do tratamento concomitante e a função dos rins deve ser monitorada quando o tratamento for iniciado (vide “ O QUE DEVO SABER ANTES DE USAR ESTE MEDICAMENTO? ”). - Inibidores da ECA -enzima conversora da angiotensina (ex: captopril, enalapril, lisinopril) e antagonistas da angiotensina II (ex: irbesartana, losartana, valsartana): em pacientes com comprometimento da função dos rins (ex. pacientes desidratados ou pacientes idosos), a coadministração de um inibidor da ECA ou de um antagonista da angiotensina II e de um agente que inibe a ciclo oxigenase (tipo de enzima) pode promover a deterioração da função dos rins, incluindo a possibilidade de insuficiência dos rins aguda. - Metotrexato em doses menores do que 15 mg/seman a: converse com seu médico caso esteja tomando metotrexato devido a possibilidade de ocorrer alteração da função dos rins.",1,fonte1,manual,1.0
cetoprofeno,enalapril,"Portanto, estes pacientes de vem ser reidratados antes do início do tratamento concomitante e a função dos rins deve ser monitorada quando o tratamento for iniciado (vide “ O QUE DEVO SABER ANTES DE USAR ESTE MEDICAMENTO? ”). - Inibidores da ECA -enzima conversora da angiotensina (ex: captopril, enalapril, lisinopril) e antagonistas da angiotensina II (ex: irbesartana, losartana, valsartana): em pacientes com comprometimento da função dos rins (ex. pacientes desidratados ou pacientes idosos), a coadministração de um inibidor da ECA ou de um antagonista da angiotensina II e de um agente que inibe a ciclo oxigenase (tipo de enzima) pode promover a deterioração da função dos rins, incluindo a possibilidade de insuficiência dos rins aguda. - Metotrexato em doses menores do que 15 mg/seman a: converse com seu médico caso esteja tomando metotrexato devido a possibilidade de ocorrer alteração da função dos rins.",1,fonte1,manual,1.0
besilato de anlodipino,varfarina,"Dados in vitro de estudos com plasma humano indicam que o anlodipino não af eta a ligação às proteínas dos fármacos testados (digoxina, fenitoín a, varfarina ou indometacina). sinvastatina: a coadministração de múltiplas doses de 10 mg de anlodipino com 80 mg de sinvastatina resultou em um aumento de 77% na exposição à sinvastatina em comp aração com a sinvastatina isolada.",1,fonte1,manual,1.0
besilato de anlodipino,sinvastatina,"Dados in vitro de estudos com plasma humano indicam que o anlodipino não af eta a ligação às proteínas dos fármacos testados (digoxina, fenitoín a, varfarina ou indometacina). sinvastatina: a coadministração de múltiplas doses de 10 mg de anlodipino com 80 mg de sinvastatina resultou em um aumento de 77% na exposição à sinvastatina em comp aração com a sinvastatina isolada.",1,fonte1,manual,1.0
besilato de anlodipino,digoxina,"Dados in vitro de estudos com plasma humano indicam que o anlodipino não af eta a ligação às proteínas dos fármacos testados (digoxina, fenitoín a, varfarina ou indometacina). sinvastatina: a coadministração de múltiplas doses de 10 mg de anlodipino com 80 mg de sinvastatina resultou em um aumento de 77% na exposição à sinvastatina em comp aração com a sinvastatina isolada.",1,fonte1,manual,1.0
besilato de anlodipino,anlodipino,"Dados in vitro de estudos com plasma humano indicam que o anlodipino não af eta a ligação às proteínas dos fármacos testados (digoxina, fenitoín a, varfarina ou indometacina). sinvastatina: a coadministração de múltiplas doses de 10 mg de anlodipino com 80 mg de sinvastatina resultou em um aumento de 77% na exposição à sinvastatina em comp aração com a sinvastatina isolada.",1,fonte1,manual,1.0
ritonavir,claritromicina,"Tabel a 2: Efeito s na AUC e Cmáx na coadministração de ritonavir com outro s fármacos Fárma co Dosa gem de ritonavir n AUC % (95% de intervalo de confiança) Cmáx (95% de intervalo de confiança) claritromicina 500 mg 12/12 h por 4 dias 200 mg 8/8 h por 4 dias 22 ↑ 12% (2,23%) ↑ 15% (2,28%) didanosina 200 mg 12/12 h por 4 dias 600 mg 12/12 h por 4 dias 12 ↔ ↔ fluconazol 400 mg/1º dia e 200 mg/dia por 4 dias 200 mg 6/6 h por 4 dias 8 ↑ 12% (5,20%) ↑ 15% (7,22%) fluoxetina 30 mg 12/12 h por 8 dias 600 mg dose única 16 ↑ 19% (7,34%) ↔ rifampicina 600 mg ou 300 mg/dia por 10 dias 500 mg 12/12 h por 20 dias 7,9* ↓ 35% (7,55%) ↓25% (-5,46%) zidovudina 200 mg 8/8 h por 4 dias 300 mg 6/6 h por 4 dias 10 ↔ ↔ ↑ indica “aumento” ↓ indica “redução” ↔ indica “sem alterações” * Desenho de grupo paralelo, indivíduos receben do regimes de combinação e controle, respectivamente.",1,fonte1,manual,1.0
ritonavir,fluoxetina,"Tabel a 2: Efeito s na AUC e Cmáx na coadministração de ritonavir com outro s fármacos Fárma co Dosa gem de ritonavir n AUC % (95% de intervalo de confiança) Cmáx (95% de intervalo de confiança) claritromicina 500 mg 12/12 h por 4 dias 200 mg 8/8 h por 4 dias 22 ↑ 12% (2,23%) ↑ 15% (2,28%) didanosina 200 mg 12/12 h por 4 dias 600 mg 12/12 h por 4 dias 12 ↔ ↔ fluconazol 400 mg/1º dia e 200 mg/dia por 4 dias 200 mg 6/6 h por 4 dias 8 ↑ 12% (5,20%) ↑ 15% (7,22%) fluoxetina 30 mg 12/12 h por 8 dias 600 mg dose única 16 ↑ 19% (7,34%) ↔ rifampicina 600 mg ou 300 mg/dia por 10 dias 500 mg 12/12 h por 20 dias 7,9* ↓ 35% (7,55%) ↓25% (-5,46%) zidovudina 200 mg 8/8 h por 4 dias 300 mg 6/6 h por 4 dias 10 ↔ ↔ ↑ indica “aumento” ↓ indica “redução” ↔ indica “sem alterações” * Desenho de grupo paralelo, indivíduos receben do regimes de combinação e controle, respectivamente.",1,fonte1,manual,1.0
ritonavir,fluconazol,"Tabel a 2: Efeito s na AUC e Cmáx na coadministração de ritonavir com outro s fármacos Fárma co Dosa gem de ritonavir n AUC % (95% de intervalo de confiança) Cmáx (95% de intervalo de confiança) claritromicina 500 mg 12/12 h por 4 dias 200 mg 8/8 h por 4 dias 22 ↑ 12% (2,23%) ↑ 15% (2,28%) didanosina 200 mg 12/12 h por 4 dias 600 mg 12/12 h por 4 dias 12 ↔ ↔ fluconazol 400 mg/1º dia e 200 mg/dia por 4 dias 200 mg 6/6 h por 4 dias 8 ↑ 12% (5,20%) ↑ 15% (7,22%) fluoxetina 30 mg 12/12 h por 8 dias 600 mg dose única 16 ↑ 19% (7,34%) ↔ rifampicina 600 mg ou 300 mg/dia por 10 dias 500 mg 12/12 h por 20 dias 7,9* ↓ 35% (7,55%) ↓25% (-5,46%) zidovudina 200 mg 8/8 h por 4 dias 300 mg 6/6 h por 4 dias 10 ↔ ↔ ↑ indica “aumento” ↓ indica “redução” ↔ indica “sem alterações” * Desenho de grupo paralelo, indivíduos receben do regimes de combinação e controle, respectivamente.",1,fonte1,manual,1.0
ritonavir,rifampicina,"Tabel a 2: Efeito s na AUC e Cmáx na coadministração de ritonavir com outro s fármacos Fárma co Dosa gem de ritonavir n AUC % (95% de intervalo de confiança) Cmáx (95% de intervalo de confiança) claritromicina 500 mg 12/12 h por 4 dias 200 mg 8/8 h por 4 dias 22 ↑ 12% (2,23%) ↑ 15% (2,28%) didanosina 200 mg 12/12 h por 4 dias 600 mg 12/12 h por 4 dias 12 ↔ ↔ fluconazol 400 mg/1º dia e 200 mg/dia por 4 dias 200 mg 6/6 h por 4 dias 8 ↑ 12% (5,20%) ↑ 15% (7,22%) fluoxetina 30 mg 12/12 h por 8 dias 600 mg dose única 16 ↑ 19% (7,34%) ↔ rifampicina 600 mg ou 300 mg/dia por 10 dias 500 mg 12/12 h por 20 dias 7,9* ↓ 35% (7,55%) ↓25% (-5,46%) zidovudina 200 mg 8/8 h por 4 dias 300 mg 6/6 h por 4 dias 10 ↔ ↔ ↑ indica “aumento” ↓ indica “redução” ↔ indica “sem alterações” * Desenho de grupo paralelo, indivíduos receben do regimes de combinação e controle, respectivamente.",1,fonte1,manual,1.0
voriconazol,eritromicina,"Consulte a bula do produto mavacanteno para obter mais informações. cimetidina (400 mg duas vezes ao dia) [inibidor não específico da CYP450 e eleva o pH gástrico] voriconazol C máx ↑18% voriconazol AUC  ↑23% Sem ajuste da dose digoxina (0,25 mg uma vez ao dia) [substrato da P -gp] digoxina C máx ↔ digoxina AUC ↔ Sem ajuste da dose indinavir (800 mg três vezes ao dia) [inibidor e substrato da CYP3A4] indinavir C máx ↔ indinavir AUC ↔ voriconazol C máx ↔ voriconazol AUC ↔ Sem ajuste da dose Antibióticos macrolídeos eritromicina (1 g duas vezes ao dia) [inibidor da CYP3A4] azitromicina (500 mg QD) voriconazol C máx e AUC↔ voriconazol C máx e AUC↔ Sem ajuste da dose Medicamento [mecanismo de interação] Interação Alterações da média geométrica (%) Recomendações referentes à coadministração O efeito de voriconazol sobre a eritromicina ou a azitromicina é desconhecido. ácido micofenólico (1 g dose única) [substrato da UDP -glicuronil transferase] ácido micofenólico C máx ↔ ácido micofenólico AUCt ↔ Sem ajuste da dose Corticoster oides prednisolona (60 mg dose única) [substrato da CYP3A4] prednisolona C máx ↑11% prednisolona AUC 0-∞ ↑34% Sem ajuste da dose Os pacientes em tratamento a longo prazo com voriconazol e corticosteroides (incluindo corticosteroides inalados, como por exemplo , budesonida) devem ser cuidadosamente monitorados quanto à disfunção do córtex adrenal durante o tratamento e quando o voriconazol é interrompido (vide item 5.",1,fonte1,manual,1.0
voriconazol,digoxina,"Consulte a bula do produto mavacanteno para obter mais informações. cimetidina (400 mg duas vezes ao dia) [inibidor não específico da CYP450 e eleva o pH gástrico] voriconazol C máx ↑18% voriconazol AUC  ↑23% Sem ajuste da dose digoxina (0,25 mg uma vez ao dia) [substrato da P -gp] digoxina C máx ↔ digoxina AUC ↔ Sem ajuste da dose indinavir (800 mg três vezes ao dia) [inibidor e substrato da CYP3A4] indinavir C máx ↔ indinavir AUC ↔ voriconazol C máx ↔ voriconazol AUC ↔ Sem ajuste da dose Antibióticos macrolídeos eritromicina (1 g duas vezes ao dia) [inibidor da CYP3A4] azitromicina (500 mg QD) voriconazol C máx e AUC↔ voriconazol C máx e AUC↔ Sem ajuste da dose Medicamento [mecanismo de interação] Interação Alterações da média geométrica (%) Recomendações referentes à coadministração O efeito de voriconazol sobre a eritromicina ou a azitromicina é desconhecido. ácido micofenólico (1 g dose única) [substrato da UDP -glicuronil transferase] ácido micofenólico C máx ↔ ácido micofenólico AUCt ↔ Sem ajuste da dose Corticoster oides prednisolona (60 mg dose única) [substrato da CYP3A4] prednisolona C máx ↑11% prednisolona AUC 0-∞ ↑34% Sem ajuste da dose Os pacientes em tratamento a longo prazo com voriconazol e corticosteroides (incluindo corticosteroides inalados, como por exemplo , budesonida) devem ser cuidadosamente monitorados quanto à disfunção do córtex adrenal durante o tratamento e quando o voriconazol é interrompido (vide item 5.",1,fonte1,manual,1.0
voriconazol,cimetidina,"Consulte a bula do produto mavacanteno para obter mais informações. cimetidina (400 mg duas vezes ao dia) [inibidor não específico da CYP450 e eleva o pH gástrico] voriconazol C máx ↑18% voriconazol AUC  ↑23% Sem ajuste da dose digoxina (0,25 mg uma vez ao dia) [substrato da P -gp] digoxina C máx ↔ digoxina AUC ↔ Sem ajuste da dose indinavir (800 mg três vezes ao dia) [inibidor e substrato da CYP3A4] indinavir C máx ↔ indinavir AUC ↔ voriconazol C máx ↔ voriconazol AUC ↔ Sem ajuste da dose Antibióticos macrolídeos eritromicina (1 g duas vezes ao dia) [inibidor da CYP3A4] azitromicina (500 mg QD) voriconazol C máx e AUC↔ voriconazol C máx e AUC↔ Sem ajuste da dose Medicamento [mecanismo de interação] Interação Alterações da média geométrica (%) Recomendações referentes à coadministração O efeito de voriconazol sobre a eritromicina ou a azitromicina é desconhecido. ácido micofenólico (1 g dose única) [substrato da UDP -glicuronil transferase] ácido micofenólico C máx ↔ ácido micofenólico AUCt ↔ Sem ajuste da dose Corticoster oides prednisolona (60 mg dose única) [substrato da CYP3A4] prednisolona C máx ↑11% prednisolona AUC 0-∞ ↑34% Sem ajuste da dose Os pacientes em tratamento a longo prazo com voriconazol e corticosteroides (incluindo corticosteroides inalados, como por exemplo , budesonida) devem ser cuidadosamente monitorados quanto à disfunção do córtex adrenal durante o tratamento e quando o voriconazol é interrompido (vide item 5.",1,fonte1,manual,1.0
voriconazol,corticosteroides,"Consulte a bula do produto mavacanteno para obter mais informações. cimetidina (400 mg duas vezes ao dia) [inibidor não específico da CYP450 e eleva o pH gástrico] voriconazol C máx ↑18% voriconazol AUC  ↑23% Sem ajuste da dose digoxina (0,25 mg uma vez ao dia) [substrato da P -gp] digoxina C máx ↔ digoxina AUC ↔ Sem ajuste da dose indinavir (800 mg três vezes ao dia) [inibidor e substrato da CYP3A4] indinavir C máx ↔ indinavir AUC ↔ voriconazol C máx ↔ voriconazol AUC ↔ Sem ajuste da dose Antibióticos macrolídeos eritromicina (1 g duas vezes ao dia) [inibidor da CYP3A4] azitromicina (500 mg QD) voriconazol C máx e AUC↔ voriconazol C máx e AUC↔ Sem ajuste da dose Medicamento [mecanismo de interação] Interação Alterações da média geométrica (%) Recomendações referentes à coadministração O efeito de voriconazol sobre a eritromicina ou a azitromicina é desconhecido. ácido micofenólico (1 g dose única) [substrato da UDP -glicuronil transferase] ácido micofenólico C máx ↔ ácido micofenólico AUCt ↔ Sem ajuste da dose Corticoster oides prednisolona (60 mg dose única) [substrato da CYP3A4] prednisolona C máx ↑11% prednisolona AUC 0-∞ ↑34% Sem ajuste da dose Os pacientes em tratamento a longo prazo com voriconazol e corticosteroides (incluindo corticosteroides inalados, como por exemplo , budesonida) devem ser cuidadosamente monitorados quanto à disfunção do córtex adrenal durante o tratamento e quando o voriconazol é interrompido (vide item 5.",1,fonte1,manual,1.0
isofarma-solucao de cloreto de potassio,ciclosporina,"Observar as informações abaixo sobre a administração da Isofarma - solução de cloreto de potássio com estas substâncias e medicamentos: - com a anfotericina B, pois são incompatíveis; - os corticoides e o ACTH podem diminuir os efeitos dos suplementos de potássio; - os diuréticos tiazídicos e retentores de potássio, os inibidores da ECA, AINE, bloqueadores beta -adrenérgicos, ciclosporina, heparina e medicamentos contendo potássio podem aumentar a concentração sérica de potássio com risco de causar hipercalemia; - o captopril e o enalapril podem produzir hiperpotassemia.",1,fonte1,manual,1.0
isofarma-solucao de cloreto de potassio,captopril,"Observar as informações abaixo sobre a administração da Isofarma - solução de cloreto de potássio com estas substâncias e medicamentos: - com a anfotericina B, pois são incompatíveis; - os corticoides e o ACTH podem diminuir os efeitos dos suplementos de potássio; - os diuréticos tiazídicos e retentores de potássio, os inibidores da ECA, AINE, bloqueadores beta -adrenérgicos, ciclosporina, heparina e medicamentos contendo potássio podem aumentar a concentração sérica de potássio com risco de causar hipercalemia; - o captopril e o enalapril podem produzir hiperpotassemia.",1,fonte1,manual,1.0
isofarma-solucao de cloreto de potassio,enalapril,"Observar as informações abaixo sobre a administração da Isofarma - solução de cloreto de potássio com estas substâncias e medicamentos: - com a anfotericina B, pois são incompatíveis; - os corticoides e o ACTH podem diminuir os efeitos dos suplementos de potássio; - os diuréticos tiazídicos e retentores de potássio, os inibidores da ECA, AINE, bloqueadores beta -adrenérgicos, ciclosporina, heparina e medicamentos contendo potássio podem aumentar a concentração sérica de potássio com risco de causar hipercalemia; - o captopril e o enalapril podem produzir hiperpotassemia.",1,fonte1,manual,1.0
isofarma-solucao de cloreto de potassio,aine,"Observar as informações abaixo sobre a administração da Isofarma - solução de cloreto de potássio com estas substâncias e medicamentos: - com a anfotericina B, pois são incompatíveis; - os corticoides e o ACTH podem diminuir os efeitos dos suplementos de potássio; - os diuréticos tiazídicos e retentores de potássio, os inibidores da ECA, AINE, bloqueadores beta -adrenérgicos, ciclosporina, heparina e medicamentos contendo potássio podem aumentar a concentração sérica de potássio com risco de causar hipercalemia; - o captopril e o enalapril podem produzir hiperpotassemia.",1,fonte1,manual,1.0
fosfato dissodico de dexametasona,rifampicina,"A literatura cita ainda as seguintes interações, ap esar de não possuírem significância clínica relatada: - o ácido acetilsalicílico deve ser usado com caute la em conjunto com corticosteroides em hipoprotrombinemia. - fenitoína, fenobarbital, efedrina e rifampicina p odem acentuar a depuração metabólica dos corticosteroides, resultando em níveis sanguíneos d iminuídos e atividade fisiológica diminuída, requerendo portanto, ajuste na posologia de cortico steroide. - em pacientes que simultaneamente recebem corticos teroides e anticoagulantes cumarínicos, deve-se verificar frequentemente o tempo de protrom bina pois há referências ao fato de os corticosteroides alterarem a resposta a estes antic oagulantes.",1,fonte1,manual,1.0
fosfato dissodico de dexametasona,fenobarbital,"A literatura cita ainda as seguintes interações, ap esar de não possuírem significância clínica relatada: - o ácido acetilsalicílico deve ser usado com caute la em conjunto com corticosteroides em hipoprotrombinemia. - fenitoína, fenobarbital, efedrina e rifampicina p odem acentuar a depuração metabólica dos corticosteroides, resultando em níveis sanguíneos d iminuídos e atividade fisiológica diminuída, requerendo portanto, ajuste na posologia de cortico steroide. - em pacientes que simultaneamente recebem corticos teroides e anticoagulantes cumarínicos, deve-se verificar frequentemente o tempo de protrom bina pois há referências ao fato de os corticosteroides alterarem a resposta a estes antic oagulantes.",1,fonte1,manual,1.0
fosfato dissodico de dexametasona,anticoagulantes,"A literatura cita ainda as seguintes interações, ap esar de não possuírem significância clínica relatada: - o ácido acetilsalicílico deve ser usado com caute la em conjunto com corticosteroides em hipoprotrombinemia. - fenitoína, fenobarbital, efedrina e rifampicina p odem acentuar a depuração metabólica dos corticosteroides, resultando em níveis sanguíneos d iminuídos e atividade fisiológica diminuída, requerendo portanto, ajuste na posologia de cortico steroide. - em pacientes que simultaneamente recebem corticos teroides e anticoagulantes cumarínicos, deve-se verificar frequentemente o tempo de protrom bina pois há referências ao fato de os corticosteroides alterarem a resposta a estes antic oagulantes.",1,fonte1,manual,1.0
fosfato dissodico de dexametasona,corticosteroides,"A literatura cita ainda as seguintes interações, ap esar de não possuírem significância clínica relatada: - o ácido acetilsalicílico deve ser usado com caute la em conjunto com corticosteroides em hipoprotrombinemia. - fenitoína, fenobarbital, efedrina e rifampicina p odem acentuar a depuração metabólica dos corticosteroides, resultando em níveis sanguíneos d iminuídos e atividade fisiológica diminuída, requerendo portanto, ajuste na posologia de cortico steroide. - em pacientes que simultaneamente recebem corticos teroides e anticoagulantes cumarínicos, deve-se verificar frequentemente o tempo de protrom bina pois há referências ao fato de os corticosteroides alterarem a resposta a estes antic oagulantes.",1,fonte1,manual,1.0
besilato de anlodipino,varfarina,"Dados in vitro de estudos com plasma humano indi cam que o anlodipino não afeta a ligação às proteínas dos fármacos testados ( digoxina, fenitoína, varfarina ou indometacina). sinvastatina: a coadministração de múltiplas doses de 10mg de anlodipino com 80mg de sinvastatina resultou em um aumento de 77% na exposição à sinva statina em comparação com a sinvastatina isolada.",1,fonte1,manual,1.0
besilato de anlodipino,sinvastatina,"Dados in vitro de estudos com plasma humano indi cam que o anlodipino não afeta a ligação às proteínas dos fármacos testados ( digoxina, fenitoína, varfarina ou indometacina). sinvastatina: a coadministração de múltiplas doses de 10mg de anlodipino com 80mg de sinvastatina resultou em um aumento de 77% na exposição à sinva statina em comparação com a sinvastatina isolada.",1,fonte1,manual,1.0
besilato de anlodipino,digoxina,"Dados in vitro de estudos com plasma humano indi cam que o anlodipino não afeta a ligação às proteínas dos fármacos testados ( digoxina, fenitoína, varfarina ou indometacina). sinvastatina: a coadministração de múltiplas doses de 10mg de anlodipino com 80mg de sinvastatina resultou em um aumento de 77% na exposição à sinva statina em comparação com a sinvastatina isolada.",1,fonte1,manual,1.0
besilato de anlodipino,anlodipino,"Dados in vitro de estudos com plasma humano indi cam que o anlodipino não afeta a ligação às proteínas dos fármacos testados ( digoxina, fenitoína, varfarina ou indometacina). sinvastatina: a coadministração de múltiplas doses de 10mg de anlodipino com 80mg de sinvastatina resultou em um aumento de 77% na exposição à sinva statina em comparação com a sinvastatina isolada.",1,fonte1,manual,1.0
besilato de anlodipino,cetoconazol,"Inibidores fortes de CYP3A4 ( por ex. cetoconazol, itraconazol, ritonavir) podem aumentar as concentrações plasmát icas do anlodipino por uma extensão superior ao diltiazem.",1,fonte1,manual,1.0
besilato de anlodipino,itraconazol,"Inibidores fortes de CYP3A4 ( por ex. cetoconazol, itraconazol, ritonavir) podem aumentar as concentrações plasmát icas do anlodipino por uma extensão superior ao diltiazem.",1,fonte1,manual,1.0
besilato de anlodipino,anlodipino,"Inibidores fortes de CYP3A4 ( por ex. cetoconazol, itraconazol, ritonavir) podem aumentar as concentrações plasmát icas do anlodipino por uma extensão superior ao diltiazem.",1,fonte1,manual,1.0
besilato de anlodipino,diltiazem,"Inibidores fortes de CYP3A4 ( por ex. cetoconazol, itraconazol, ritonavir) podem aumentar as concentrações plasmát icas do anlodipino por uma extensão superior ao diltiazem.",1,fonte1,manual,1.0
cloridrato de verapamil,eritromicina,"Antibacterianos claritromicina Possível aumento nos níveis de verapamil --- eritromicina Possível aumento dos níveis de verapamil --- rifampicina Diminui ASC (~97%), C max (~94%) e biodisponibilidade oral (~92%) do verapamil.",1,fonte1,manual,1.0
cloridrato de verapamil,claritromicina,"Antibacterianos claritromicina Possível aumento nos níveis de verapamil --- eritromicina Possível aumento dos níveis de verapamil --- rifampicina Diminui ASC (~97%), C max (~94%) e biodisponibilidade oral (~92%) do verapamil.",1,fonte1,manual,1.0
cloridrato de verapamil,rifampicina,"Antibacterianos claritromicina Possível aumento nos níveis de verapamil --- eritromicina Possível aumento dos níveis de verapamil --- rifampicina Diminui ASC (~97%), C max (~94%) e biodisponibilidade oral (~92%) do verapamil.",1,fonte1,manual,1.0
cloridrato de verapamil,verapamil,"Antibacterianos claritromicina Possível aumento nos níveis de verapamil --- eritromicina Possível aumento dos níveis de verapamil --- rifampicina Diminui ASC (~97%), C max (~94%) e biodisponibilidade oral (~92%) do verapamil.",1,fonte1,manual,1.0
cimetidina,varfarina,"A inibição dessas enzimas po de resultar em aumento dos níveis plasmáticos de certas drogas, incluindo anticoagula ntes cumarínicos (por exemplo, varfarina), antidepressivos tricíclicos (como amitr iptilina), antiarrítmicos classe I (por exemplo, lidocaína, quinidina), bloqueadores de can ais de cálcio (como diltiazem), sulfonilureias (por exemplo, glipizida), fenitoína, teofilina, metoprolol, ciclosporina, tacrolimus e diazepam. 2) Inibição da secreção tubular renal, via transpor te catiônico orgânico (TCO) de proteínas.",1,fonte1,manual,1.0
cimetidina,ciclosporina,"A inibição dessas enzimas po de resultar em aumento dos níveis plasmáticos de certas drogas, incluindo anticoagula ntes cumarínicos (por exemplo, varfarina), antidepressivos tricíclicos (como amitr iptilina), antiarrítmicos classe I (por exemplo, lidocaína, quinidina), bloqueadores de can ais de cálcio (como diltiazem), sulfonilureias (por exemplo, glipizida), fenitoína, teofilina, metoprolol, ciclosporina, tacrolimus e diazepam. 2) Inibição da secreção tubular renal, via transpor te catiônico orgânico (TCO) de proteínas.",1,fonte1,manual,1.0
cimetidina,diazepam,"A inibição dessas enzimas po de resultar em aumento dos níveis plasmáticos de certas drogas, incluindo anticoagula ntes cumarínicos (por exemplo, varfarina), antidepressivos tricíclicos (como amitr iptilina), antiarrítmicos classe I (por exemplo, lidocaína, quinidina), bloqueadores de can ais de cálcio (como diltiazem), sulfonilureias (por exemplo, glipizida), fenitoína, teofilina, metoprolol, ciclosporina, tacrolimus e diazepam. 2) Inibição da secreção tubular renal, via transpor te catiônico orgânico (TCO) de proteínas.",1,fonte1,manual,1.0
cimetidina,diltiazem,"A inibição dessas enzimas po de resultar em aumento dos níveis plasmáticos de certas drogas, incluindo anticoagula ntes cumarínicos (por exemplo, varfarina), antidepressivos tricíclicos (como amitr iptilina), antiarrítmicos classe I (por exemplo, lidocaína, quinidina), bloqueadores de can ais de cálcio (como diltiazem), sulfonilureias (por exemplo, glipizida), fenitoína, teofilina, metoprolol, ciclosporina, tacrolimus e diazepam. 2) Inibição da secreção tubular renal, via transpor te catiônico orgânico (TCO) de proteínas.",1,fonte1,manual,1.0
valproato de sodio,diazepam,"Considerar a diminuição da dose de amitriptilina/nortriptilina na presença de valproato. -carbamazepina (CBZ)/carbamazepina -10,11 -epóxido (CBZ -E): níveis sanguíneos de CBZ diminuíram 17% enquanto que os de CBZ -E aumentaram em torno de 45% na administração em conjunto do valp roato de sódio e da CBZ em pacientes epilépticos. -clonazepam: o uso concomitante de valproato de sódio e de clonazepam pode levar a estado de ausência em pacientes com história desse tipo de crises convulsivas. -diazepam: a administração conjunta de valproato de sódio aumentou a fração livre de diazepam. -etossuximida: o valproato de sódio inibe o metabolismo de etossuximida. -lamotrigina: sua dose deverá ser reduzida quando administrada em conjunto com valproato de sódio. -fenobarbital: o valproato d e sódio inibe o metabolismo do fenobarbital.",1,fonte1,manual,1.0
valproato de sodio,clonazepam,"Considerar a diminuição da dose de amitriptilina/nortriptilina na presença de valproato. -carbamazepina (CBZ)/carbamazepina -10,11 -epóxido (CBZ -E): níveis sanguíneos de CBZ diminuíram 17% enquanto que os de CBZ -E aumentaram em torno de 45% na administração em conjunto do valp roato de sódio e da CBZ em pacientes epilépticos. -clonazepam: o uso concomitante de valproato de sódio e de clonazepam pode levar a estado de ausência em pacientes com história desse tipo de crises convulsivas. -diazepam: a administração conjunta de valproato de sódio aumentou a fração livre de diazepam. -etossuximida: o valproato de sódio inibe o metabolismo de etossuximida. -lamotrigina: sua dose deverá ser reduzida quando administrada em conjunto com valproato de sódio. -fenobarbital: o valproato d e sódio inibe o metabolismo do fenobarbital.",1,fonte1,manual,1.0
valproato de sodio,carbamazepina,"Considerar a diminuição da dose de amitriptilina/nortriptilina na presença de valproato. -carbamazepina (CBZ)/carbamazepina -10,11 -epóxido (CBZ -E): níveis sanguíneos de CBZ diminuíram 17% enquanto que os de CBZ -E aumentaram em torno de 45% na administração em conjunto do valp roato de sódio e da CBZ em pacientes epilépticos. -clonazepam: o uso concomitante de valproato de sódio e de clonazepam pode levar a estado de ausência em pacientes com história desse tipo de crises convulsivas. -diazepam: a administração conjunta de valproato de sódio aumentou a fração livre de diazepam. -etossuximida: o valproato de sódio inibe o metabolismo de etossuximida. -lamotrigina: sua dose deverá ser reduzida quando administrada em conjunto com valproato de sódio. -fenobarbital: o valproato d e sódio inibe o metabolismo do fenobarbital.",1,fonte1,manual,1.0
valproato de sodio,fenobarbital,"Considerar a diminuição da dose de amitriptilina/nortriptilina na presença de valproato. -carbamazepina (CBZ)/carbamazepina -10,11 -epóxido (CBZ -E): níveis sanguíneos de CBZ diminuíram 17% enquanto que os de CBZ -E aumentaram em torno de 45% na administração em conjunto do valp roato de sódio e da CBZ em pacientes epilépticos. -clonazepam: o uso concomitante de valproato de sódio e de clonazepam pode levar a estado de ausência em pacientes com história desse tipo de crises convulsivas. -diazepam: a administração conjunta de valproato de sódio aumentou a fração livre de diazepam. -etossuximida: o valproato de sódio inibe o metabolismo de etossuximida. -lamotrigina: sua dose deverá ser reduzida quando administrada em conjunto com valproato de sódio. -fenobarbital: o valproato d e sódio inibe o metabolismo do fenobarbital.",1,fonte1,manual,1.0
fenitoina,omeprazol,"Eslicarbazepina, topiramato, cimetidina, omeprazol, estiripentol e fluoxetina podem levar a uma exposição elevada de fenitoína. -ácido valproico: quando coadministrado com a fenitoína, o ácido valp roico reduz a concentração plasmática total de fenitoína.",1,fonte1,manual,1.0
fenitoina,fluoxetina,"Eslicarbazepina, topiramato, cimetidina, omeprazol, estiripentol e fluoxetina podem levar a uma exposição elevada de fenitoína. -ácido valproico: quando coadministrado com a fenitoína, o ácido valp roico reduz a concentração plasmática total de fenitoína.",1,fonte1,manual,1.0
fenitoina,valproico,"Eslicarbazepina, topiramato, cimetidina, omeprazol, estiripentol e fluoxetina podem levar a uma exposição elevada de fenitoína. -ácido valproico: quando coadministrado com a fenitoína, o ácido valp roico reduz a concentração plasmática total de fenitoína.",1,fonte1,manual,1.0
fenitoina,cimetidina,"Eslicarbazepina, topiramato, cimetidina, omeprazol, estiripentol e fluoxetina podem levar a uma exposição elevada de fenitoína. -ácido valproico: quando coadministrado com a fenitoína, o ácido valp roico reduz a concentração plasmática total de fenitoína.",1,fonte1,manual,1.0
cloridrato de metformina,metformina,"A coadministração de metformina com: -Substratos/inibidores de OCT1 (como verapamil) podem re duzir a eficácia de metformina. -Indutores do OCT1 (como a rifampicina) podem aumentar a absorção gastrointestinal e a eficácia. -Substratos/inibidores de OCT2 (como cimetidina, dolutegravir, crizotinibe, olaparibe, daclatasvir, vandetanibe) podem diminui r a eliminação renal da metformina e assim levar a uma concentração aumentada de metformina no plasma.",1,fonte1,manual,1.0
cloridrato de metformina,rifampicina,"A coadministração de metformina com: -Substratos/inibidores de OCT1 (como verapamil) podem re duzir a eficácia de metformina. -Indutores do OCT1 (como a rifampicina) podem aumentar a absorção gastrointestinal e a eficácia. -Substratos/inibidores de OCT2 (como cimetidina, dolutegravir, crizotinibe, olaparibe, daclatasvir, vandetanibe) podem diminui r a eliminação renal da metformina e assim levar a uma concentração aumentada de metformina no plasma.",1,fonte1,manual,1.0
cloridrato de metformina,verapamil,"A coadministração de metformina com: -Substratos/inibidores de OCT1 (como verapamil) podem re duzir a eficácia de metformina. -Indutores do OCT1 (como a rifampicina) podem aumentar a absorção gastrointestinal e a eficácia. -Substratos/inibidores de OCT2 (como cimetidina, dolutegravir, crizotinibe, olaparibe, daclatasvir, vandetanibe) podem diminui r a eliminação renal da metformina e assim levar a uma concentração aumentada de metformina no plasma.",1,fonte1,manual,1.0
cloridrato de metformina,cimetidina,"A coadministração de metformina com: -Substratos/inibidores de OCT1 (como verapamil) podem re duzir a eficácia de metformina. -Indutores do OCT1 (como a rifampicina) podem aumentar a absorção gastrointestinal e a eficácia. -Substratos/inibidores de OCT2 (como cimetidina, dolutegravir, crizotinibe, olaparibe, daclatasvir, vandetanibe) podem diminui r a eliminação renal da metformina e assim levar a uma concentração aumentada de metformina no plasma.",1,fonte1,manual,1.0
fenitoina sodica,omeprazol,"Eslicarbazepina, topiramato, cimetidina, omeprazol, estiripentol e fluoxetina podem levar a uma exposição elevada de fenitoí na. -ácido valproico : quando coadministrado com a fenitoína, o ácido valproico reduz a concentração plasmática total de fenitoína.",1,fonte1,manual,1.0
fenitoina sodica,fluoxetina,"Eslicarbazepina, topiramato, cimetidina, omeprazol, estiripentol e fluoxetina podem levar a uma exposição elevada de fenitoí na. -ácido valproico : quando coadministrado com a fenitoína, o ácido valproico reduz a concentração plasmática total de fenitoína.",1,fonte1,manual,1.0
fenitoina sodica,valproico,"Eslicarbazepina, topiramato, cimetidina, omeprazol, estiripentol e fluoxetina podem levar a uma exposição elevada de fenitoí na. -ácido valproico : quando coadministrado com a fenitoína, o ácido valproico reduz a concentração plasmática total de fenitoína.",1,fonte1,manual,1.0
fenitoina sodica,cimetidina,"Eslicarbazepina, topiramato, cimetidina, omeprazol, estiripentol e fluoxetina podem levar a uma exposição elevada de fenitoí na. -ácido valproico : quando coadministrado com a fenitoína, o ácido valproico reduz a concentração plasmática total de fenitoína.",1,fonte1,manual,1.0
lansoprazol claritromicina amoxicilina,claritromicina,"Efeitos de outros medicamentos na terapia com claritromicina Fármacos indutores da CYP3A4 como, por exemplo, rifampicina, fenitoína, carbamazepina, fenobarbital e erva de Sã o João, podem induzir o metabolismo da claritromicina.",1,fonte1,manual,1.0
lansoprazol claritromicina amoxicilina,carbamazepina,"Efeitos de outros medicamentos na terapia com claritromicina Fármacos indutores da CYP3A4 como, por exemplo, rifampicina, fenitoína, carbamazepina, fenobarbital e erva de Sã o João, podem induzir o metabolismo da claritromicina.",1,fonte1,manual,1.0
lansoprazol claritromicina amoxicilina,rifampicina,"Efeitos de outros medicamentos na terapia com claritromicina Fármacos indutores da CYP3A4 como, por exemplo, rifampicina, fenitoína, carbamazepina, fenobarbital e erva de Sã o João, podem induzir o metabolismo da claritromicina.",1,fonte1,manual,1.0
lansoprazol claritromicina amoxicilina,fenobarbital,"Efeitos de outros medicamentos na terapia com claritromicina Fármacos indutores da CYP3A4 como, por exemplo, rifampicina, fenitoína, carbamazepina, fenobarbital e erva de Sã o João, podem induzir o metabolismo da claritromicina.",1,fonte1,manual,1.0
hemitartarato de zolpidem,varfarina,"Outros medicamentos : Quando o zolpidem foi administrado junto com a varfarina, a digoxina, a ranitidina ou a cimetidina, nenhuma int eração farmacocinética foi observada.",0,fonte1,manual,1.0
hemitartarato de zolpidem,digoxina,"Outros medicamentos : Quando o zolpidem foi administrado junto com a varfarina, a digoxina, a ranitidina ou a cimetidina, nenhuma int eração farmacocinética foi observada.",0,fonte1,manual,1.0
hemitartarato de zolpidem,cimetidina,"Outros medicamentos : Quando o zolpidem foi administrado junto com a varfarina, a digoxina, a ranitidina ou a cimetidina, nenhuma int eração farmacocinética foi observada.",0,fonte1,manual,1.0
hemitartarato de zolpidem,ranitidina,"Outros medicamentos : Quando o zolpidem foi administrado junto com a varfarina, a digoxina, a ranitidina ou a cimetidina, nenhuma int eração farmacocinética foi observada.",0,fonte1,manual,1.0
celecoxibe,ciclosporina,"Entre os pacientes que receberam concomitantemente celecoxibe 200mg duas vezes ao dia, 48% foram considerados não responsivos ao lisinopril na visita clínica final (definido como pressão arterial diastólica medida com manguito >90mmHg ou pressão arterial diastólica medida com manguito aumentada em >10% em relação à linha de ba se), em comparação com 27% dos pacientes que receberam placebo concomitante; essa diferença foi estatisticamente significativa. -ciclosporina: devido ao seu efeito sobre as prostaglandinas renai s, os AINEs podem aumentar o risco de nefrotoxicidade associada à ciclosporina. - fluconazol e cetoconazol: A administração concomitante de fluconazol, 200mg/ dia, resultou em um aumento de duas vezes a concentração plasmáti ca de celecoxibe.",1,fonte1,manual,1.0
celecoxibe,cetoconazol,"Entre os pacientes que receberam concomitantemente celecoxibe 200mg duas vezes ao dia, 48% foram considerados não responsivos ao lisinopril na visita clínica final (definido como pressão arterial diastólica medida com manguito >90mmHg ou pressão arterial diastólica medida com manguito aumentada em >10% em relação à linha de ba se), em comparação com 27% dos pacientes que receberam placebo concomitante; essa diferença foi estatisticamente significativa. -ciclosporina: devido ao seu efeito sobre as prostaglandinas renai s, os AINEs podem aumentar o risco de nefrotoxicidade associada à ciclosporina. - fluconazol e cetoconazol: A administração concomitante de fluconazol, 200mg/ dia, resultou em um aumento de duas vezes a concentração plasmáti ca de celecoxibe.",1,fonte1,manual,1.0
celecoxibe,fluconazol,"Entre os pacientes que receberam concomitantemente celecoxibe 200mg duas vezes ao dia, 48% foram considerados não responsivos ao lisinopril na visita clínica final (definido como pressão arterial diastólica medida com manguito >90mmHg ou pressão arterial diastólica medida com manguito aumentada em >10% em relação à linha de ba se), em comparação com 27% dos pacientes que receberam placebo concomitante; essa diferença foi estatisticamente significativa. -ciclosporina: devido ao seu efeito sobre as prostaglandinas renai s, os AINEs podem aumentar o risco de nefrotoxicidade associada à ciclosporina. - fluconazol e cetoconazol: A administração concomitante de fluconazol, 200mg/ dia, resultou em um aumento de duas vezes a concentração plasmáti ca de celecoxibe.",1,fonte1,manual,1.0
celecoxibe,aines,"Entre os pacientes que receberam concomitantemente celecoxibe 200mg duas vezes ao dia, 48% foram considerados não responsivos ao lisinopril na visita clínica final (definido como pressão arterial diastólica medida com manguito >90mmHg ou pressão arterial diastólica medida com manguito aumentada em >10% em relação à linha de ba se), em comparação com 27% dos pacientes que receberam placebo concomitante; essa diferença foi estatisticamente significativa. -ciclosporina: devido ao seu efeito sobre as prostaglandinas renai s, os AINEs podem aumentar o risco de nefrotoxicidade associada à ciclosporina. - fluconazol e cetoconazol: A administração concomitante de fluconazol, 200mg/ dia, resultou em um aumento de duas vezes a concentração plasmáti ca de celecoxibe.",1,fonte1,manual,1.0
bromidrato de citalopram,varfarina,"O citalopram e desmetilcitalopram são insignificantes in ibidores da CYP2C9, CYP2E1 e CYP3A4, e inibidores fracos da CYP1A2, CYP2C19 e CYP2D6 quando em comparação com outros ISRS estabelecidos como inibidores significantes . levomepromazina, digoxina, carbamazepina : Nenhuma mudança ou apenas mudanças muito pequen as de pouca importância clínica foram observadas quando o citalopram foi dado com substratos CYP1A2 (clozapina e teofilina), CYP2C9 (varfarina), CYP2C19 (imipramina e mefenitoína ), CYP2D6 (esparteína, imipramina, amitriptilina, risperidona) e CYP3A4 (varfa rina, carbamazepina (e seu metabólito carbamazepina epoxido) e triazolam.",0,fonte1,manual,1.0
bromidrato de citalopram,carbamazepina,"O citalopram e desmetilcitalopram são insignificantes in ibidores da CYP2C9, CYP2E1 e CYP3A4, e inibidores fracos da CYP1A2, CYP2C19 e CYP2D6 quando em comparação com outros ISRS estabelecidos como inibidores significantes . levomepromazina, digoxina, carbamazepina : Nenhuma mudança ou apenas mudanças muito pequen as de pouca importância clínica foram observadas quando o citalopram foi dado com substratos CYP1A2 (clozapina e teofilina), CYP2C9 (varfarina), CYP2C19 (imipramina e mefenitoína ), CYP2D6 (esparteína, imipramina, amitriptilina, risperidona) e CYP3A4 (varfa rina, carbamazepina (e seu metabólito carbamazepina epoxido) e triazolam.",0,fonte1,manual,1.0
bromidrato de citalopram,digoxina,"O citalopram e desmetilcitalopram são insignificantes in ibidores da CYP2C9, CYP2E1 e CYP3A4, e inibidores fracos da CYP1A2, CYP2C19 e CYP2D6 quando em comparação com outros ISRS estabelecidos como inibidores significantes . levomepromazina, digoxina, carbamazepina : Nenhuma mudança ou apenas mudanças muito pequen as de pouca importância clínica foram observadas quando o citalopram foi dado com substratos CYP1A2 (clozapina e teofilina), CYP2C9 (varfarina), CYP2C19 (imipramina e mefenitoína ), CYP2D6 (esparteína, imipramina, amitriptilina, risperidona) e CYP3A4 (varfa rina, carbamazepina (e seu metabólito carbamazepina epoxido) e triazolam.",0,fonte1,manual,1.0
bromidrato de citalopram,risperidona,"O citalopram e desmetilcitalopram são insignificantes in ibidores da CYP2C9, CYP2E1 e CYP3A4, e inibidores fracos da CYP1A2, CYP2C19 e CYP2D6 quando em comparação com outros ISRS estabelecidos como inibidores significantes . levomepromazina, digoxina, carbamazepina : Nenhuma mudança ou apenas mudanças muito pequen as de pouca importância clínica foram observadas quando o citalopram foi dado com substratos CYP1A2 (clozapina e teofilina), CYP2C9 (varfarina), CYP2C19 (imipramina e mefenitoína ), CYP2D6 (esparteína, imipramina, amitriptilina, risperidona) e CYP3A4 (varfa rina, carbamazepina (e seu metabólito carbamazepina epoxido) e triazolam.",0,fonte1,manual,1.0
glimepirida,fluoxetina,"INTERAÇÕES MEDICAMENTOSAS Com base na experiência do uso de glimepirida e no que se conhece dos medicamentos de mesma classe, as seguintes interações devem ser considera das: -medicamento-medicamento: Aumento do efeito hipoglicemiante e, portanto, em a lguns casos, pode ocorrer hipoglicemia quando um dos seguintes fármacos é administrado: Insulina ou outro antidiabético oral; inibidores da ECA; esteroides anabolizantes e hormônios sexuais masculinos; cloranfenicol; derivados cumarí nicos; ciclofosfamidas; disopiramida; fenfluramina; feniramidol; fibratos; fluoxetina; gu anetidina; ifosfamida; inibidores da MAO; miconazol; fluconazol; ácido para-aminosalicílico; pentoxifilina (uso parenteral em doses elevadas); fenilbutazona; azapropazona; oxifembutaz ona; probenicida; quinolonas; salicilatos; sulfimpirazona; claritomicina; antibióticos sulfona mídicos; tetraciclinas; tritoqualina; trofosfamida.",1,fonte1,manual,1.0
glimepirida,fluconazol,"INTERAÇÕES MEDICAMENTOSAS Com base na experiência do uso de glimepirida e no que se conhece dos medicamentos de mesma classe, as seguintes interações devem ser considera das: -medicamento-medicamento: Aumento do efeito hipoglicemiante e, portanto, em a lguns casos, pode ocorrer hipoglicemia quando um dos seguintes fármacos é administrado: Insulina ou outro antidiabético oral; inibidores da ECA; esteroides anabolizantes e hormônios sexuais masculinos; cloranfenicol; derivados cumarí nicos; ciclofosfamidas; disopiramida; fenfluramina; feniramidol; fibratos; fluoxetina; gu anetidina; ifosfamida; inibidores da MAO; miconazol; fluconazol; ácido para-aminosalicílico; pentoxifilina (uso parenteral em doses elevadas); fenilbutazona; azapropazona; oxifembutaz ona; probenicida; quinolonas; salicilatos; sulfimpirazona; claritomicina; antibióticos sulfona mídicos; tetraciclinas; tritoqualina; trofosfamida.",1,fonte1,manual,1.0
glimepirida,insulina,"INTERAÇÕES MEDICAMENTOSAS Com base na experiência do uso de glimepirida e no que se conhece dos medicamentos de mesma classe, as seguintes interações devem ser considera das: -medicamento-medicamento: Aumento do efeito hipoglicemiante e, portanto, em a lguns casos, pode ocorrer hipoglicemia quando um dos seguintes fármacos é administrado: Insulina ou outro antidiabético oral; inibidores da ECA; esteroides anabolizantes e hormônios sexuais masculinos; cloranfenicol; derivados cumarí nicos; ciclofosfamidas; disopiramida; fenfluramina; feniramidol; fibratos; fluoxetina; gu anetidina; ifosfamida; inibidores da MAO; miconazol; fluconazol; ácido para-aminosalicílico; pentoxifilina (uso parenteral em doses elevadas); fenilbutazona; azapropazona; oxifembutaz ona; probenicida; quinolonas; salicilatos; sulfimpirazona; claritomicina; antibióticos sulfona mídicos; tetraciclinas; tritoqualina; trofosfamida.",1,fonte1,manual,1.0
glimepirida,fibratos,"INTERAÇÕES MEDICAMENTOSAS Com base na experiência do uso de glimepirida e no que se conhece dos medicamentos de mesma classe, as seguintes interações devem ser considera das: -medicamento-medicamento: Aumento do efeito hipoglicemiante e, portanto, em a lguns casos, pode ocorrer hipoglicemia quando um dos seguintes fármacos é administrado: Insulina ou outro antidiabético oral; inibidores da ECA; esteroides anabolizantes e hormônios sexuais masculinos; cloranfenicol; derivados cumarí nicos; ciclofosfamidas; disopiramida; fenfluramina; feniramidol; fibratos; fluoxetina; gu anetidina; ifosfamida; inibidores da MAO; miconazol; fluconazol; ácido para-aminosalicílico; pentoxifilina (uso parenteral em doses elevadas); fenilbutazona; azapropazona; oxifembutaz ona; probenicida; quinolonas; salicilatos; sulfimpirazona; claritomicina; antibióticos sulfona mídicos; tetraciclinas; tritoqualina; trofosfamida.",1,fonte1,manual,1.0
cloridrato de verapamil,eritromicina,"Antibacterianos Claritromicina Possível aumento nos níveis de verapamil --- Eritromicina Possível aumento dos níveis de verapamil --- Rifampicina Diminui AS C (~97%), Cmax (~94%) e biodisponibilidade oral (~92%) do verapamil O efeito hipotensor do verapamil pode ser reduzido.",1,fonte1,manual,1.0
cloridrato de verapamil,claritromicina,"Antibacterianos Claritromicina Possível aumento nos níveis de verapamil --- Eritromicina Possível aumento dos níveis de verapamil --- Rifampicina Diminui AS C (~97%), Cmax (~94%) e biodisponibilidade oral (~92%) do verapamil O efeito hipotensor do verapamil pode ser reduzido.",1,fonte1,manual,1.0
cloridrato de verapamil,rifampicina,"Antibacterianos Claritromicina Possível aumento nos níveis de verapamil --- Eritromicina Possível aumento dos níveis de verapamil --- Rifampicina Diminui AS C (~97%), Cmax (~94%) e biodisponibilidade oral (~92%) do verapamil O efeito hipotensor do verapamil pode ser reduzido.",1,fonte1,manual,1.0
cloridrato de verapamil,verapamil,"Antibacterianos Claritromicina Possível aumento nos níveis de verapamil --- Eritromicina Possível aumento dos níveis de verapamil --- Rifampicina Diminui AS C (~97%), Cmax (~94%) e biodisponibilidade oral (~92%) do verapamil O efeito hipotensor do verapamil pode ser reduzido.",1,fonte1,manual,1.0
cloridrato de verapamil,carbamazepina,"Podem ocorrer efeitos colaterais relativos a carbamazepina, como diplopia, cefaléia, ataxia ou tontura. fenitoína Diminui concentração de verapamil no plasma --- Antidepressivo imipramina Aumenta ASC da imipramina (~15%) Nenhum efeito no nível do metabólito ativo, desipramina Antidiabéticos glibenclamida Aumenta Cmax (~28%), ASC (~26%) da glibenclamida --- Antigotosos colchicina Aumenta ASC (~2 vezes) e Cmax (~1,3 vezes) Reduz a dose de colchicina.",1,fonte1,manual,1.0
cloridrato de verapamil,glibenclamida,"Podem ocorrer efeitos colaterais relativos a carbamazepina, como diplopia, cefaléia, ataxia ou tontura. fenitoína Diminui concentração de verapamil no plasma --- Antidepressivo imipramina Aumenta ASC da imipramina (~15%) Nenhum efeito no nível do metabólito ativo, desipramina Antidiabéticos glibenclamida Aumenta Cmax (~28%), ASC (~26%) da glibenclamida --- Antigotosos colchicina Aumenta ASC (~2 vezes) e Cmax (~1,3 vezes) Reduz a dose de colchicina.",1,fonte1,manual,1.0
cloridrato de verapamil,verapamil,"Podem ocorrer efeitos colaterais relativos a carbamazepina, como diplopia, cefaléia, ataxia ou tontura. fenitoína Diminui concentração de verapamil no plasma --- Antidepressivo imipramina Aumenta ASC da imipramina (~15%) Nenhum efeito no nível do metabólito ativo, desipramina Antidiabéticos glibenclamida Aumenta Cmax (~28%), ASC (~26%) da glibenclamida --- Antigotosos colchicina Aumenta ASC (~2 vezes) e Cmax (~1,3 vezes) Reduz a dose de colchicina.",1,fonte1,manual,1.0
cloridrato de verapamil,colchicina,"Podem ocorrer efeitos colaterais relativos a carbamazepina, como diplopia, cefaléia, ataxia ou tontura. fenitoína Diminui concentração de verapamil no plasma --- Antidepressivo imipramina Aumenta ASC da imipramina (~15%) Nenhum efeito no nível do metabólito ativo, desipramina Antidiabéticos glibenclamida Aumenta Cmax (~28%), ASC (~26%) da glibenclamida --- Antigotosos colchicina Aumenta ASC (~2 vezes) e Cmax (~1,3 vezes) Reduz a dose de colchicina.",1,fonte1,manual,1.0
fumarato de formoterol di-hidratado budesonida,eritromicina,"Medicamentos: claritromicina, eritromicina, itraconazol, cetoconazol.",1,fonte1,manual,1.0
fumarato de formoterol di-hidratado budesonida,claritromicina,"Medicamentos: claritromicina, eritromicina, itraconazol, cetoconazol.",1,fonte1,manual,1.0
fumarato de formoterol di-hidratado budesonida,cetoconazol,"Medicamentos: claritromicina, eritromicina, itraconazol, cetoconazol.",1,fonte1,manual,1.0
fumarato de formoterol di-hidratado budesonida,itraconazol,"Medicamentos: claritromicina, eritromicina, itraconazol, cetoconazol.",1,fonte1,manual,1.0
levofloxacino,varfarina,"A farmacocinética do levofloxacino hemi - hidratado não foi afetada em qualquer proporção clinicamente significante quando esta foi administrada concomitantemente às seguintes drogas: carbonato de cálcio, digoxina, glibenclamida, ranitidina e varfarina.",0,fonte1,manual,1.0
levofloxacino,digoxina,"A farmacocinética do levofloxacino hemi - hidratado não foi afetada em qualquer proporção clinicamente significante quando esta foi administrada concomitantemente às seguintes drogas: carbonato de cálcio, digoxina, glibenclamida, ranitidina e varfarina.",0,fonte1,manual,1.0
levofloxacino,glibenclamida,"A farmacocinética do levofloxacino hemi - hidratado não foi afetada em qualquer proporção clinicamente significante quando esta foi administrada concomitantemente às seguintes drogas: carbonato de cálcio, digoxina, glibenclamida, ranitidina e varfarina.",0,fonte1,manual,1.0
levofloxacino,ranitidina,"A farmacocinética do levofloxacino hemi - hidratado não foi afetada em qualquer proporção clinicamente significante quando esta foi administrada concomitantemente às seguintes drogas: carbonato de cálcio, digoxina, glibenclamida, ranitidina e varfarina.",0,fonte1,manual,1.0
bromidrato de citalopram,varfarina,"Levomepromazina, digoxina, carbamazepina Nenhuma mudança ou apenas mudanças muito pequenas de pouca importância clínica foram observados quando o citalopram foi dado com substratos CYP1A2 (clozapina e teofilina), CYP2C9 (varfarina), CYP2C19 (imipramina e mefenitoína ), CYP2D6 (esparteína, imipramina, amitriptilina, a risperidona) e CYP3A4 (varfarina, carbamazepina e seu metabólito carbamazepina epoxidop) e triazolam.",0,fonte1,manual,1.0
bromidrato de citalopram,carbamazepina,"Levomepromazina, digoxina, carbamazepina Nenhuma mudança ou apenas mudanças muito pequenas de pouca importância clínica foram observados quando o citalopram foi dado com substratos CYP1A2 (clozapina e teofilina), CYP2C9 (varfarina), CYP2C19 (imipramina e mefenitoína ), CYP2D6 (esparteína, imipramina, amitriptilina, a risperidona) e CYP3A4 (varfarina, carbamazepina e seu metabólito carbamazepina epoxidop) e triazolam.",0,fonte1,manual,1.0
bromidrato de citalopram,digoxina,"Levomepromazina, digoxina, carbamazepina Nenhuma mudança ou apenas mudanças muito pequenas de pouca importância clínica foram observados quando o citalopram foi dado com substratos CYP1A2 (clozapina e teofilina), CYP2C9 (varfarina), CYP2C19 (imipramina e mefenitoína ), CYP2D6 (esparteína, imipramina, amitriptilina, a risperidona) e CYP3A4 (varfarina, carbamazepina e seu metabólito carbamazepina epoxidop) e triazolam.",0,fonte1,manual,1.0
bromidrato de citalopram,risperidona,"Levomepromazina, digoxina, carbamazepina Nenhuma mudança ou apenas mudanças muito pequenas de pouca importância clínica foram observados quando o citalopram foi dado com substratos CYP1A2 (clozapina e teofilina), CYP2C9 (varfarina), CYP2C19 (imipramina e mefenitoína ), CYP2D6 (esparteína, imipramina, amitriptilina, a risperidona) e CYP3A4 (varfarina, carbamazepina e seu metabólito carbamazepina epoxidop) e triazolam.",0,fonte1,manual,1.0
atorvastatina calcica,ciclosporina,"INTERAÇÕES MEDICAMENTOSAS O risco de miopatia durante o tratamento com inib idores da HMG-CoA redutase se apresenta aumentado com a administração concomitante de ciclosporina, fibratos, niacina em do ses que alteram o perfil lipídico ou inibidores de citocromo P450 3A4/ transportadores, (por exemplo, eritromicina e antifúngicos azólicos) (vide “POSOLOGIA E MODO DE USAR: Uso combinado com outros medicamentos” e “Advertências e Precauções: Efeitos na Musculatura Esquelética”).",1,fonte1,manual,1.0
atorvastatina calcica,eritromicina,"INTERAÇÕES MEDICAMENTOSAS O risco de miopatia durante o tratamento com inib idores da HMG-CoA redutase se apresenta aumentado com a administração concomitante de ciclosporina, fibratos, niacina em do ses que alteram o perfil lipídico ou inibidores de citocromo P450 3A4/ transportadores, (por exemplo, eritromicina e antifúngicos azólicos) (vide “POSOLOGIA E MODO DE USAR: Uso combinado com outros medicamentos” e “Advertências e Precauções: Efeitos na Musculatura Esquelética”).",1,fonte1,manual,1.0
atorvastatina calcica,niacina,"INTERAÇÕES MEDICAMENTOSAS O risco de miopatia durante o tratamento com inib idores da HMG-CoA redutase se apresenta aumentado com a administração concomitante de ciclosporina, fibratos, niacina em do ses que alteram o perfil lipídico ou inibidores de citocromo P450 3A4/ transportadores, (por exemplo, eritromicina e antifúngicos azólicos) (vide “POSOLOGIA E MODO DE USAR: Uso combinado com outros medicamentos” e “Advertências e Precauções: Efeitos na Musculatura Esquelética”).",1,fonte1,manual,1.0
atorvastatina calcica,fibratos,"INTERAÇÕES MEDICAMENTOSAS O risco de miopatia durante o tratamento com inib idores da HMG-CoA redutase se apresenta aumentado com a administração concomitante de ciclosporina, fibratos, niacina em do ses que alteram o perfil lipídico ou inibidores de citocromo P450 3A4/ transportadores, (por exemplo, eritromicina e antifúngicos azólicos) (vide “POSOLOGIA E MODO DE USAR: Uso combinado com outros medicamentos” e “Advertências e Precauções: Efeitos na Musculatura Esquelética”).",1,fonte1,manual,1.0
pantoprazol sodico sesqui-hidratado,diazepam,"Os estudos de interação com fármacos que também são metabolizados com estas vias, como a carbamazepina, diazepam, glibenclamida, nifedipino, fenitoína e um contraceptivo oral contendo levonorgestrel e etinilestradiol, não se observaram interações clínicas significativas.",0,fonte1,manual,1.0
pantoprazol sodico sesqui-hidratado,carbamazepina,"Os estudos de interação com fármacos que também são metabolizados com estas vias, como a carbamazepina, diazepam, glibenclamida, nifedipino, fenitoína e um contraceptivo oral contendo levonorgestrel e etinilestradiol, não se observaram interações clínicas significativas.",0,fonte1,manual,1.0
pantoprazol sodico sesqui-hidratado,glibenclamida,"Os estudos de interação com fármacos que também são metabolizados com estas vias, como a carbamazepina, diazepam, glibenclamida, nifedipino, fenitoína e um contraceptivo oral contendo levonorgestrel e etinilestradiol, não se observaram interações clínicas significativas.",0,fonte1,manual,1.0
pantoprazol sodico sesqui-hidratado,nifedipino,"Os estudos de interação com fármacos que também são metabolizados com estas vias, como a carbamazepina, diazepam, glibenclamida, nifedipino, fenitoína e um contraceptivo oral contendo levonorgestrel e etinilestradiol, não se observaram interações clínicas significativas.",0,fonte1,manual,1.0
besilato de anlodipino,cetoconazol,"Inibidores fortes d e CYP3A4 (por ex. cetoconazol, itraconazol, ritonavir) podem aumentar as concentrações plasmáticas do anlodipino por uma extensão superior ao diltiazem.",1,fonte1,manual,1.0
besilato de anlodipino,itraconazol,"Inibidores fortes d e CYP3A4 (por ex. cetoconazol, itraconazol, ritonavir) podem aumentar as concentrações plasmáticas do anlodipino por uma extensão superior ao diltiazem.",1,fonte1,manual,1.0
besilato de anlodipino,anlodipino,"Inibidores fortes d e CYP3A4 (por ex. cetoconazol, itraconazol, ritonavir) podem aumentar as concentrações plasmáticas do anlodipino por uma extensão superior ao diltiazem.",1,fonte1,manual,1.0
besilato de anlodipino,diltiazem,"Inibidores fortes d e CYP3A4 (por ex. cetoconazol, itraconazol, ritonavir) podem aumentar as concentrações plasmáticas do anlodipino por uma extensão superior ao diltiazem.",1,fonte1,manual,1.0
empagliflozina,varfarina,"A farmacocinética da empagliflozina foi semelhante com e sem a coadministração de glimepirida, pioglitazona, sitagliptina, varfarina, verapamil, ramipril e sinvastatina em voluntários sadios e com ou sem coadministração de torasemida e hidroclorotiazida em pacientes com diabetes mellitus tipo 2.",0,fonte1,manual,1.0
empagliflozina,sinvastatina,"A farmacocinética da empagliflozina foi semelhante com e sem a coadministração de glimepirida, pioglitazona, sitagliptina, varfarina, verapamil, ramipril e sinvastatina em voluntários sadios e com ou sem coadministração de torasemida e hidroclorotiazida em pacientes com diabetes mellitus tipo 2.",0,fonte1,manual,1.0
empagliflozina,hidroclorotiazida,"A farmacocinética da empagliflozina foi semelhante com e sem a coadministração de glimepirida, pioglitazona, sitagliptina, varfarina, verapamil, ramipril e sinvastatina em voluntários sadios e com ou sem coadministração de torasemida e hidroclorotiazida em pacientes com diabetes mellitus tipo 2.",0,fonte1,manual,1.0
empagliflozina,verapamil,"A farmacocinética da empagliflozina foi semelhante com e sem a coadministração de glimepirida, pioglitazona, sitagliptina, varfarina, verapamil, ramipril e sinvastatina em voluntários sadios e com ou sem coadministração de torasemida e hidroclorotiazida em pacientes com diabetes mellitus tipo 2.",0,fonte1,manual,1.0
parecoxibe sodico,ciclosporina,"Os pacientes devem receber hidratação adequada e a necessidade de monitoração da função renal deve ser avaliada no início do tratamento concomitante e periodicamente desde então. - Diuréticos: estudos clínicos demonstraram que AINEs, em alguns pacientes, podem reduzir o efeito natriurético da furosemida e tiazídicos pela inibição da síntese renal de prostaglandinas. 9 - ciclosporina: devido a seu efeito sobre prostaglandinas renais, AINEs podem aumentar o risco de nefrotoxicidade com a ciclosporina. - metotrexato: foi conduzido um estudo de interação farmacocinética usando valdecoxibe e metotrexato e não foram encontradas interações clinicamente importantes.",1,fonte1,manual,1.0
parecoxibe sodico,metotrexato,"Os pacientes devem receber hidratação adequada e a necessidade de monitoração da função renal deve ser avaliada no início do tratamento concomitante e periodicamente desde então. - Diuréticos: estudos clínicos demonstraram que AINEs, em alguns pacientes, podem reduzir o efeito natriurético da furosemida e tiazídicos pela inibição da síntese renal de prostaglandinas. 9 - ciclosporina: devido a seu efeito sobre prostaglandinas renais, AINEs podem aumentar o risco de nefrotoxicidade com a ciclosporina. - metotrexato: foi conduzido um estudo de interação farmacocinética usando valdecoxibe e metotrexato e não foram encontradas interações clinicamente importantes.",1,fonte1,manual,1.0
parecoxibe sodico,furosemida,"Os pacientes devem receber hidratação adequada e a necessidade de monitoração da função renal deve ser avaliada no início do tratamento concomitante e periodicamente desde então. - Diuréticos: estudos clínicos demonstraram que AINEs, em alguns pacientes, podem reduzir o efeito natriurético da furosemida e tiazídicos pela inibição da síntese renal de prostaglandinas. 9 - ciclosporina: devido a seu efeito sobre prostaglandinas renais, AINEs podem aumentar o risco de nefrotoxicidade com a ciclosporina. - metotrexato: foi conduzido um estudo de interação farmacocinética usando valdecoxibe e metotrexato e não foram encontradas interações clinicamente importantes.",1,fonte1,manual,1.0
parecoxibe sodico,aines,"Os pacientes devem receber hidratação adequada e a necessidade de monitoração da função renal deve ser avaliada no início do tratamento concomitante e periodicamente desde então. - Diuréticos: estudos clínicos demonstraram que AINEs, em alguns pacientes, podem reduzir o efeito natriurético da furosemida e tiazídicos pela inibição da síntese renal de prostaglandinas. 9 - ciclosporina: devido a seu efeito sobre prostaglandinas renais, AINEs podem aumentar o risco de nefrotoxicidade com a ciclosporina. - metotrexato: foi conduzido um estudo de interação farmacocinética usando valdecoxibe e metotrexato e não foram encontradas interações clinicamente importantes.",1,fonte1,manual,1.0
parecoxibe sodico,omeprazol,"Foram também realizados estudos de interação entre valdecoxibe e glibenclamida (gliburida), contraceptivos orais (etinilestradiol/noretindrona), fenitoína, omeprazol e diazepam.",0,fonte1,manual,1.0
parecoxibe sodico,diazepam,"Foram também realizados estudos de interação entre valdecoxibe e glibenclamida (gliburida), contraceptivos orais (etinilestradiol/noretindrona), fenitoína, omeprazol e diazepam.",0,fonte1,manual,1.0
parecoxibe sodico,glibenclamida,"Foram também realizados estudos de interação entre valdecoxibe e glibenclamida (gliburida), contraceptivos orais (etinilestradiol/noretindrona), fenitoína, omeprazol e diazepam.",0,fonte1,manual,1.0
parecoxibe sodico,contraceptivos,"Foram também realizados estudos de interação entre valdecoxibe e glibenclamida (gliburida), contraceptivos orais (etinilestradiol/noretindrona), fenitoína, omeprazol e diazepam.",0,fonte1,manual,1.0
besilato de levanlodipino,varfarina,"INTERAÇÕES MEDICAMENTOSAS Embora não tenham sido relatados casos de interações medicamentosas com o uso concomitante de levanlodipino com diuréticos tiazídicos, ácido acetilsalicílico, anti- inflamatórios não esteroidais, nitratos de uso prolongado, nitroglicerina sublingual, betabloqueadores, estatinas, inibidores da ECA (enzima conversora de Angiotensina), digoxina, varfarina, antibióticos ou hipoglicemiantes orais , as seguintes interações foram relatadas com o uso de anlodipino racêmico: • O uso concomitante de bloqueadores dos canais de cálcio e betabloqueadores (como por exemplo, atenolol, carvedilol , propranolol ) pode causar hipotensão grave ou prejudicar o desempenho cardíaco. • Podem ocorrer interações entre bloqueadores dos canais de cálcio e amiodarona.",1,fonte1,manual,1.0
besilato de levanlodipino,digoxina,"INTERAÇÕES MEDICAMENTOSAS Embora não tenham sido relatados casos de interações medicamentosas com o uso concomitante de levanlodipino com diuréticos tiazídicos, ácido acetilsalicílico, anti- inflamatórios não esteroidais, nitratos de uso prolongado, nitroglicerina sublingual, betabloqueadores, estatinas, inibidores da ECA (enzima conversora de Angiotensina), digoxina, varfarina, antibióticos ou hipoglicemiantes orais , as seguintes interações foram relatadas com o uso de anlodipino racêmico: • O uso concomitante de bloqueadores dos canais de cálcio e betabloqueadores (como por exemplo, atenolol, carvedilol , propranolol ) pode causar hipotensão grave ou prejudicar o desempenho cardíaco. • Podem ocorrer interações entre bloqueadores dos canais de cálcio e amiodarona.",1,fonte1,manual,1.0
besilato de levanlodipino,anlodipino,"INTERAÇÕES MEDICAMENTOSAS Embora não tenham sido relatados casos de interações medicamentosas com o uso concomitante de levanlodipino com diuréticos tiazídicos, ácido acetilsalicílico, anti- inflamatórios não esteroidais, nitratos de uso prolongado, nitroglicerina sublingual, betabloqueadores, estatinas, inibidores da ECA (enzima conversora de Angiotensina), digoxina, varfarina, antibióticos ou hipoglicemiantes orais , as seguintes interações foram relatadas com o uso de anlodipino racêmico: • O uso concomitante de bloqueadores dos canais de cálcio e betabloqueadores (como por exemplo, atenolol, carvedilol , propranolol ) pode causar hipotensão grave ou prejudicar o desempenho cardíaco. • Podem ocorrer interações entre bloqueadores dos canais de cálcio e amiodarona.",1,fonte1,manual,1.0
besilato de levanlodipino,amiodarona,"INTERAÇÕES MEDICAMENTOSAS Embora não tenham sido relatados casos de interações medicamentosas com o uso concomitante de levanlodipino com diuréticos tiazídicos, ácido acetilsalicílico, anti- inflamatórios não esteroidais, nitratos de uso prolongado, nitroglicerina sublingual, betabloqueadores, estatinas, inibidores da ECA (enzima conversora de Angiotensina), digoxina, varfarina, antibióticos ou hipoglicemiantes orais , as seguintes interações foram relatadas com o uso de anlodipino racêmico: • O uso concomitante de bloqueadores dos canais de cálcio e betabloqueadores (como por exemplo, atenolol, carvedilol , propranolol ) pode causar hipotensão grave ou prejudicar o desempenho cardíaco. • Podem ocorrer interações entre bloqueadores dos canais de cálcio e amiodarona.",1,fonte1,manual,1.0
sinvastatina,eritromicina,"ADVERTÊNCIAS E PRECAUÇÕES, Gravide z e Lactação ); • Administração concomitante de inibidores potentes do CYP3A4 (por exemplo, itraconazol, cetoconazol, posaconazol, voriconazol, inibidores de protease do HIV, boceprevir, telaprevir, eritromicina, claritromicina, telitromicina, nefazodona e medicamentos contendo cobicistate) (veja os itens 5.",2,fonte1,manual,1.0
sinvastatina,claritromicina,"ADVERTÊNCIAS E PRECAUÇÕES, Gravide z e Lactação ); • Administração concomitante de inibidores potentes do CYP3A4 (por exemplo, itraconazol, cetoconazol, posaconazol, voriconazol, inibidores de protease do HIV, boceprevir, telaprevir, eritromicina, claritromicina, telitromicina, nefazodona e medicamentos contendo cobicistate) (veja os itens 5.",2,fonte1,manual,1.0
sinvastatina,cetoconazol,"ADVERTÊNCIAS E PRECAUÇÕES, Gravide z e Lactação ); • Administração concomitante de inibidores potentes do CYP3A4 (por exemplo, itraconazol, cetoconazol, posaconazol, voriconazol, inibidores de protease do HIV, boceprevir, telaprevir, eritromicina, claritromicina, telitromicina, nefazodona e medicamentos contendo cobicistate) (veja os itens 5.",2,fonte1,manual,1.0
sinvastatina,itraconazol,"ADVERTÊNCIAS E PRECAUÇÕES, Gravide z e Lactação ); • Administração concomitante de inibidores potentes do CYP3A4 (por exemplo, itraconazol, cetoconazol, posaconazol, voriconazol, inibidores de protease do HIV, boceprevir, telaprevir, eritromicina, claritromicina, telitromicina, nefazodona e medicamentos contendo cobicistate) (veja os itens 5.",2,fonte1,manual,1.0
cloridrato de tansulosina,varfarina,"In vitro, nem diazepam, propranolol, triclormetiazida, clormadinona, amitriptilina, diclofenaco, glibenclamida ou sinvastatina e varfarina modificam a fração livre d e tansulosina no plasma humano.",0,fonte1,manual,1.0
cloridrato de tansulosina,sinvastatina,"In vitro, nem diazepam, propranolol, triclormetiazida, clormadinona, amitriptilina, diclofenaco, glibenclamida ou sinvastatina e varfarina modificam a fração livre d e tansulosina no plasma humano.",0,fonte1,manual,1.0
cloridrato de tansulosina,diazepam,"In vitro, nem diazepam, propranolol, triclormetiazida, clormadinona, amitriptilina, diclofenaco, glibenclamida ou sinvastatina e varfarina modificam a fração livre d e tansulosina no plasma humano.",0,fonte1,manual,1.0
cloridrato de tansulosina,glibenclamida,"In vitro, nem diazepam, propranolol, triclormetiazida, clormadinona, amitriptilina, diclofenaco, glibenclamida ou sinvastatina e varfarina modificam a fração livre d e tansulosina no plasma humano.",0,fonte1,manual,1.0
cloridrato de tansulosina,varfarina,"In vitro , nem diazepam, propranolol, triclormetiazi da, clormadinona, amitriptilina, diclofenaco, glibenclamida ou sinvastatina e varfarina modificam a fração livre de tansulosina no plasma humano.",0,fonte1,manual,1.0
cloridrato de tansulosina,sinvastatina,"In vitro , nem diazepam, propranolol, triclormetiazi da, clormadinona, amitriptilina, diclofenaco, glibenclamida ou sinvastatina e varfarina modificam a fração livre de tansulosina no plasma humano.",0,fonte1,manual,1.0
cloridrato de tansulosina,diazepam,"In vitro , nem diazepam, propranolol, triclormetiazi da, clormadinona, amitriptilina, diclofenaco, glibenclamida ou sinvastatina e varfarina modificam a fração livre de tansulosina no plasma humano.",0,fonte1,manual,1.0
cloridrato de tansulosina,glibenclamida,"In vitro , nem diazepam, propranolol, triclormetiazi da, clormadinona, amitriptilina, diclofenaco, glibenclamida ou sinvastatina e varfarina modificam a fração livre de tansulosina no plasma humano.",0,fonte1,manual,1.0
cronobe complex,eritromicina,"Produtos contendo salicilatos, cloranfenicol, colchicina, isoniazida, aminoglicosídios, sulfametoxazol, metotrexato, eritromicina, anticonvulsionantes e suplementos de potássio, podem diminuir a absorção da vitamina B12. 7.",1,fonte1,manual,1.0
cronobe complex,metotrexato,"Produtos contendo salicilatos, cloranfenicol, colchicina, isoniazida, aminoglicosídios, sulfametoxazol, metotrexato, eritromicina, anticonvulsionantes e suplementos de potássio, podem diminuir a absorção da vitamina B12. 7.",1,fonte1,manual,1.0
cronobe complex,isoniazida,"Produtos contendo salicilatos, cloranfenicol, colchicina, isoniazida, aminoglicosídios, sulfametoxazol, metotrexato, eritromicina, anticonvulsionantes e suplementos de potássio, podem diminuir a absorção da vitamina B12. 7.",1,fonte1,manual,1.0
cronobe complex,colchicina,"Produtos contendo salicilatos, cloranfenicol, colchicina, isoniazida, aminoglicosídios, sulfametoxazol, metotrexato, eritromicina, anticonvulsionantes e suplementos de potássio, podem diminuir a absorção da vitamina B12. 7.",1,fonte1,manual,1.0
cronobe complex im,eritromicina,"Produtos contendo salicilatos, cloranfenicol, colchicina, isoniazida, aminoglicosídios, sulfametoxazol, metotrexato, eritromicina, anticonvulsionantes e suplementos de potássio, podem diminuir a absorção da vitamina B12. 7.",1,fonte1,manual,1.0
cronobe complex im,metotrexato,"Produtos contendo salicilatos, cloranfenicol, colchicina, isoniazida, aminoglicosídios, sulfametoxazol, metotrexato, eritromicina, anticonvulsionantes e suplementos de potássio, podem diminuir a absorção da vitamina B12. 7.",1,fonte1,manual,1.0
cronobe complex im,isoniazida,"Produtos contendo salicilatos, cloranfenicol, colchicina, isoniazida, aminoglicosídios, sulfametoxazol, metotrexato, eritromicina, anticonvulsionantes e suplementos de potássio, podem diminuir a absorção da vitamina B12. 7.",1,fonte1,manual,1.0
cronobe complex im,colchicina,"Produtos contendo salicilatos, cloranfenicol, colchicina, isoniazida, aminoglicosídios, sulfametoxazol, metotrexato, eritromicina, anticonvulsionantes e suplementos de potássio, podem diminuir a absorção da vitamina B12. 7.",1,fonte1,manual,1.0
ativb,ibuprofeno,"INTERAÇÕES MEDICAMENTOSAS Medicamentos como antibióticos (penicilina, cefalexina, ciprofloxacina , sulfasalazina , aminoglicosídeos ), metformina, óxido nitroso, inibidores da bomba de prótons , antagonistas de receptores H 2, colchicina, anti- inflamatórios não esteroidais ( AINEs ) (ibuprofeno, ácido aminossalicílico) diminuem a absorção de mecobalamina .",1,fonte1,manual,1.0
ativb,metformina,"INTERAÇÕES MEDICAMENTOSAS Medicamentos como antibióticos (penicilina, cefalexina, ciprofloxacina , sulfasalazina , aminoglicosídeos ), metformina, óxido nitroso, inibidores da bomba de prótons , antagonistas de receptores H 2, colchicina, anti- inflamatórios não esteroidais ( AINEs ) (ibuprofeno, ácido aminossalicílico) diminuem a absorção de mecobalamina .",1,fonte1,manual,1.0
ativb,colchicina,"INTERAÇÕES MEDICAMENTOSAS Medicamentos como antibióticos (penicilina, cefalexina, ciprofloxacina , sulfasalazina , aminoglicosídeos ), metformina, óxido nitroso, inibidores da bomba de prótons , antagonistas de receptores H 2, colchicina, anti- inflamatórios não esteroidais ( AINEs ) (ibuprofeno, ácido aminossalicílico) diminuem a absorção de mecobalamina .",1,fonte1,manual,1.0
ativb,aines,"INTERAÇÕES MEDICAMENTOSAS Medicamentos como antibióticos (penicilina, cefalexina, ciprofloxacina , sulfasalazina , aminoglicosídeos ), metformina, óxido nitroso, inibidores da bomba de prótons , antagonistas de receptores H 2, colchicina, anti- inflamatórios não esteroidais ( AINEs ) (ibuprofeno, ácido aminossalicílico) diminuem a absorção de mecobalamina .",1,fonte1,manual,1.0
defb,ibuprofeno,"INTERAÇÕES MEDICAMENTOSAS Medicamentos como antibióticos (penicilina, cefalexina, ciprofloxacina , sulfasalazina , aminoglicosídeos ), metformina, óxido nitroso, inibidores da bomba de prótons , antagonistas de receptores H 2, colchicina, anti- inflamatórios não esteroidais ( AINEs ) (ibuprofeno, ácido aminossalicílico) diminuem a absorção de mecobalamina .",1,fonte1,manual,1.0
defb,metformina,"INTERAÇÕES MEDICAMENTOSAS Medicamentos como antibióticos (penicilina, cefalexina, ciprofloxacina , sulfasalazina , aminoglicosídeos ), metformina, óxido nitroso, inibidores da bomba de prótons , antagonistas de receptores H 2, colchicina, anti- inflamatórios não esteroidais ( AINEs ) (ibuprofeno, ácido aminossalicílico) diminuem a absorção de mecobalamina .",1,fonte1,manual,1.0
defb,colchicina,"INTERAÇÕES MEDICAMENTOSAS Medicamentos como antibióticos (penicilina, cefalexina, ciprofloxacina , sulfasalazina , aminoglicosídeos ), metformina, óxido nitroso, inibidores da bomba de prótons , antagonistas de receptores H 2, colchicina, anti- inflamatórios não esteroidais ( AINEs ) (ibuprofeno, ácido aminossalicílico) diminuem a absorção de mecobalamina .",1,fonte1,manual,1.0
defb,aines,"INTERAÇÕES MEDICAMENTOSAS Medicamentos como antibióticos (penicilina, cefalexina, ciprofloxacina , sulfasalazina , aminoglicosídeos ), metformina, óxido nitroso, inibidores da bomba de prótons , antagonistas de receptores H 2, colchicina, anti- inflamatórios não esteroidais ( AINEs ) (ibuprofeno, ácido aminossalicílico) diminuem a absorção de mecobalamina .",1,fonte1,manual,1.0
mecobalamina,ibuprofeno,"INTERAÇÕES MEDICAMENTOSAS Medicamentos como antibióticos (penicilina, cefalexina, ciprofloxacina , sulfasalazina , aminoglicosídeos ), metformina, óxido nitroso, inibidores da bomba de prótons , antagonistas de receptores H 2, colchicina, anti- inflamatórios não esteroidais ( AINEs ) (ibuprofeno, ácido aminossalicílico) diminuem a absorção de mecobalamina .",1,fonte1,manual,1.0
mecobalamina,metformina,"INTERAÇÕES MEDICAMENTOSAS Medicamentos como antibióticos (penicilina, cefalexina, ciprofloxacina , sulfasalazina , aminoglicosídeos ), metformina, óxido nitroso, inibidores da bomba de prótons , antagonistas de receptores H 2, colchicina, anti- inflamatórios não esteroidais ( AINEs ) (ibuprofeno, ácido aminossalicílico) diminuem a absorção de mecobalamina .",1,fonte1,manual,1.0
mecobalamina,colchicina,"INTERAÇÕES MEDICAMENTOSAS Medicamentos como antibióticos (penicilina, cefalexina, ciprofloxacina , sulfasalazina , aminoglicosídeos ), metformina, óxido nitroso, inibidores da bomba de prótons , antagonistas de receptores H 2, colchicina, anti- inflamatórios não esteroidais ( AINEs ) (ibuprofeno, ácido aminossalicílico) diminuem a absorção de mecobalamina .",1,fonte1,manual,1.0
mecobalamina,aines,"INTERAÇÕES MEDICAMENTOSAS Medicamentos como antibióticos (penicilina, cefalexina, ciprofloxacina , sulfasalazina , aminoglicosídeos ), metformina, óxido nitroso, inibidores da bomba de prótons , antagonistas de receptores H 2, colchicina, anti- inflamatórios não esteroidais ( AINEs ) (ibuprofeno, ácido aminossalicílico) diminuem a absorção de mecobalamina .",1,fonte1,manual,1.0
furoato de mometasona,claritromicina,"A coadministração de furoato de mometasona com fortes inibidores da CYP3A4 (por exemplo, produtos que contenham cetoconazol, itraconazol, claritromicina, ritonavir e cobicistat e) pode levar ao aumento da concentração plasmática dos corticosteroides e potencialmente aumentar o risco de efeitos colaterais sistêmicos dos corticosteroides.",1,fonte1,manual,1.0
furoato de mometasona,cetoconazol,"A coadministração de furoato de mometasona com fortes inibidores da CYP3A4 (por exemplo, produtos que contenham cetoconazol, itraconazol, claritromicina, ritonavir e cobicistat e) pode levar ao aumento da concentração plasmática dos corticosteroides e potencialmente aumentar o risco de efeitos colaterais sistêmicos dos corticosteroides.",1,fonte1,manual,1.0
furoato de mometasona,itraconazol,"A coadministração de furoato de mometasona com fortes inibidores da CYP3A4 (por exemplo, produtos que contenham cetoconazol, itraconazol, claritromicina, ritonavir e cobicistat e) pode levar ao aumento da concentração plasmática dos corticosteroides e potencialmente aumentar o risco de efeitos colaterais sistêmicos dos corticosteroides.",1,fonte1,manual,1.0
furoato de mometasona,corticosteroides,"A coadministração de furoato de mometasona com fortes inibidores da CYP3A4 (por exemplo, produtos que contenham cetoconazol, itraconazol, claritromicina, ritonavir e cobicistat e) pode levar ao aumento da concentração plasmática dos corticosteroides e potencialmente aumentar o risco de efeitos colaterais sistêmicos dos corticosteroides.",1,fonte1,manual,1.0
