medicamento,secao,texto,classe_sugerida,confianca_heuristica,medicamentos_detectados,score_prioridade,classe_manual
candesartana cilexetila hidroclorotiazida,INTERAÇÕES MEDICAMENTOSAS,"As substâncias que foram investigadas com candesartana cilexetila em estudos de farmacocinética clínica incluem: hidroclorotiazida, varfarina, digoxina, contraceptivos orais (etinilestradiol/levonorgestrel ), glibenclamida e nifedipino.",-1,-1.0,varfarina; digoxina; glibenclamida; hidroclorotiazida; nifedipino,15.0,
omize,INTERAÇÕES MEDICAMENTOSAS,"O levomefolato de cálcio apresenta interação moderada, diminuindo a eficácia de algum dos ativos, quando utilizado com pirimetamina, fenobarbital, agentes anti- inflamatórios não esteroides, metotrexato, ácido valpróico, fenitoína, primidona e carbamazepina e ainda apresenta interação secundária quando utilizado com pancreatina, pancrelipase, levodopa, colchicina, triamterene, colestipol, sulfasalazina, trimetoprima , pentamidina, colestiramina, álcool e tabaco .",-1,-1.0,carbamazepina; metotrexato; fenobarbital; colchicina; colestipol,15.0,1
simeco plus,INTERAÇÕES MEDICAMENTOSAS,"Citam -se: alopurinol, atazanavir, bisacodil, bisfosfonatos, inibidores da enzima de conversão de angiotensina (com exceção de enalapril e ramipril), alfa agonistas, beta agonistas, bosutinibe, cefditoreno , cef podoxima, cefuroxima, cloroquina, corticoides orais, dasatinibe, dabrafenibe, deferazirox, deferiprona, delavirdina, dolutegravir, eltrombopag, elvotegravir, erlotinibe, etambutol, etexilato de dabigratana, fenotiazinas, fexofenadina, gabapentina, gefitini be, hidantoína, hiosciamina, hormônios tireoidianos, sais de ferro, inibidores HMG Coa redutase, inibidores da protease, isoniazida, itraconazol, cetoconazol, mesalamina, metenamina, micofenolato, nilotinibe penicilamida, quinidinas, quinolonas, ranelato de estrôncio, raltegravir, rifampicina, ponatinibe, rilpivirina, riociquat, suplementos de fostato, sulpiridas, tetraciclinas, trientina, ticlopidina, quenodiol, vismodegib.",-1,-1.0,alopurinol; cetoconazol; itraconazol; rifampicina; isoniazida,15.0,
acebrofilina,INTERAÇÕES MEDICAMENTOSAS,"O uso concomitante de acebrofilina com antibióticos macrolídeos (eritromicina), algumas quinolonas como norfloxacino e ciprofloxacino, antihistamínicos H2 (cimetidina, ranitidina, famotidina), alopurinol, diltiazem e ipriflavona, pode retardar a eliminação da teofilina, aumentando o risco de intoxicação pela mesma.",-1,-1.0,alopurinol; eritromicina; diltiazem; cimetidina; ranitidina,15.0,1
losartana potássica,ADVERT ÊNCIAS E PRECAUÇÕES,"INTE RAÇÕES MED ICAMENTO SAS Nos est udos clínicos de farmacocinética realiza dos com hidroclorotiazida, digoxina, varfarina, cimetidina, fe nobarbital, cetoconazol e eritromicina, não foram identificadas interações me dicamentosas de importância clínica.",-1,-1.0,varfarina; eritromicina; digoxina; cetoconazol; hidroclorotiazida,15.0,0
enantato de noretisterona valerato de estradiol,INTERAÇÕES MEDICAMENTOSAS,"Essas alterações podem ser clinicamente relevantes em alguns casos. - Substâncias que reduzem a depuração dos CICs (inibidores enzimáticos) Inibidores potentes e moderados da CYP3A4, tais como antifúngicos azólicos (por exemplo, fluconazol, itraconazol, cetoconazol e voriconazol), verapamil, macrolídeos (por exemplo, claritromicina, eritromicina), diltiazem e suco de toranja ( grapefruit ) podem aumentar as concentrações plasmáticas de estrogênios ou de progestágenos ou de ambos. - Efeitos dos CICs sobre outros medicamentos Os contraceptivos hormonais podem interferir no metabolismo de outros fármacos.",-1,-1.0,eritromicina; claritromicina; cetoconazol; fluconazol; itraconazol,15.0,1
losartana potássica hidroclorotiazida,INTERAÇÕES MEDICAMENTOSAS,"INTERAÇÕES MEDICAMENTOSAS losartana Não foram identificadas interações medicamentosas de significado clínico com os seguintes c ompostos avaliados nos estudos de farmacocinética clínica: hidroclorotiazida, digoxina, varfarina, cimetidina, fenobarbital (vide Hidroclorotiazida, Álcool, Barbituratos ou Narcóticos , a seguir), cetoconazol e eritromicina.",-1,-1.0,varfarina; eritromicina; losartana; digoxina; cetoconazol,15.0,0
dienogeste,INTERAÇÕES MEDICAMENTOSAS,"Inibidores potentes e moderados do CYP3A4, tais como antifúngicos azólicos (por exemplo, itraconazol, voriconazol, fluconazol), verapamil, macrolídeos (por exemplo, claritromicina, eritromicina), diltiazem e suco de toranja ( grapefruit ) podem aumentar as concentrações plasmáticas desta progestina.",-1,-1.0,eritromicina; claritromicina; fluconazol; itraconazol; diltiazem,15.0,1
lamotrigina,INTERAÇÕES MEDICAMENTOSAS,"Tabela 1: Efeito de drogas na concentração da lamotrigina (ver Posologia e Modo de Usar): Drogas que aumentam a concentração da lamotrigina Drogas que reduzem a concentração da lamotrigina Drogas que têm pouco ou nenhum efeito na concentração da lamo trigina Valproato carbamazepina lítio fenitoína bupropiona primidona olanzapina fenobarbitona oxcarbazepina rifampicina felbamato lopinavir/ritonavir gabapentina atazanavir/ritonavir* levetiracetam Associação de etinilestradiol/levonorgestrel** pregabalina topiramato zonisamida aripiprazol lacosamida perampanel paracetamol *Para orientações de dosagem, ver Posologia e Modo de Usar – Recomendações gerais para populações de pacientes especiais, adicionalmente para mulheres tomando contraceptivos orais ver também Advertências e Precauções – Contraceptivos hormonais.",-1,-1.0,paracetamol; carbamazepina; rifampicina; gabapentina; olanzapina,15.0,1
cloridrato de moxifloxacino,INTERAÇÕES  MEDICAMENTOSAS,"INTERAÇÕES MEDICAMENTOSAS Para as seguintes substâncias foi comprovada a ausência de interação clinicamente relevante com cloridrato de moxifloxacino: atenolol, ranitidina, suplementos de cálcio, teofilina, ciclosporina, contraceptivos orais, glibenclamida, itraconazol, digoxina, m orfina, probenecida.",-1,-1.0,probenecida; ciclosporina; digoxina; itraconazol; glibenclamida,15.0,0
cloridrato de moxifloxacino,INTERAÇÕES MEDICAMENTOSAS,"INTERAÇÕES MEDICAMENTOSAS Para as seguintes substâncias foi comprovada a ausência de interação clinicamente relevante com cloridrato de moxifloxac ino: atenolol, ranitidina, suplementos de cálcio, teofilina, ciclosporina, contraceptivos orais, glibenclamida, itraconazol, digoxina, morfina, probenecida.",-1,-1.0,probenecida; ciclosporina; digoxina; itraconazol; glibenclamida,15.0,0
cabazitaxel,INTERAÇÕES MEDICAMENTOSAS,"INTERAÇÕES MEDICAMENTOSAS Medic amento -medicamento O metabolismo de cabazitaxel é modificado pela administração concomita nte de substâncias conhecidas como fortes inibidores (ex: cetoconazol, itraconazol, claritromicina, atazanavir, indinavir, nefazodona, nelfinavir, ritonavir, saquinavi r, telitromicina, voriconazol) ou fortes indutores (ex: rifampicina , carbamazepina ou fen itoína) da enzima CYP3A.",-1,-1.0,claritromicina; carbamazepina; cetoconazol; itraconazol; rifampicina,15.0,1
cabazitaxel,INTERAÇÕES MEDICAMENTOSAS,"INTERAÇÕES MEDICAMENTOSAS Medicamento -medicamento O metabolismo de cabazitaxel é modificado pela administração concomitante de substâncias conhecidas como fortes inibidores (ex: cetoconazol, itraconazol, claritromicina, atazanavir, indinavir, nefazodona, nelfinavir, ritonavir, saquinavir, telitromicina, voriconazol) ou fortes indutores (ex: rifampicina, carbamazepina ou fenitoína) da CYP3A.",-1,-1.0,claritromicina; carbamazepina; cetoconazol; itraconazol; rifampicina,15.0,1
cloridrato de hidroxizina,INTERAÇÕES MEDICAMENTOSAS,"Exemplos de drogas associadas ao prolongamento do intervalo QT e/ou Torsades de Pointes estão listados abaixo (mas não se limitam a apenas essas): - Antiarrítmicos classe IA (quinidina, procainamida, disopiramida); - Antiarrítmicos classe III (amiodarona, sotalol, bretílio); - Antiarrítmicos classe IC (flecainida, propafenona); - Antipsicóticos (clorpromazina, haloperidol, pimozida, droperidol, ziprasidona, risperidona, olanzapina); - Antidepressivos (fluoxetina, citalopram, venlafaxina, antidepressivos tricíclicos e tetracíclicos, por exemplo, amtriptilina, imipramina, maprotilina); dicloridrato_hidroxizina_sol_oral_VPS_V02 - Opioides (metadona); - Antibióticos macrolídeos e análogos (eritromicina, claritromicina, azitromicina, tacrolimus); - Quinolonas (moxifloxacino, ciprofloxacino, levofloxacino); - Pentamidina; - Antimaláricos (quinina, cloroquina); - Antifúngicos azólicos (cetoconazol, fluconazol, voriconazol); - Domperidona; - Antagonistas dos receptores 5-HT 3 (ondansetrona); - Trióxido de arsênio; - Inibidores da tirosinoquinase (vandetanibe, sunitinibe, nilotinibe); - Vorinostat (inibidor da histona deacetilase); - Agonista do receptor adrenérgico beta-2 (salmeterol, formoterol).",-1,-1.0,eritromicina; claritromicina; fluoxetina; cetoconazol; fluconazol,15.0,2
desogestrel,INTERAÇÕES MEDICAMENTOSAS,"A administração concomitante de inibidores fortes (por exemplo, cetoconazol, itraconazol, claritromicina) ou moderados (por exemplo, fluconazol, diltiazem, eritromicina) da CYP3A4 podem aumentar as concentrações séricas dos progestagênios, incluindo o eton ogestrel, o metabólito ativo do desogestrel.",-1,-1.0,eritromicina; claritromicina; cetoconazol; fluconazol; itraconazol,15.0,1
estradiol drospirenona,INTERAÇÕES MEDICAMENTOSAS,"Estas alteraçõe s podem ser clinicamente relevantes em alguns casos. -Substâncias que diminuem a depuração de hormônios sexuais (inibidores enzimáticos) Inibidores fortes e moderados do CYP3A4, tais como antifúngicos azólicos (por exemplo, fluconazol, itraconazol, cetoconazol, voriconazol,), macrolídeos (por exemplo, claritromicina, eritromicina), verapamil, diltiazem e suco de toranja (grapefruit ) podem aumentar as concentrações plasmáticas do progestógeno ou do estrogênio ou de ambos.",-1,-1.0,eritromicina; claritromicina; cetoconazol; fluconazol; itraconazol,15.0,1
drospirenona etinilestradiol,INTERAÇÕES MEDICAMENTOSAS,"Substâncias que diminuem a depuração dos COCs (inibidores enzimáticos) Inibidores potentes e moderados do CYP 3A4 tais como antifúngicos azólicos (como por exemplo, itraconazol, voriconazol, fluconazol), verapamil, antibióticos macrolídeos (como por exemplo, claritromicina, eritromicina), diltiazem e suco de toronja ( grapefruit ) podem aumentar as concentrações plasmáticas do estrogênio ou progestógeno ou de ambos.",-1,-1.0,eritromicina; claritromicina; fluconazol; itraconazol; diltiazem,15.0,1
divalproato de sódio,INTERAÇÕES MEDICAMENTOSAS,"Medicamentos para os quais não foi detectada nenhuma int eração ou com interação sem relevância: antiácidos, cimetidina, ranitidina, clorpromazina, haloperidol, paracetamol, lítio, lorazepam, olanzapina, rufinamida.",-1,-1.0,paracetamol; haloperidol; olanzapina; cimetidina; ranitidina,15.0,0
claritromicina,INTERAÇÕES MEDICAMENTOSAS,"São ex emplos, mas não se resume a: anticoagulantes orais (ex. varfarina, rivaroxabana, apixabana), antipsicóticos atípicos (ex. quetiapina, lurasidona) alcaloides do ergot, alprazolam, astemizol, carbamazepina, cilostazol, cisaprida, metilprednisolona, omeprazol , pimozida, quinidina, sildenafila, sinvastatina, terfenadina, triazolam, sirolimo, tacrolimo, lovastatina, disopiramida, midazolam, ciclosporina, hidroxicloroquina, cloroquina, vimblastina, rifabutina, ticagrelor, ivabradina e ranolazina.",-1,-1.0,varfarina; ciclosporina; omeprazol; sinvastatina; carbamazepina,15.0,2
telmisartana hidroclorotiazida,INTERAÇÕES MEDICAMENTOSAS,"A coadministração de telmisartana não resultou em interações clinicamente significativas com a varfarina, a hidroclorotiazida, a glibenclamida, o ibuprofeno, o paracetam ol, a sinvastatina e o anlodipino.",-1,-1.0,varfarina; ibuprofeno; sinvastatina; glibenclamida; hidroclorotiazida,15.0,0
dapagliflozina,INTERAÇÕES  MEDICAMENTOSAS,"Em estudos de interação conduzidos em indivíduos sadios, utilizando principalmente o desenho de dose única, a dapagliflozina não alterou significativamente a farmacocinética da metformina, pioglitazona, sitagliptina, glimepirida, hidroclorotiazida, bumetanida, valsartana, sinvastatina, digoxina (um substrato da gp -P) ou varfarina (a varfarina é um substrato do CYP 2C).",-1,-1.0,varfarina; metformina; sinvastatina; digoxina; hidroclorotiazida,15.0,0
risperidona,ADVERTÊNCIAS E PRECAUÇÕES,"No entanto, como o ritonavir é um inibidor forte de CYP3A4 e um inibidor fraco de CYP2D6, o ritonavir e inibidores de protease potenciali zados com ritonavir podem aumentar as concentrações da fração a ntipsicótica ativa da risperidona. - Betabloqueadores: Alguns betabloqueadores podem aumentar as concentrações plasmáticas da risperidona , mas não da fração antipsicótica ativa. - Bloqueadores de canal de cálcio: O verapamil, um inibidor moderado de CYP3 A4 e um inibidor de P-gp, aumenta a con centração plasmática de risperidona e da fração antipsicótica ativa. - Glicosídeos digitálicos: A risperidona não demonstra efeito clinicamen te significativo na farm acocinética da digoxina. - Diuréticos: Furosemida: veja no item “ADVERTÊN CIAS E PRECAUÇÕES” o aumento da mortalidade em pacientes idosos com demência que estão recebendo tratamento concomitante com furosemida. - Medicamentos gastrintestinais: Antagonistas de receptor H2: a cimetidina e a ranitidina, ambas inibidores fracos de CYP2D6 e CYP3A4, aumentaram a biodisponibi lidade da risperidona, mas apenas marginalmente aquela da fração antipsicótica ativa. - Lítio: A risperidona não demonstra efeito clinicam ente relevante sobre a farmacocinética do lítio. - Antidepressivos tricíclicos e inibidores seletivos da recaptação de serotonina: A fluoxetina, um inibidor forte da CYP2D6, aumenta a concentração plasmática da risper idona, mas menos da f ração antipsicótica ativa.",-1,-1.0,fluoxetina; digoxina; furosemida; verapamil; cimetidina,15.0,1
candesartana cilexetila,INTERAÇÕES MEDICAMENTOSAS,"As seguintes substâncias foram investigadas em estudos de farmacocinética clínica: hidroclorotiazida, varfarina, digoxina, contraceptivos orais (etinilestradiol/levonorgestrel), glibenclamida, nifedipino e enalapril.",-1,-1.0,varfarina; digoxina; glibenclamida; hidroclorotiazida; nifedipino,15.0,
cloridrato de donepezila,INTERAÇÕES MEDICAMENTOSAS,"O cloridrato de donepezila e seus metabólit os não inibem o metabolis mo da teofilina, varfarina, cimetidina, digoxina, tioridazina, risperidona e sertralina em humanos.",-1,-1.0,varfarina; sertralina; digoxina; risperidona; cimetidina,15.0,0
desogestrel,ADVERTÊNCIAS E PRECAUÇÕES,"A administração concomitante de inibidores fortes (por exemplo, cetoconazol, itraconazol, claritromicina) ou moderados (por exemplo, fluconazol, diltiazem, eritromicina) da CYP3A4 podem aumentar as concentrações séricas dos progestagênios, incluindo o etonogestrel, o metabólito ativo do desogestrel.",-1,-1.0,eritromicina; claritromicina; cetoconazol; fluconazol; itraconazol,15.0,1
losartana potassica hidroclorotiazida,INTERAÇÕES MEDICAMENTOSAS,"INTERAÇÕES MEDICAMENTOSAS Losartana Não foram identificadas interações medicamentosas de significado clínico com os seguintes compostos avaliados nos estudos de farmacocinética clínica: hidroclorotiazida, digoxina, varfarina, cimetidina, fenobarbital (veja Hidroclorotiazida, Álcool, Barbituratos ou Narcóticos , a seguir), cetoconazol e eritromicina.",-1,-1.0,varfarina; eritromicina; losartana; digoxina; cetoconazol,15.0,0
candesartana cilexetila hidroclorotiazida,INTERAÇÕES MEDICAMENTOSAS,"As substâncias que foram investigadas com candesartana cilexetila em est udos de farmacocinética clínica incluem: hidroclorotiazida, varfarina, digoxina, contraceptivos orais (etinile stradiol/levonorgestrel), glibenclamida e nifedipino.",-1,-1.0,varfarina; digoxina; glibenclamida; hidroclorotiazida; nifedipino,15.0,
losartana potássica,ADVERTÊNCIAS E PRECAUÇÕES,"INTERAÇÕES MEDICAMENTOSAS Nos estudos clínicos de farmacocinética realizados com hidroclorotiazida, digoxina, varfarina, cimetidina, fenobarbital, cetoconazol e eritromicina, não foram identificadas interações medicamentosas de importância clínica.",-1,-1.0,varfarina; eritromicina; digoxina; cetoconazol; fenobarbital,15.0,0
drospirenona etinilestradiol,INTERAÇÕES  MEDICAMENTOSAS,"Substâncias que diminuem a depuração dos COCs (inibidores enzimáticos) Inibidores potentes e moderados do CYP 3A4 tais como antifúngicos azólicos (como por exemplo, itraconazol, voriconazol, fluconazol), verapamil, antibióticos macrolídeos (como por exemplo, claritromicina, eritromicina), diltiaz em e suco de toronja (“grapefruit”) podem aumentar as concentrações plasmáticas do estrogênio ou progestógeno ou de ambos.",-1,-1.0,eritromicina; claritromicina; fluconazol; itraconazol; verapamil,15.0,1
besilato de anlodipino,INTERAÇÕES  MEDICAMENTOSAS,Estudos Especiais: Efeito do anlodipino sobre Outros Agentes atorvastatina: a coadministração de doses múltiplas de 10 mg de anlodipino e 80 mg de atorvastatina não resultou em mudança significante nos parâmetros farmacocinéticos no estado de equilíbrio (steady state ) da atorvastatina. digoxina: a coadministração de anlodipino e digoxina não alterou os níveis séricos ou o clearance renal de digoxina nos voluntários sadios. etanol (Álcool): dose única e doses múltiplas de 10 mg de anlodipino não tiveram efeito significante na farmacocinética do etanol. varfarina: a coadministração de anlodipino e com varfarina não alterou o tempo de resposta de protombina da varfarina. besilato de anlodipino 5 mg e 10 mg - comprimidos – VPS08 ciclosporina: nenhum estudo de interação medicamentosa foi conduzido com a ciclosporina e o anlodipino em voluntários saudáveis ou outras populações com exceção dos pacientes com transplante renal.,-1,-1.0,varfarina; ciclosporina; atorvastatina; digoxina; anlodipino,15.0,0
fosfato de sitagliptina,INTERAÇÕES MEDICAMENTOSAS,"Os medicamentos avaliados foram aqueles comumente administrados a pacientes com diabete s mel litus t ipo 2, inclusi ve agentes hipolipemiantes (por exemplo, vastatinas, fibratos, ezetimiba), agentes antiplaquetários (por exemplo, clopidogrel), anti -hipertensivos (por exemplo, inibidores da ECA, bloqueadores do receptor da angiotensina, betabloqueado res, bl oqueadores dos canais de cálcio, hidroclorotiazida), analgésicos e anti - inflamatórios não -esteroides (por exemplo, naproxeno, diclofenaco, celecoxibe), antidepre ssivos (por exemplo., bupropiona, fluoxetina, sertralina), anti -histamínicos (por exempl o, ceti rizina), inibi dores da bomba de prótons (por exemplo, omeprazol, lansoprazol) e medicamentos para disfunção erétil (por exemplo, sildenafila). 7.",-1,-1.0,omeprazol; fluoxetina; sertralina; hidroclorotiazida; fibratos,15.0,
fosfato de sitagliptina cloridrato de metformina,INTERAÇÕES MEDICAMENTOSAS,"Os medicamentos avaliados foram os que são comumente administrados a pacientes com diabetes mellitus tipo 2, incluindo agentes hipolipemiantes (por exemplo, estatinas, fibratos, ezetimiba), antiagregantes plaquetários (por exemplo, clopidogrel), anti -hipertensivos (por exemplo, inibidores da ECA, bloqueadores do receptor de angiotensina, betabloqueadores, bloqueadores do canal de cálcio, hidroclorotiazida), analgésicos e anti -inflamatórios não esteroidais (por exemplo, naproxeno, diclofenaco, celecoxibe), antidepressivos (por exemplo, bupropiona, fluoxetina, sertralina), anti- histamínicos (por exemplo, cetirizina), inibidores de bomba de próton (por exemplo, omeprazol, lansoprazol) e medicamentos para disfunção erétil (por exemplo, sildenafila).",-1,-1.0,omeprazol; fluoxetina; sertralina; hidroclorotiazida; fibratos,15.0,
lamotrigina,INTERAÇÕES MEDICAMENTOSAS,"Tabela 1: Efeito de drogas na concentração da lamotrigina (ver Posologia e Modo de Usar): Drogas que aumentam a concentração da lamotrigina Drogas que reduzem a concentração da lamotrigina Drogas que têm pouco ou nenhum efeito na concentração da lamotrigina carbamazepina lítio bupropiona olanzapina oxcarbazepina felbamato gapabentina levetiracetam pregabalina topiramato zonisamida aripripazol lacosamida perampanel paracetamol fenitoína primidona fenobarbitona valproato rifampicina lopinavir/ritonavi r atazanavir/ritonavir* Associação d e etinilestradiol/levonorgestrel* *Para orientações de dosagem, ver Posologia e Modo de Usar – Recomendações gerais para populações de pacientes especiais, adicionalmente para mulheres t omando contraceptivos orais ver t ambém Advertências e Precauçõe s – Contracepti vos hormonais.",-1,-1.0,paracetamol; carbamazepina; rifampicina; olanzapina; contraceptivos,15.0,1
besilato de anlodipino,INTERAÇÕES MEDICAMENTOSAS,Estudos Especiais: Efeito do anlodipino sobre Outro s Agentes atorvastatina: a coadministração de doses múltiplas de 10 mg de an lodipino e 80 mg de atorvastatina não resultou em m udança significante nos parâmetros farmacocinéticos no est ado de equilíbrio ( steady state ) da atorvastatina. digoxina: a coadministração de anlodipino e digoxina não alte rou os níveis séricos ou o clearance renal de digoxina nos voluntários sadios. etanol (Álcool): dose única e doses múltiplas de 10 mg de anlodipino não tiveram efeito significante na farmacocinética do etanol. varfarina: a coadministração de anlodipino com varfarina não a lterou o tempo de resposta de protrombina da varfar ina. ciclosporina: nenhum estudo de interação medicamentosa foi conduz ido com a ciclosporina e o anlodipino em voluntário s saudáveis ou outras populações com exceção dos paci entes com transplante renal.,-1,-1.0,varfarina; ciclosporina; atorvastatina; digoxina; anlodipino,15.0,0
cloridrato de donepezila,INTERAÇÕES MEDICAMENTOSAS,"O cloridrato de donepezila e seu s metabólitos não inibem o meta bolismo da teofilina, varfarina, cimetidina, digoxina, tioridaz ina, risperidona e sertralina em humanos.",-1,-1.0,varfarina; sertralina; digoxina; risperidona; cimetidina,15.0,0
pantoprazol,INTERAÇÕES MEDICAMENTOSAS,"Os estudos de interação com fármacos que também são metabolizados com estas vias, como a carbamazepina, diazepam, glibenclamida, nifedipino, fenitoina e um contraceptivo oral contendo levonorgestrel e etinilestradiol, não se observaram interações clínicas significativas.",-1,-1.0,diazepam; fenitoina; carbamazepina; glibenclamida; nifedipino,15.0,0
desogestrel,INTERAÇÕES MEDICAMENTOSAS,"Um método anticoncepcional de barreira deve ser utilizado em adição ao desogestrel durante a administração do medicamento indutor de enzimas hepáticas e por 28 dias após a descontinuação do medicamento indutor de enzimas hepáticas, para mulheres em tratamento prolongado com medicamentos indutores de enzimas , deve ser considerado o uso de um métodoanticonceptivo alternativo não afetado por medicamentos indutores de enzimas. desogestrel – VPS 06 A administração concomitante de inibidores fortes (por exemplo, cetoconazol, itraconazol, claritromicina) ou moderados (por exemplo, fluconazol, diltiazem, eritromicina) da CYP3A4 podem aumentar as concentrações séricas dos progestagênios, incluindo o etonogestrel, o metabólito ativo do desogestrel.",-1,-1.0,eritromicina; claritromicina; cetoconazol; fluconazol; itraconazol,15.0,1
atorvastatina cálcica,INTERAÇÕES MEDICAMENTOSAS,"INTERAÇÕES MEDICAMENTOSAS VPS8= atorvastatina cálcica _Bula_Profissional 15 O risco de mio patia durante o tratamento com inibidores da HMG -CoA redut ase se apresenta aumentado com a administração concomitante de ciclosporina, fibratos, niacina em doses que alteram o perfil lipídico ou inibidores do citocromo P450 3A4 /transportadores , (por exempl o, eritromicina e antifúngicos azólicos) (vide a seguir e nos itens 8.",-1,-1.0,ciclosporina; eritromicina; atorvastatina; niacina; fibratos,15.0,1
besilato de anlodipino,INTERAÇÕES MEDICAMENTOSAS,Estudos Especiais: Efeito do anlodipino sobre Outros Agentes atorvastatina: a coadministração de doses múltiplas de 10 mg de anlodipino e 80 mg de atorvastatina não resultou em mudança significante nos parâmetros farmacocinéticos no estado de equilíbrio (steady state ) da atorvastatina. digoxina: a coadministração de anlodipino e digoxina não alterou os níveis séricos ou o clearance renal de digoxina nos voluntários sadios. etanol (Álcool): dose única e doses múltiplas de 10 mg de anlodipino não tiveram efeito significante na farmacocinética do etanol. varfarina: a coadministração de anlodipino com varfarina não alterou o tempo de resposta de protombina da varfarina. ciclosporina: nenhum estudo de interação medicamentosa foi conduzido com a ciclosporina e o anlodipino em voluntários saudáveis ou outras populações com exceção dos pacientes com transplante renal.,-1,-1.0,varfarina; ciclosporina; atorvastatina; digoxina; anlodipino,15.0,0
cloridrato de donepezila,INTERAÇÕES MEDICAMENTOSAS,"O cloridrato de donepezila e seus metabólito s não inibem o metabolis mo da teofilina, varfarina, cimetidina, digoxina, tioridazina, risperidona e sertralina em humanos.",-1,-1.0,varfarina; sertralina; digoxina; risperidona; cimetidina,15.0,0
acetato de ciproterona etinilestradiol,INTERAÇÕES MEDICAMENTOSAS,"Estas alterações podem ser clinicamente relevantes em alguns casos. • Substâncias que reduzem a depuração de acetato de ciproterona + etinilestradiol (inibidores enzimáticos): Inibidores fortes e moderados do CYP3A4, tais como antifúngicos azólicos (por exemplo, itraconazol, voriconazol, fluconazol), verapamil, antibióticos macrolídeos (por exemplo, claritromicina, eritromicina), diltiazem e suco de tor anja (“grapefruit”) podem aumentar as concentrações plasmáticas de estrogênio ou de progestógeno, ou de ambos.",-1,-1.0,eritromicina; claritromicina; fluconazol; itraconazol; diltiazem,15.0,1
cloridrato de donepezila cloridrato de memantina,CONTRAINDICAÇÕES,"O cloridrato de donepezila e seus metabólitos não inibem o metabolismo da teofilina, varfarina, cimetidina, digoxina, tioridazina, risperidona e sertralina em humanos.",-1,-1.0,varfarina; sertralina; digoxina; risperidona; cimetidina,15.0,0
ramelteona,INTERAÇÕES MEDICAMENTOSAS,"A administração concomitante de ramelteona com omeprazol (substrato da CYP2C19), dextrometorfano (substrato da CYP2D6), midazolam (substrato da CYP3A4), teofilina (substrato da CYP1A2), digoxina (substrato da p- glicoproteína), varfarina (substrato da CYP2C 9 [S]/CYP1A2 [R]), venlafaxina, fluvoxamina, donepezila, doxepina, sertralina, escitalopram, zolpidem, lorazepam, gabapentina ou contraceptivo oral combinado contendo estradiol e levonorgestrel não produziu alterações clinicamente significativas nas exposi ções máxima e total a essas drogas.",-1,-1.0,varfarina; omeprazol; sertralina; digoxina; gabapentina,15.0,0
gelmax,INTERAÇÕES MEDICAMENTOSAS,"Interações Medicamento - Medicamento Os seguintes medicamentos têm seu efeito diminuído quando administrados concomitantemente com GELMAX®: tetraciclinas, fenitoínas, antifúngicos azólicos (ex. fluconazol, itraconazol, isoconazol), etambutol, suplementos orais de ferro, cefalosporinas (como cefazolina e cefadroxil a), gabapentina, digoxina, erlotinibe, atazanavir, amprenavir, preparações para tireoide (levotiroxina, por exemplo), bloqueadores dos canais de cálcio (por exemplo: anlodipin o, nifedipin o e verapamil).",-1,-1.0,digoxina; fluconazol; itraconazol; levotiroxina; verapamil,15.0,1
claritromicina,INTERAÇÕES  MEDICAMENTOSAS,"Quetiapina, lurasidona), alcaloides do ergot, alprazolam, astemizol, carbamazepina, cilostazol, cisaprida, metilprednisolona, omeprazol, pimozida, quinidina, sildenafila, sinvastatina, terfenadina, triazolam, sirolimo, tacrolimo, lovastatina, disopiramida, midazolam, ciclosporina, hidroxicloroquina, cloroquina, vimblastina, rifabutina, ticagrelor, ivabradina e ranolazina.",-1,-1.0,ciclosporina; omeprazol; sinvastatina; carbamazepina; quetiapina,15.0,
acido acetilsalicilico,ADVERTÊNCIAS E PRECAUÇÕES,"O ácido acetilsalicílico aumenta: • o risco de sangramento pelo uso de medicamentos anticoagulantes, agentes antiagregantes plaquetários ou álcool; • a toxicidade do metotrexato (quando utilizado em doses < 15 mg/semana) e do ácido valproico; • o risco de lesão gastrintestinal pelo uso de outros anti -inflamatórios não esteroidais (AINES) ou álcool; • o risco de sangramento gastrintestinal pelo uso de inibidores seletivos de recaptação da serotonina ou AINES; • os níveis sanguíneos de digoxina; • o efeito de determinados antidiabéticos, medicamentos para diminuir a taxa de açúcar no sangue (por exemplo, insulina, sulfonilureia); • o risco de superdose por salicilatos quando interrompido o tratamento com glicocorticoides sistêmicos.",-1,-1.0,digoxina; metotrexato; insulina; valproico; anticoagulantes,15.0,1
acido acetilsalicilico,INTERAÇÕES MEDICAMENTOSAS,"Combinações que requerem precauções para o uso: · metotrexato em doses inferiores a 15 mg/semana: aumento da toxicidade hematológica do metotrexato (diminuição da depuração renal do metotrexato por agentes anti -inflamatórios em geral e deslocamento do metotrexato de sua ligação na proteína plasmática pelos salicilatos); · Anticoagulantes, trombolíticos/ outros inibidores da agregação plaquetária/ hemóstase : aumento do risco de sangramento; · Outros anti -inflamatórios não -esteroidais com salicilatos em doses elevadas: aumento do risco de úlceras e sangramento gastrintestinal devido ao efeito sinérgico; · Inibidores seletivos da recaptação de serotonina ( ISRSs ): aumento do risco de sangramento gastrintestinal superior possivelmente em razão do efeito sinérgico ; · digoxina: aumento das concentrações plasmáticas de digoxina em função da diminuição da excreção renal; · Antidiabéticos, por exemplo, insulina e sulfonilureias: aumento do efeito hipoglicêmico por altas doses do ácido acetilsalicílico por ação hipoglicêmica do ácido acetilsalicílico e deslocamento da sulfonilureia de sua ligação nas proteínas plasmáticas; · Diuréticos em combinação com ácido acetilsalicílico em altas doses: diminuição da filtração glomerular por diminuição da síntese renal de prostaglandina; · Glicocorticoides sistêmicos, exceto hidrocortisona usada como terapia de reposição na doença de Addison: diminuição dos níveis de salicilato plasmático durante o tratamento com corticosteroides e risco de superdose de salicilato após interrupção do tratamento, devido ao aumento da eliminação de salicilatos pelos corticosteroides; · Inibidores da enzima conversora de angiotensina (ECA) em combinação com ácido acetilsalicílico em altas doses: diminuição da filtração glomerular por inibição das prostaglandinas vasodilatadoras.",-1,-1.0,digoxina; metotrexato; insulina; anticoagulantes; corticosteroides,15.0,1
besilato de anlodipino,INTERAÇÕES MEDICAMENTOSAS,Estudos Especiais: Efeito do anlodipino sobre Outros A gentes atorvastatina: a coadministração de doses múltiplas de 10 mg de anlodipino e 80 mg de atorvastatina não resultou em mudança significante nos parâmetros farmacocinéticos no estado de equilíbrio ( steady -state) da atorvastatina. digoxina: a coadministração de anlodipino e digoxina não alterou os níveis séricos ou o clearance renal de digoxina nos voluntários sadios. etanol (á lcool): dose única e doses múltiplas de 10 mg de anlodipino não tiveram efeito significante na farmacocinética do etanol. varfarina: a coadministração de anlodipino com varfarina não alterou o tempo de resposta de protrombina da varfarina. ciclosporina: nenhum estudo de interação medicamentosa foi conduzido com a ciclosporina e o anlodipino em voluntários saudáveis ou outras populações com exceção dos pacientes com transplante renal.,-1,-1.0,varfarina; ciclosporina; atorvastatina; digoxina; anlodipino,15.0,0
claritromicina,INTERAÇÕES  MEDICAMENTOSAS,"São exemplos, mas não se resume a: alprazolam, astemizol, carbamazepina, cilostazol, cisaprida, ciclosporina, disopiramida, alcaloides do ergot, lovastatina, metilprednisolona, midazolam, omeprazol, anticoagulantes orais (ex: varfarina, rivaroxabana, apixabana , edoxabana ), antipsicóticos atípicos (ex: quetiapina), pimozida, quinidina, rifabutina, sildenafila, sinvastatina, tacrolimo, terfenadina, triazolam e v imblastina.",-1,-1.0,varfarina; ciclosporina; omeprazol; sinvastatina; carbamazepina,15.0,
cloridrato de verapamil,INTERAÇÕES MEDICAMENTOSAS,"Vide bula de colchicina Antibacterianos claritromicina Possível aumento nos níveis de verapamil --- eritromicina Possível aumento dos níveis de verapamil --- rifampicina Diminui ASC (~97%), Cmax (~94%) e biodisponibilidade oral (~92%) do verapamil O efeito hipotensor do verapamil pode ser reduzido telitromicina Possível aumento dos níveis de verapamil --- Antineoplásicos doxorrubicina Aumenta ASC (104%) e Cmax (61%) da doxorrubicina com a administração oral de verapamil Em pacientes com carcinoma pulmonar de células pequenas Barbitúricos fenobarbital Aumenta a depuração do verapamil oral (~5 vezes) --- Benzodiazepínicos e outros ansiolíticos buspirona Aumenta ASC e Cmax da buspirona em 3 -4 vezes --- midazolam Aumenta ASC (~3 vezes) e Cmax (~2 vezes) do midazolam --- Betabloqueadores metoprolol Aumenta ASC (~32.5%) e Cmax (~41%) do metoprolol em pacientes com angina Vide “ADVERTÊNCIAS E PRECAUÇÕES ” propranolol Aumenta ASC (65%) e Cmax.",-1,-1.0,eritromicina; claritromicina; rifampicina; fenobarbital; verapamil,15.0,1
acebrofilina,INTERAÇÕES MEDICAMENTOSAS,"O uso concomitante de acebrofilina com antibióticos macrolídeos (eritromicina), algumas quinolonas como norfloxacino e ciprofloxacino , anti -histamínicos H2 (cimetidina, ranitidina, famotidina), alopurinol, diltiazem e ipriflavona , pode retardar a eliminação da teofilina, aumentando o risco de intoxicação pela mesma.",-1,-1.0,alopurinol; eritromicina; diltiazem; cimetidina; ranitidina,15.0,1
losartana potássica hidroclorotiazida,INTERAÇÕES  MEDICAMENTOSAS,"INTERAÇÕES MEDICAMENTOSAS losartana Não foram identificadas interações medicamentosas de significado clínico com os seguintes compostos avaliados nos estudos de farmacocinética clínica: hidroclorotiazida, digoxina, varfarina, cimetidina, fenobarbital ( vide “hidroclorotiazida, Álcool, Barbituratos ou Narcóticos ”, a seguir), cetoconazol e eritromicina.",-1,-1.0,varfarina; eritromicina; losartana; digoxina; cetoconazol,15.0,0
losartana potássica,INTERAÇÕES MEDICAMENTOSAS,"INTERAÇÕES MEDICAMENTOSAS Nos estudos clínicos de farmacocinética realizados com hidroclorotiazida, digoxina, varfarina, cimetidina, fenobarbital, cetoconazol e eritromicina, não foram identificadas interações medicamentosas de importância clínica.",-1,-1.0,varfarina; eritromicina; digoxina; cetoconazol; fenobarbital,15.0,0
dicloridrato de hidroxizina,INTERAÇÕES  MEDICAMENTOSAS,"Exemplos de medicamentos associad os ao prolongamento do intervalo QT e/ou Torsades de Pointes estão listados abaixo (mas não se limitam a apenas es tes): - Antiarrítmicos classe IA (quinidina, procainamida, disopiramida) ; - Antiarrítmicos classe III (amiodarona, sotalol, bretílio); - Antiarrítmicos classe IC (flecainida, propafenona); - Antipsicóticos (clorpromazina, haloperidol, pimozida, droperidol, ziprasidona, risperidona, olanzapina); - Antidepressivos (fluoxetina, c italopram, venlafaxina , antidepressivos tricíclicos e tetracíclicos por exemplo amitriptilina, imipramina, maprotilina) ; - Opioides (metadona); - Antibióticos macrolídeos e análogos (eritromicina, claritromicina, azitromicina, tacrolimo ); - Quinolonas (moxifloxacino, ciprofloxacino, levofloxacino); - pentamidina; - Antimaláricos (quinin a, cloroquina); - Antifúngicos azólicos (c etoconazol, fluconazol, voriconazol); - domperidona; - Antagonistas dos receptores 5-HT 3 (ondansetron a); - trióxido de arsênio; - Inibidores da tirosina quinase (vandetanib e, sunitinib e, nilotinib e); - vorinostat e (inibidor da histona deacetilase); - Agonista do receptor adrenérgico beta -2 (salmeterol, formoterol).",-1,-1.0,eritromicina; claritromicina; fluoxetina; fluconazol; amiodarona,15.0,2
valsartana,INTERAÇÕES MEDICAMENTOSAS,"Entre os fármacos com os quais se realizaram estudos clínicos incluem -se: cimetidina, varfarina, furosemida, digoxina, atenolol, indometacina, hidroclorotiazida, anlodipino e glibenclamida.",-1,-1.0,varfarina; digoxina; glibenclamida; hidroclorotiazida; furosemida,15.0,
drospirenona etinilestradiol,INTERAÇÕES MEDICAMENTOSAS,"Substâncias que diminuem a depuração dos COCs (inibidores enzimáticos): Inibidores potentes e moderados do CYP 3A4 tais como antifúngicos azólicos (como por exemplo, itraconazol, voriconazol, fluconazol), verapamil, macrolídeos (como por exemplo, claritromicina, eritromicina), diltiazem e suco de toranja (grapefruit) podem aumentar as concentrações plasmáticas do estrogênio ou progestógeno ou de ambos.",-1,-1.0,eritromicina; claritromicina; fluconazol; itraconazol; diltiazem,15.0,1
drospirenona etinilestradiol,INTERAÇÕES  MEDICAMENTOSAS,"Essas alterações podem ser clinicamente relevantes em alguns casos. - Substâncias que diminuem a depuração dos COCs (inibidores enzimáticos) Inibidores potentes e moderados do CYP 3A4 tais como antifúngicos azólicos (como por exemplo, itraconazol, voriconazol, fluconazol), verapamil, macrolídeos (como por exemplo, claritromicina, eritromicina), diltiazem e suco de toranja (grapefruit) podem aumentar as concentrações plasmáticas do estrogênio ou progestógeno ou de ambos.",-1,-1.0,eritromicina; claritromicina; fluconazol; itraconazol; diltiazem,15.0,1
cloridrato de moxifloxacino,INTERAÇÕES MEDICAMENTOSAS,"INTERAÇÕES MEDICAMENTOSAS Para as seguintes substâncias foi comprovada a ausência de interação clinicamente relevante com cloridrato de moxifloxacino: atenolol, ranitidina, suplementos de cálcio, teofilina, ciclosporina, contraceptivos orais, glibenclamida, itraconazol, digoxina, morfina, probenecida.",-1,-1.0,probenecida; ciclosporina; digoxina; itraconazol; glibenclamida,15.0,0
telmisartana,INTERAÇÕES MEDICAMENTOSAS,"A coadministração de telmisartana não resultou em interações clinicamente significativas com digoxina, varfarina, hidroclorotiazida, glibenclamida, ibuprofeno, paracetamol, sinvastatina e anlodipino.",-1,-1.0,varfarina; ibuprofeno; paracetamol; sinvastatina; digoxina,15.0,0
estradiol acetato de noretisterona,INTERAÇÕES MEDICAMENTOSAS,"Em alguns casos estas alterações podem ser clinicamente relevantes. - Substâncias que diminuem a depuração de hormônios sexuais (inibidores enzimáticos): Inibidore s potentes e moderados de CYP3A4, tais como, antifúngicos azólicos (por exemplo, fluconazol, itraconazol, cetoconazol, voriconazol), macrolídeos (por exemplo, claritromicina, eritromicina), verapamil, diltiazem e suco de toranja ( grapefruit ) podem aumentar as concentrações plasmáticas de estrogênio, de progestógeno ou de ambos.",-1,-1.0,eritromicina; claritromicina; cetoconazol; fluconazol; itraconazol,15.0,1
drosperinona etinilestradiol,INTERAÇÕES  MEDICAMENTOSAS,"Substâncias que diminuem a depuração dos COCs (inibidores enzimáticos): Inibidores potentes e moderados do CYP3A4 tais como antifúngicos azólicos (como por exemplo, itraconazol, voriconazol, fluconazol), verapamil, antibióticos macrolídeos (como por exemplo, claritromicina, eritromicina), diltiazem e suco de toranja (grapefruit) podem aumentar as concentrações plasmáticas de estrogênio ou progestógeno ou de ambos.",-1,-1.0,eritromicina; claritromicina; fluconazol; itraconazol; diltiazem,15.0,1
drosperinona etinilestradiol,INTERAÇÕES  MEDICAMENTOSAS,"Substâncias que diminuem a depuração dos COCs (inibidores enzimáticos) : Inibidores potentes e moderados do CYP 3A4 tais como antifúngicos azólicos (como por exemplo, itraconazol, voriconazol, fluconazol), verapamil, antibióticos macrolídeos (como por exemplo, claritromicina, eritromicina), diltiazem e suco de toranja (grapefruit) podem aumentar as concentrações plasmáticas do estrogênio ou progestógeno ou de ambos.",-1,-1.0,eritromicina; claritromicina; fluconazol; itraconazol; diltiazem,15.0,1
drosperinona etinilestradiol,INTERAÇÕES  MEDICAMENTOSAS,"Essas alterações podem ser clinicamente relevantes em alguns casos. - Substâncias que diminuem a depuração dos COCs (inibidores enzimáticos): inibidores potentes e moderados do CYP 3A4 como antifúngicos azólicos (como, por exemplo: itraconazol, voriconazol, fluconazol), verapamil, macrolídeos (como, por exemplo: claritromicina, eritromicina), diltiazem e suco de toronja (grapefruit) podem aumentar as concentrações plasmáticas do estrogênio ou progestógeno ou de ambos.",-1,-1.0,eritromicina; claritromicina; fluconazol; itraconazol; diltiazem,15.0,1
cloridrato de lercanidipino,INTERAÇÕES MEDICAMENTOSAS,"A coadministração do lercanidipino com inibidores do CYP3A4 deve ser evitada (por exemplo, o cetoconazol, itraconazol, ritonavir, eritromicina, troleandomicina, claritromicina) (vide “Contraindicações”). ciclosporina A ciclosporina e o lercanidipino não devem ser administrados juntamente (vide “Contraindicações”).",-1,-1.0,ciclosporina; eritromicina; claritromicina; cetoconazol; itraconazol,15.0,2
ezetimiba sinvastatina,CONTRAINDICAÇÕES,"CONTRAINDICAÇÕES • Hipersensibilidade aos princípios ativos ou a qualquer dos excipientes. • Hepatopatia ativa ou elevações persistentes e inexplicadas das transaminases séricas. • Quando houver necessidade de administrar ezetimiba + sinvastatina com fenofibrato, consulte a Circular aos Médicos (bula) de fenofibrato. • Administração concomitante de inibidores potentes do CYP3A4 (p. ex., itraconazol, cetoconazol, posaconazol, voriconazol, inibidores da protease do HIV, boceprevir, telaprevir, eritromicina, claritromicina, telitromicina, nefazodona e medicamentos contendo cobicistate) (vide 5.",-1,-1.0,eritromicina; claritromicina; sinvastatina; cetoconazol; itraconazol,15.0,2
valsartana besilato de anlodipino,INTERAÇÕES MEDICAMENTOSAS,"Em monoterapia, o anlodipino é seguramente administrado com diuréticos tiazídicos, betabloqueadores, inibidores da enzima conversora de angiotensina, nitratos de longa ação, nitroglicerinas sublinguais, digoxina, varfarina, atorvastatina, sildenafila, Maalox ® (hidróxido de alumínio gel, hidróxido de magnésio e simeticona), cimetidina, medicamentos anti -inflamatórios não -esteroidais, antibióticos e medicamentos hipoglicemiantes orais. valsartana Duplo bloqueio do Sistema Renina -Angiotensina (SRA) com BRAs, IECAs ou alisquireno: o uso concomitante de BRAs, incluindo valsartana, com outros medicamentos que agem no SRA é associado com o aumento da incidência de hipotensão, hipercalemia e alterações na função renal em comparação com à monoterapia.",-1,-1.0,varfarina; atorvastatina; digoxina; anlodipino; cimetidina,15.0,1
linagliptina,CONTRAINDICAÇÕES,"A linagliptina não teve efeito clinicamente relevante sobre a farmacocinética da metformina, glibenclamida, sinvastatina, pioglitazona, varfarina, digoxina ou contraceptivos orais; fornecendo evidência in vivo de uma baixa propensão para causar interações medicamentosas com substratos das CYP3A4, CYP2C9, CYP2C8, glicoproteína -P e com transportadores catiônicos orgânicos (TCO). metformina: a coadministração de múltiplas doses supraterapêuticas de 10 mg de linagliptina uma vez ao dia, com doses de 850 mg três vezes ao dia de metformina, não alterou de forma clinicamente significativa a farmacocinética da linagliptina ou da metformina em voluntários sadios.",-1,-1.0,varfarina; metformina; sinvastatina; digoxina; glibenclamida,15.0,0
gliclazida,INTERAÇÕES  MEDICAMENTOSAS,"Os efeitos hipoglicêmicos da gliclazida e sinais da baixa do nível de açúcar no sangue podem ocorrer quando você tomar um dos seguintes medicamentos: - outros medicamentos utilizados no tratamento da hiperglicemia (agentes antidiabéticos orais, agonistas dos receptores GLP -1ou insulina), - antibióticos (sulfonamidas, claritromicina), - medicamentos para tratar hipertensão ou insuficiência cardíaca (betabloqueadores, inibidores da enzima de conversão da angiotensina, tais como o captopril e o enalapril), - medicamentos para tratar infecções fúngicas (miconazol, fluconazol), - medicamentos para tratar úlceras estomacais ou duodenais (antagonistas dos receptores H2), - medicamentos para tratar a depressão (inibidores da monoamino oxidase), - analgésicos ou antirreumáticos (fenilbutazona, ibuprofeno), - medicamentos contendo álcool.",-1,-1.0,claritromicina; ibuprofeno; captopril; fluconazol; insulina,15.0,1
gliclazida,INTERAÇÕES  MEDICAMENTOSAS,"Os efeitos hipoglicêmicos da gliclazida e sinais da baixa nos níveis de açúcar no sangue podem ocorrer quando você tomar um dos seguintes medicamentos: - outros medicamentos utilizados no tratamento da hiperglicemia (agentes antidiabéticos orais, agonistas dos receptores GLP -1ou insulina), - antibióticos (sulfonamidas, claritromicina), - medicamentos para tratar hipertensão ou insuficiência cardíaca (betabloqueadores, inibidores da enzima de conversão da angiotensina como o captopril ou enalapril), - medicamentos para tratar infecções fúngicas (miconazol, fluconazol), - medicamentos para tratar úlceras estomacais ou duodenais (antagonistas dos receptores H2), - medicamentos para tratar a depressão (inibidores da monoamino oxidase), - analgésicos ou antirreumáticos (fenilbutazona, ibuprofeno), - medicamentos contendo álcool.",-1,-1.0,claritromicina; ibuprofeno; captopril; fluconazol; insulina,15.0,1
sulfato de hidroxicloroquina,ADVERTÊNCIAS,"Alguns medicamentos e sulfato de hidroxicloroquina podem interferir um com o outro: isso inclui medicamentos usados para infecções por fungos (por exemplo, itraconazol), para infecções bacterianas (como rifampicina, claritromicina), para epilepsia (convulsões) (como fenitoína, carbamazepina), para distúrbios lipídicos (como genfibrozila, estatinas), para tratamento do HIV (como ritonavir), para transplante de órgãos ou distúrbios do sistema imunológico (como ciclosporina), para coágulos sanguíneos (como dabigatran, clopidogrel), para doenças do coração (como digoxina, flecainida, propafenona) e tratamento à base de plantas para a depressão: erva de São João.",-1,-1.0,ciclosporina; claritromicina; carbamazepina; digoxina; itraconazol,15.0,1
valerato de estradiol,INTERAÇÕES MEDICAMENTOSAS,"Em alguns casos estas alterações podem ser clinicamente relevantes. - Substâncias que diminuem a depuração de hormônios sexuais (inibidores enzimáticos): Inibidores potentes e moderados do CYP3A4, tais como antifúngicos azólicos (por exemplo, fluconazol, itraconazol, cetoconazol, voriconazol), macrolídeos (por exemplo, claritromicina, eritromicina), verapamil, diltiazem e suco de toranja ( grapefruit ) podem aumentar as concentrações plasmáticas do estrogênio.",-1,-1.0,eritromicina; claritromicina; cetoconazol; fluconazol; itraconazol,15.0,1
cloridrato de donepezila,INTERAÇÕES MEDICAMENTOSAS,"O cloridrato de donepezila e seus metabólitos não inibem o metabolismo da teofilina, varfarina, cimetidina, digoxina, tioridazina, risperidona e sertralina em humanos.",-1,-1.0,varfarina; sertralina; digoxina; risperidona; cimetidina,15.0,0
desogestrel,INTERAÇÕES MEDICAMENTOSAS,"A administração concomitante de inibidores fortes (por exemplo, cetoconazol, itraconazol, claritromicina) ou moderados (por exemplo, fluconazol, diltiazem, eritromicina) da CYP3A4 podem aumentar as concentrações séricas dos progestagênios, incluindo o etonogestrel, o metabólito ativo do desogestrel.",-1,-1.0,eritromicina; claritromicina; cetoconazol; fluconazol; itraconazol,15.0,1
dienogeste,INTERAÇÕES MEDICAMENTOSAS,"Inibidores potentes e moderados do CYP3A4, tais com o antifúngicos azólicos (por exemplo, itraconazol, voriconazol, fluconazol), verapamil, macrolídeos (por exemplo, c laritromicina, eritromicina), diltiazem e suco de t oranja (“grapefruit”) podem aumentar as concentrações plasmáticas desta p rogestina.",-1,-1.0,eritromicina; fluconazol; itraconazol; diltiazem; verapamil,15.0,1
dapagliflozina propanodiol,INTERAÇÕES MEDICAMENTOSAS,"Em estudos de interação conduzidos em indivíduos sadios, utilizando principalmente o desenho de dose única, a dapagliflozina não alterou significativamente a farmacocinética da metformina, pioglitazona, sitagliptina, glimepirida, hidroclorotiazida, bumetanida, valsartana, sinvastatina, digoxina (um substrato da gp-P) ou varfarina (a varfarina é um substrato do CYP2C).",-1,-1.0,varfarina; metformina; sinvastatina; digoxina; hidroclorotiazida,15.0,0
amoxicilina claritromicina esomeprazol,INTERAÇÕES MEDICAMENTOSAS,"INTERAÇÕES MEDICAMENTOSAS claritromicina - A biodisponibilidade da claritromicina não se altera quando ingerida com alimentos. - Resultados de estudos clínicos revelaram que existe um aumento ligeiro, mas estatisticamente significativo (p < 0,05), nos níveis circulantes de teofilina ou de carbamazepina, quando alguma destas drogas é administrada concomitantemente com a claritromicin a. - Como ocorre com outros macrolídeos, o uso de claritromicina pode elevar os níveis séricos de medicações concomitantes, metabolizadas pelo sistema do citocromo P450 (por ex.: varfarina, alcaloides do ergot, triazolam, midazolam, ciclosporina). - Elevação nas concentrações séricas de digoxina foram relatadas em pacientes que receberam concomitantemente claritromicina e digoxina.",-1,-1.0,varfarina; ciclosporina; claritromicina; carbamazepina; digoxina,15.0,1
cloridrato de donepezila cloridrato de memantina,INTERAÇÕES MEDICAMENTOSAS,"O cloridrato de donepezila e seus metabólitos não inibem o metabolismo da teofilina, varfarina, cimetidina, digoxina, tioridazina, risperidona e sertralina em humanos.",-1,-1.0,varfarina; sertralina; digoxina; risperidona; cimetidina,15.0,0
dapagliflozina,INTERAÇÕES MEDICAMENTOSAS,"Em estudos de interação conduzidos em indivíduos sadios, utilizando principalmente o desenho de dose única, a dapagliflozina não alterou significativamente a farmacocinética da metformina, pioglitazona, sitagliptina, glimepirida, hidroclorotiazida, bumetan ida, valsartana, sinvastatina, digoxina (um substrato da gp-P) ou varfarina (a varfarina é um substrato do CYP2C).",-1,-1.0,varfarina; metformina; sinvastatina; digoxina; hidroclorotiazida,15.0,0
cetoprofeno,INTERAÇÕES MEDICAMENTOSAS,"Associações medicamentosas que requerem precauções - Categorias terapêuticas e medicamentos que podem promover hiper calemia (tais como, sais de potássio, diuréticos poupadores de potássio, inibidores da ECA e antagonistas da angiotensina II, AINEs, heparinas (de baixo peso molecular ou não fracionada), ciclosporina, tacrolimo e trimetoprima): O risco de hiper calemia pode aume ntar quando os medicamentos mencionados acima são administrados concomitantemente (vide “ O QUE DEVO SABER ANTES DE USAR ESTE MEDICAMENTO? ”). - Corticosteroides (prednisona, prednisolona, dexametasona): aumento do risco de ulceração ou sangramento gastrin testinal (vide “ O QUE DEVO SABER ANTES DE USAR ESTE MEDICAMENTO? ”). - Diuréticos (furosemida, hidroclorotiazida, clortalidona): pacientes utilizando diuréticos, particularmente os desidratados, apresentam maior risco de desenvolvimento de insuficiência renal devido a diminuição do fluxo sanguíneo nos rins.",-1,-1.0,ciclosporina; hidroclorotiazida; furosemida; corticosteroides; aines,15.0,1
besilato de anlodipino,INTERAÇÕES MEDICAMENTOSAS,Estudos Especiais: Efeito do an lodipino sobre Outros Agentes atorvastatina: a coadministração de doses múltiplas de 10 mg de an lodipino e 80 mg de at orvastatina não resultou em mudança significante nos parâmetros farmacocinéticos no estado de equilíbrio ( steady state ) da atorvastatina. digoxina: a coadministração de anlodipino e digoxin a não alterou os níveis séricos ou o clearance renal de digoxina nos voluntários sadios. etanol (Álcool): dose única e doses múltiplas de 10 mg de anlodipino não tiveram efeito significante na farmacocinética do etanol. varfarina: a coadministração de anlodipino co m varfarina não alterou o tempo de resposta de protrombina da varfarina. ciclosporina: nenhum estudo de interação medicamentosa foi conduzido com a ciclosporina e o anlodipino em voluntários saudáveis ou outr as populações com exceção do s pacientes com transplante renal.,-1,-1.0,varfarina; ciclosporina; atorvastatina; digoxina; anlodipino,15.0,0
cloridrato de donepezila,CONTRAINDICAÇÕES,"O cloridrato de donepezila e seus metabólitos não inibem o meta bolismo da teofilina, varfarina, cimetidina, digoxina, tioridazina, risperidona e sertralina em humanos.",-1,-1.0,varfarina; sertralina; digoxina; risperidona; cimetidina,15.0,0
cloridrato de donepezila,INTERAÇÕES MEDICAMENTOSAS,"O cloridrato de donepezila e seus metabólitos não inibem o meta bolismo da teofilina, varfarina, cimetidina, digoxina, tioridazina, risperidona e sertralina em humanos.",-1,-1.0,varfarina; sertralina; digoxina; risperidona; cimetidina,15.0,0
cloridrato de moxifloxacino,INTERAÇÕES MEDICAMENTOSAS,"INTERAÇÕES MEDICAMENTOSAS Para as seguintes substâncias foi comprovada a ausência de interação clinicamente relevante com cloridrato de moxifloxacino : atenolol, ranitidina, suplementos de cálcio, teofilina, ciclosporina, contraceptivos orais, glibenclami da, itraconazol, digoxina, morfina, probenecida.",-1,-1.0,probenecida; ciclosporina; digoxina; itraconazol; morfina,15.0,0
besilato de anlodipino,CONTRAINDICAÇÕES,Estudos Especiais: Efe ito do anlodipino Sobre Outros Agentes atorvastatina: a coadministração de doses múltiplas de 10mg de anlodipino e 80 mg de atorvastatina não resultou em mudança significante nos parâmetr os farmacocinético s no estado de equilíbrio (steady state) da atorvastatina. digoxina: a coadministração de anlodipino e digoxina não alterou os nívei s séricos ou o clearance renal de digoxina nos voluntários sadios. etanol (álcool): dose única e doses múltiplas de 10mg de anlodipino não tiveram efeito significante na farmacocinética do etanol. varfarina: a coadministração de anlodipino com varfarina não alterou o tem po de resposta de protombina da varfarina. ciclosporina: nenhum estudo de interação medicamentosa foi conduzido com a ci closporina e o anlodipino em voluntários saudáveis ou outras populações com ex ceção dos pacientes com transplante renal.,-1,-1.0,varfarina; ciclosporina; atorvastatina; digoxina; anlodipino,15.0,0
acebrofilina,INTERAÇÕES MEDICAMENTOSAS,"O uso concomitante de acebrofilina com antibióticos macrolídeos (eritromicina), algumas quinolonas como norfloxacino e ciprofloxacino, anti -histamínicos H2 (cimetidina, ranitidina, famotidina), alopurinol, diltiazem e ipriflavona, p ode retardar a eliminação da teofilina, aumentando o risco de intoxicação pela mesma.",-1,-1.0,alopurinol; eritromicina; diltiazem; cimetidina; ranitidina,15.0,1
losartana potássica,INTERAÇÕES MEDICAMENTOSAS,"INTERAÇÕES MEDICAMENTOSAS Nos estudos clínicos de farmacocinética realizados com hidroclorotiazida, digoxina, varfarina, cimetidina, fenobarbital, cetoconazol e eritromicina, não foram identificadas interações medicament osas de importância clínica.",-1,-1.0,varfarina; eritromicina; digoxina; cetoconazol; fenobarbital,15.0,0
ibuprofeno,INTERAÇÕES MEDICAMENTOSAS,"O uso concomitante de qualquer AINE com os seguintes fármacos deve ser evitado, especialmente nos casos de administração crônica: ácido acetilsalicílico, paracetamol, colchicina, iodetos, medicamen tos fotossensibilizantes, outros anti -inflamatórios não esteroides, corticosteroides, corticotrofina, uroquinase, hipoglicemiantes orais ou insulina, anti -hipertensivos e diuréticos, ácido valpr oico, plicamicina, sais de ouro, ciclosporina, lítio, probenec ida, inibidores da ECA, agentes anticoagulantes ou trombolíticos, inibidores de agregação plaquetária, cardiotônicos digitálicos, digoxina e metotrexato.",-1,-1.0,ciclosporina; paracetamol; digoxina; metotrexato; insulina,15.0,2
lansoprazol claritromicina amoxicilina,INTERAÇÕES MEDICAMENTOSAS,"Advertências e Precauções” ), antipsicóticos atípicos (ex. quetiapina, lurasidona), hidroxicloroquina, cloroquina, alcaloides do ergot, alprazolam, astemizol, carbamazepina, cilostazol, cisaprida, metilprednisolona, omeprazol, pimozida, quinidina, sildenafila, sinvastatina, terfenadina, triazolam, sirolimo, tacrolimo, lovastatina, disopiramida, midazolam, ciclosporina, vimblastina, rifabutina, ticagrelor, ivabradina e ranolazina.",-1,-1.0,ciclosporina; omeprazol; sinvastatina; carbamazepina; quetiapina,15.0,
lamotrigina,INTERAÇÕES MEDICAMENTOSAS,"Tabela 1: Efeito de drogas na concentração da lamotrigina (ver ‘‘Posologia e modo de usar ’’): Drogas que aumentam a Drogas que reduzem a concentração da lamotrigina Drogas que têm pouco ou nenhum efeito na concentração da lamotrigina concentração da lamotrigina valproato carbamazepina fenitoína primidona fenobarbitona rifampicina lopinavir/ritonavir atazanavir/ritonavir* Associação de etinilestradiol/levonorgestrel* lítio bupropiona olanzapina oxcarbazepina felbamato gabap entina levetiracetam pregabalina topiramato zonisamida aripripazol lacosamida perampanel paracetamol *Para orientações de dosagem, ver ‘‘Posologia e modo de Usar ’’– Recomendações gerais para populações de pacientes especiais , adicionalmente para mulheres tomando contraceptivos orais ver também Advertências e Precauções – Contraceptivos hormonais.",-1,-1.0,paracetamol; carbamazepina; rifampicina; olanzapina; contraceptivos,15.0,1
midazolam,INTERAÇÕES MEDICAMENTOSAS,"Exemplos de inibidores de CYP3A com base no mecanismo incluem: antibacteriano s (por exemplo, claritromicina, eritromicina, isoniazida), agentes antirretrovirais (tais como inibidores de protease do HIV, como ritonavir, incluindo inibidores da protease re forçados pelo ritonavir, delavirdina), bloqueadores dos canais de cálcio (como verapamil, diltiazem), inibidores de tirosina quinase (como imatinibe, lapatinibe, idelalisibe) ou o modu lador de receptor de estrógeno ralozifeno, e diversos constituintes de espécies vegetais (por exemplo, a bergamotina).",-1,-1.0,eritromicina; claritromicina; isoniazida; diltiazem; verapamil,15.0,
cloridrato de verapamil,ADVERTÊNCIAS E PRECAUÇÕES,"Anti bacterianos claritromicina Possível aumento nos níveis de verapamil --- cloridrato d e verapamil 120 mg_BU 03_VPS _768 5 eritromicina Possível aumento dos níveis de verapamil --- rifampicina Diminui ASC (~97%), Cmax (~94%) e biodisponibilidade oral (~92%) do verapamil o efeito hipotensor do verapamil pode ser reduzido. telitromicina Possível aumento dos níveis de verapamil --- Antineoplásicos doxorrubicina Aumenta ASC (104%) e Cmax (61%) da doxorrubicina com a administração oral de verapamil Em pacientes com carcinoma pulmonar de células pequenas Barbitúricos fenobarbital Aumenta a depuração do verapamil oral (~5 vezes) --- Benzodiazepínicos e outros ansiolíticos buspirona Aumenta ASC e Cmax da buspirona em 3-4 vezes --- midazolam Aumenta ASC (~3 vezes) e Cmax (~2 vezes) do midazolam --- Betabloqueadores metoprolol Aumenta ASC (~32.5%) e Cmax (~41%) do metoprolol em pacientes com angina Ver item Advertências e Precauções propranolol Aumenta ASC (65%) e Cmax.",-1,-1.0,eritromicina; claritromicina; rifampicina; fenobarbital; verapamil,15.0,1
valsartana,INTERAÇÕES MEDICAMENTOSAS,"Entre os fármacos com os quais se realizaram estudos clínicos incluem -se: cimetidina, varfarina, furosemida, digoxina, atenolol, indometacina, hidroclorotiazida, anlodipino e glibenclamida.",-1,-1.0,varfarina; digoxina; glibenclamida; hidroclorotiazida; furosemida,15.0,
cloridrato de donepezila,INTERAÇÕES MEDICAMENTOSAS,"O cloridrato de donepezila e seus metabólitos não inibem o metabolismo da teofilina, varfarina, cimetidina, digoxina, tiorida zina, risperidona e sertralina em humanos.",-1,-1.0,varfarina; sertralina; digoxina; risperidona; cimetidina,15.0,0
candesartana cilexetila,INTERAÇÕES MEDICAMENTOSAS,"As seguintes substâncias foram investigadas em estudos de farmacocinética clínica: hidroclorotiazida, varfarina, digoxina, contraceptivos orais (etinilestradiol/levonorgestrel), glibenclamida, nifedipino e enalapril.",-1,-1.0,varfarina; digoxina; glibenclamida; hidroclorotiazida; nifedipino,15.0,
candesartana cilexetila,INTERAÇÕES MEDICAMENTOSAS,"As seguintes substâncias foram investigadas em estudos de farmacocinética clínica: hidroclorotiazida, varfarina, digoxina, contraceptivos orais (etinilestradiol/levonorgestrel), glibenclamida, nifedipino e enalapril.",-1,-1.0,varfarina; digoxina; glibenclamida; hidroclorotiazida; nifedipino,15.0,
losartana potássica hidroclorotiazida,INTERAÇÕES MEDICAMENTOSAS,"INTERAÇÕES MEDICAMENTOSAS Losartana Não foram identificadas interações medicamentosas de significado clínico com os seguintes compostos avaliados nos estudos de farmacocinética clínica: hidroclorotiazida, digoxina, varfarina, cimetidina, fenobarbital (veja Hidroclorotiazida, Álcool, Barbituratos ou Narcóticos , a seguir), cetoconazol e eritromicina.",-1,-1.0,varfarina; eritromicina; losartana; digoxina; cetoconazol,15.0,0
desogestrel,ADVERTÊNCIAS E PRECAUÇÕES,"A administração concomitante de inibidores fortes (por exemplo, cetoconazol, itraconazol, claritromicina) ou moderados (por exemplo, fluconazol, diltiazem, eritromicina) da CYP3A4 podem aumentar as concentrações séricas dos progestagênios, incluindo o etonogestrel, o metabólito ativo do desogestrel. desogestrel_BU 02_VPS_ 768 4 Durante o tratamento com carvão medicinal, a absorção do esteroide do comprimido pode ser reduzida e assim, também, a eficácia anticonceptiva.",-1,-1.0,eritromicina; claritromicina; cetoconazol; fluconazol; itraconazol,15.0,1
dienogeste,INTERAÇÕES MEDICAMENTOSAS,"Inibi dores potentes e moderados do CYP3A4, tais como antifúngicos azólicos (por exemplo, itraconazol, voriconazol, fluconazol), verapamil, macrolídeos (por exemplo, claritromicina, eritromicina), diltiazem e suco de toranja (“grapefruit”) podem aumentar as conc entrações plasmáticas desta progestina.",-1,-1.0,eritromicina; claritromicina; fluconazol; itraconazol; diltiazem,15.0,1
acetato de ciproterona etinilestradiol,INTERAÇÕES MEDICAMENTOSAS,"Estas alterações podem ser clinicamente relevantes em alguns casos. • Substâncias que reduzem a depuração do acetato de ciproterona + etinilestradiol (inibidores enzimáticos) Inibidores fortes e moderados do CYP3A4, tais como antifúngicos azólicos (por exemplo, itraconazol, voriconazol, fluconazol), verapamil, antibióticos macrolídeos (por exemplo, claritromicina, eritromicina), diltiazem e suco de toronja (“grapefruit”) podem aumentar as concentrações plasmáticas de estrogênio ou de progestógeno, ou de ambos.",-1,-1.0,eritromicina; claritromicina; fluconazol; itraconazol; diltiazem,15.0,1
ciclosporina,INTERAÇÕES MEDICAMENTOSAS,"Interações que aumentam os níveis de ciclosporina Antibióticos macrolídeos (por exemplo, eritromicina – vide “Advertências e Precauções – precauções adicionais em dermatite atópica” - azitromicina e claritromicina), cetoconazol, fluconazol, itraconazol, voriconazol; diltiazem, nicardipin a, verapamil; metoclopramida; anticoncepcionais orais; danazol; metilprednisolona (doses elevadas), alopurinol, amiodarona, ácido cólico e derivados; inibidores de protease, imatinibe; colchicina; nefazodona.",-1,-1.0,alopurinol; eritromicina; claritromicina; cetoconazol; fluconazol,15.0,1
acebrofilina,INTERAÇÕES  MEDICAMENTOSAS,"O uso concomitante de acebrofilina com antibióticos macrolídeos (eritromicina), algumas quinolonas como norfloxacino e c iprofloxacino, anti- histamínicos H2 (cimetidina, ranitidina, famotidina), alopurinol, diltiazem e ipriflavona , pode retardar a eliminação da teofilina, aumentando o risco de intoxicação pela mesma.",-1,-1.0,alopurinol; eritromicina; diltiazem; cimetidina; ranitidina,15.0,1
cloridrato de verapamil,ADVERTÊNCIAS E PRECAUÇÕES,"Vide bula de colchicina Antibacterianos claritromicina Possível aumento nos níveis de verapamil --- eritromicina Possível aumento dos níveis de verapamil --- rifampicina Diminui ASC (~97%), Cmax (~94%) e biodisponibilidade oral (~92%) do verapamil O efeito hipotensor do verapamil pode ser reduzido telitromicina Possível aumento dos níveis de verapamil --- Antineoplásicos doxorrubicina Aumenta ASC (104%) e Cmax (61%) da doxorrubicina com a administração oral de verapamil Em pacientes com carcinoma pulmonar de células pequenas Barbitúricos fenobarbital Aumenta a depuração do verapamil oral (~5 vezes) --- Benzodiazepínicos e outros ansiolíticos buspirona Aumenta ASC e Cmax da buspirona em 3 -4 vezes --- midazolam Aumenta ASC (~3 vezes) e Cmax (~2 vezes) do midazolam --- Betabloqueadores metoprolol Aumenta ASC (~32.5%) e Cmax (~41%) do metoprolol em pacientes com angina Vide “ADVERTÊNCIAS E PRECAUÇÕES ” propranolol Aumenta ASC (65%) e Cmax.",-1,-1.0,eritromicina; claritromicina; rifampicina; fenobarbital; verapamil,15.0,1
ibuprofeno,INTERAÇÕES MEDICAMENTOSAS,"O uso concomitante de qualquer AINE com os seguintes fármacos deve ser evitado, especialmente nos casos de administração crônica: ácido acetilsalicílico, paracetamol, colchicina, iodetos, medicamentos fotossensibilizantes, outros anti-inflamatórios não esteroides, corticosteroides, corticotrofina, uroquinase, hipoglicemiantes orais ou insulina, anti-hipertensivos e diuréticos, ácido valproico, plicamicina, sais de ouro, ciclosporina, lítio, probenecida, inibidores da ECA, agentes anticoagulantes ou trombolíticos, inibidores de agregação plaquetária, cardiotônicos digitálicos, digoxina e metotrexato.",-1,-1.0,probenecida; ciclosporina; paracetamol; digoxina; metotrexato,15.0,2
cloridrato de hidroxizina,INTERAÇÕES  MEDICAMENTOSAS,"Exemplos de medicamentos associad os ao prolongamento do intervalo QT e/ou Torsades de Pointes estão listados abaixo (mas não se limitam a apenas es tes): - Antiarrítmicos classe IA (quinidina, procainamida, disopiramida); - Antiarrítmicos classe III (amiodarona, sotalol, bretílio); - Antiarrítmicos classe IC (flecainida, propafenona); - Antipsicóticos (clorpromazina, haloperidol, pimozida, droperidol, ziprasidona, risperidona, olanzapina); - Antidepressivos (fluoxetina, citalopram, venlafaxina, antidepressivos tricíclicos e tetracíclicos, por exemplo, amitriptilina , imipramina, maprotilina); - Opioides (metadona); - Antibióticos macrolídeos e análogos (eritromicina, claritromicina, azitromicina, tacrolim o); - Quinolonas (moxifloxacino, ciprofloxacino, levofloxacino); - pentamidina; - Antimaláricos (quinina, cloroquina); - Antifúngicos azólicos (cetoconazol, fluconazol, voriconazol); - domperidona; - Antagonistas dos receptores 5-HT 3 (ondansetrona); - trióxido de arsênio; - Inibidores da tirosin a quinase (vandetanibe, sunitinibe, nilotinibe); - vorinostate (inibidor da histona deacetilase); - Agonista do receptor adrenérgico beta-2 (salmeterol, formoterol).",-1,-1.0,eritromicina; claritromicina; fluoxetina; cetoconazol; fluconazol,15.0,2
ibuprofeno,INTERAÇÕES MEDICAMENTOSAS,"O uso concomitante de qualquer AINE com os seguintes fármacos deve ser evitado, especialmente nos casos de administração crônica: ácido acetilsalicílico, paracetamol, colchicina, iodetos, medicamentos fotossensibilizantes, outros anti-inflamatórios não esteroides, corticosteroides, corticotrofina, uroquinase, hipoglicemiantes orais ou insulina, anti-hipertensivos e diuréticos, ácido valproico, plicamicina, sais de ouro, ciclosporina, lítio, probenecida, inibidores da ECA, agentes anticoagulantes ou trombolíticos, inibidores de agregação plaquetária, cardiotônicos digitálicos, digoxina e metotrexato.",-1,-1.0,probenecida; ciclosporina; paracetamol; digoxina; metotrexato,15.0,2
cloridrato de moxifloxacino,INTERAÇÕES MEDICAMENTOSAS,"INTERAÇÕES MEDICAMENTOSAS Para as seguintes substâncias foi comprovada a ausência de interação clinicamente relevante com cloridrato de moxifloxacino : atenolol, ranitidina, suplementos de cálcio, teofilina, ciclosporina, contraceptivos orais, glibenclamida, itraconazol, digoxina, morfina, probenecida.",-1,-1.0,probenecida; ciclosporina; digoxina; itraconazol; glibenclamida,15.0,0
candesartana cilexetila,INTERAÇÕES  MEDICAMENTOSAS,"As seguintes substâncias foram investigadas em estudos de farmacocinética clínica: hidroclorotiazida, varfarina, digoxina, contraceptivos orais (etinilestradiol/levonorgestrel), glibenclamida, nifedipino e enalapril.",-1,-1.0,varfarina; digoxina; glibenclamida; hidroclorotiazida; nifedipino,15.0,
candesartana cilexetila,INTERAÇÕES  MEDICAMENTOSAS,"As seguintes substâncias foram investigadas em estudos de farmacocinética clínica: hidroclorotiazida, varfarina, digoxina, contraceptivos orais (etinilestradiol/levonorgestrel), glibenclamida, nifedipino e enalapril.",-1,-1.0,varfarina; digoxina; glibenclamida; hidroclorotiazida; nifedipino,15.0,
candesartana cilexetila hidroclorotiazida,INTERAÇÕES MEDICAMENTOSAS,"As substâncias que foram investigadas com candesartana cilexetila em estudos de farmacocinética clínica incluem: hidroclorotiazida, varfarina, digoxina, contraceptivos orais (etinilestradiol/levonorgestrel), glibenclamida e nifedipino.",-1,-1.0,varfarina; digoxina; glibenclamida; hidroclorotiazida; nifedipino,15.0,
drosperinona etinilestradiol,ADVERTÊNCIAS  E PRECAUÇÕES,"Substâncias que diminuem a depuração dos COCs (inibidores enzimáticos): Inibidores potentes e moderados do CYP3A4 tais como antifúngicos azólicos (como por exemplo, itraconazol, voriconazol, fluconazol), verapamil, antibióticos macrolídeos (como por exemplo, claritromicina, eritromicina), diltiazem e suco de toranja (grapefruit) podem aumentar as concentrações plasmáticas de estrogênio ou progestógeno ou de ambos.",-1,-1.0,eritromicina; claritromicina; fluconazol; itraconazol; diltiazem,15.0,1
drosperinona etinilestradiol,ADVERTÊNCIAS  E PRECAUÇÕES,"Substâncias que diminuem a depuração dos COCs (inibidores enzimáticos) : Inibidores potentes e moderados do CYP 3A4 tais como antifúngicos azólicos (como por exemplo, itraconazol, voriconazol, fluconazol), verapamil, antibióticos macrolídeos (como por exemplo, claritromicina, eritromicina), diltiazem e suco de toranja (grapefruit) podem aumentar as concentrações plasmáticas do estrogênio ou progestógeno ou de ambos.",-1,-1.0,eritromicina; claritromicina; fluconazol; itraconazol; diltiazem,15.0,1
drosperinona etinilestradiol,CONTRAINDICAÇÕES,"Essas alterações podem ser clinicamente relevantes em alguns casos. - Substâncias que diminuem a depuração dos COCs (inibidores enzimáticos): inibidores potentes e moderados do CYP 3A4 como antifúngicos azólicos (como, por exemplo: itraconazol, voriconazol, fluconazol), verapamil, macrolídeos (como, por exemplo: claritromicina, eritromicina), diltiazem e suco de tor anja (grapefruit) podem aumentar as concentrações plasmáticas do estrogênio ou progestógeno ou de ambos.",-1,-1.0,eritromicina; claritromicina; fluconazol; itraconazol; diltiazem,15.0,1
drospirenona etinilestradiol,INTERAÇÕES MEDICAMENTOSAS,"Substâncias que diminuem a depuração dos COCs (inibidores enzimáticos): Inibidores potentes e moderados do CYP 3A4 tais como antifúngicos azólicos (como por exemplo, itraconazol, voriconazol, fluconazol), verapamil, macrolídeos (como por exemplo, claritromicina, eritromicina), diltiazem e suco de toranja (grapefruit) podem aumentar as concentrações plasmáticas do estrogênio ou progestógeno ou de ambos.",-1,-1.0,eritromicina; claritromicina; fluconazol; itraconazol; diltiazem,15.0,1
drospirenona etinilestradiol,INTERAÇÕES  MEDICAMENTOSAS,"Essas alterações podem ser clinicamente relevantes em alguns casos. - Substâncias que diminuem a depuração dos COCs (inibidores enzimáticos) Inibidores potentes e moderados do CYP 3A4 tais como antifúngicos azólicos (como por exemplo, itraconazol, voriconazol, fluconazol), verapamil, macrolídeos (como por exemplo, claritromicina, eritromicina), diltiazem e suco de toranja (grapefruit) podem aumentar as concentrações plasmáticas do estrogênio ou progestógeno ou de ambos.",-1,-1.0,eritromicina; claritromicina; fluconazol; itraconazol; diltiazem,15.0,1
ezetimiba sinvastatina,CONTRAINDICAÇÕES,"CONTRAINDICAÇÕES • Hipersensibilidade aos princípios ativos ou a qualquer dos excipientes. • Hepatopatia ativa ou elevações persistentes e inexplicadas das transaminases séricas. • Quando houver necessidade de administrar ezetimiba + sinvastatina com fenofibrato, consulte a Circular aos Médicos (bula) de fenofibrato. • Administração concomitante de inibidores potentes do CYP3A4 (p. ex., itraconazol, cetoconazol, posaconazol, voriconazol, inibidores da protease do HIV, boceprevir, telaprevir, eritromicina, claritromicina, telitromicina, nefazodona e medicamentos contendo cobicistate) (vide 5.",-1,-1.0,eritromicina; claritromicina; sinvastatina; cetoconazol; itraconazol,15.0,2
losartana potássica,INTERAÇÕES MEDICAMENTOSAS,"INTERAÇÕES MEDICAMENTOSAS Nos estudos clínicos de farmacocinética realizados com hidroclorotiazida, digoxina, varfarina, cimetidina, fenobarbital, cetoconazol e eritromicina, não foram identificadas interações medicamentosas de importância clínica.",-1,-1.0,varfarina; eritromicina; digoxina; cetoconazol; fenobarbital,15.0,0
valsartana,INTERAÇÕES MEDICAMENTOSAS,"Entre os fármacos com os quais se realizaram estudos clínicos incluem -se: cimetidina, varfarina, furosemida, digoxina, atenolol, indometacina, hidroclorotiazida, anlodipino e glibenclamida.",-1,-1.0,varfarina; digoxina; glibenclamida; hidroclorotiazida; furosemida,15.0,
valsartana besilato de anlodipino,INTERAÇÕES MEDICAMENTOSAS,"Em monoterapia, o anlodipino é seguramente administrado com diuréticos tiazídicos, betabloqueadores, inibidores da enzima conversora de angiotensina, nitratos de longa ação, nitroglicerinas sublinguais, digoxina, varfarina, atorvastatina, sildenafila, M aalox ® (hidróxido de alumínio gel, hidróxido de magnésio e simeticona), cimetidina, medicamentos anti -inflamatórios não- esteroidais, antibióticos e medicamentos hipoglicemiantes orais. valsartana Duplo bloqueio do Sistema Renina -Angiotensina (SRA) com BRAs, IECAs ou alisquireno: o uso concomitante de BRAs, incluindo valsartana, com outros medicamentos que agem no SRA é associado com o aumento da incidência de hipotensão, hipercalemia e alterações na função renal em comparação com à monoterapia.",-1,-1.0,varfarina; atorvastatina; digoxina; anlodipino; cimetidina,15.0,1
losartana potássica hidroclorotiazida,INTERAÇÕES  MEDICAMENTOSAS,"INTERAÇÕES MEDICAMENTOSAS losartana Não foram identificadas interações medicamentosas de significado clínico com os seguintes compostos avaliados nos estudos de farmacocinética clínica: hidroclorotiazida, digoxina, varfarina, cimetidina, fenobarbital (vide “hidroclorotiazida, Álcool, Barbituratos ou Narcóticos” , a seguir), cetoconazol e eritromicina.",-1,-1.0,varfarina; eritromicina; losartana; digoxina; cetoconazol,15.0,0
linagliptina,INTERAÇÕES MEDICAMENTOSAS,"A linagliptina não teve efeito clinicamente relevante sobre a farmacocinética da metformina, glibenclamida, sinvastatina, pioglitazona, varfarina, digoxina ou contraceptivos orais; fornecendo evidência in vivo de uma baixa propensão para causar interações medicamentosas com substratos das CYP3A4, CYP2C9, CYP2C8, glicoproteína -P e com transportadores catiônicos orgânicos (TCO). metformina: a coadministração de múltiplas doses supraterapêuticas de 10 mg de linagliptina uma vez ao dia, com doses de 850 mg três vezes ao dia de metformina, não alterou de forma clinicamente significativa a farmacocinética da linagliptina ou da metformina em voluntários sadios.",-1,-1.0,varfarina; metformina; sinvastatina; digoxina; glibenclamida,15.0,0
gliclazida,INTERAÇÕES  MEDICAMENTOSAS,"Os efeitos hipoglicêmicos da gliclazida e sinais da baixa do nível de açúcar no sangue podem ocorrer quando você tomar um dos seguintes medicamentos: - outros medicamentos utilizados no tratamento da hiperglicemia (agentes antidiabéticos orais, agonistas dos receptores GLP -1ou insulina), - antibióticos (sulfonamidas, claritromicina), - medicamentos para tratar hipertensão ou insuficiência cardíaca (betabloqueadores, inibidores da enzima de conversão da angiotensina, tais como o captopril e o enalapril), - medicamentos para tratar infecções fúngicas (miconazol, fluconazol), - medicamentos para tratar úlceras estomacais ou duodenais (antagonistas dos receptores H2), - medicamentos para tratar a depressão (inibidores da monoamino oxidase), - analgésicos ou antirreumáticos (fenilbutazona, ibuprofeno), - medicamentos contendo álcool.",-1,-1.0,claritromicina; ibuprofeno; captopril; fluconazol; insulina,15.0,1
gliclazida,INTERAÇÕES  MEDICAMENTOSAS,"Os efeitos hipoglicêmicos da gliclazida e sinais da baixa nos níveis de açúcar no sangue podem ocorrer quando você tomar um dos seguintes medicamentos: - outros medicamentos utilizados no tratamento da hiperglicemia (agentes antidiabéticos orais, agonistas dos receptores GLP -1ou insulina), - antibióticos (sulfonamidas, claritromicina), - medicamentos para tratar hipertensão ou insuficiência cardíaca (betabloqueadores, inibidores da enzima de conversão da angiotensina como o captopril ou enalapril), - medicamentos para tratar infecções fúngicas (miconazol, fluconazol), - medicamentos para tratar úlceras estomacais ou duodenais (antagonistas dos receptores H2), - medicamentos para tratar a depressão (inibidores da monoamino oxidase), - analgésicos ou antirreumáticos (fenilbutazona, ibuprofeno), - medicamentos contendo álcool.",-1,-1.0,claritromicina; ibuprofeno; captopril; fluconazol; insulina,15.0,1
claritromicina,INTERAÇÕES  MEDICAMENTOSAS,"São exemplos, mas não se resume a: alprazolam, astemizol, carbamazepina, cilostazol, cisaprida, ciclosporina, disopiramida, alcaloides do ergot, lovastatina, metilprednisolona, midazolam, omeprazol, anticoagulantes orais (ex: varfarina, rivaroxabana, apixabana , edoxabana ), antipsicóticos atípicos (ex: quetiapina), pimozida, quinidina, rifabutina, sildenafila, sinvastatina, tacrolimo, terfenadina, triazolam e vimblastina.",-1,-1.0,varfarina; ciclosporina; omeprazol; sinvastatina; carbamazepina,15.0,
besilato de anlodipino,INTERAÇÕES MEDICAMENTOSAS,Estudos Especiais: Efeito do anlodipino sobre Outros A gentes atorvastatina: a coadministração de doses múltiplas de 10 mg de anlodipino e 80 mg de atorvastatina não resultou em mudança significante nos parâmetros farmacocinéticos no estado de equilíbrio ( steady -state) da atorvastatina. digoxina: a coadministração de anlodipino e digoxina não alterou os níveis séricos ou o clearance renal de digoxina nos voluntários sadios. etanol (álcool): dose única e doses múltiplas de 10 mg de anlodipino não tiveram efeito significante na farmacocinética do etanol. varfarina: a coadministração de anlodipino com varfarina não alterou o tempo de resposta de protrombina da varfarina. ciclosporina: nenhum estudo de interação medicamentosa foi conduzido com a ciclosporina e o anlodipino em voluntários saudáveis ou outras populações com exceção dos pacientes com transplante renal.,-1,-1.0,varfarina; ciclosporina; atorvastatina; digoxina; anlodipino,15.0,0
valerato de estradiol,INTERAÇÕES MEDICAMENTOSAS,"Em alguns casos estas alterações podem ser clinicamente relevantes. - Substâncias que diminuem a depuração de hormônios sexuais (inibidores enzimáticos): Inibidores potentes e moderados do CYP3A4, tais como antifúngicos azólicos (por exemplo, fluconazol, itra-conazol, cetoconazol, voriconazol), macrolídeos (por exemplo, claritromicina, eritromicina), verapamil, diltia- zem e suco de toranja ( grapefruit ) podem aumentar as concentrações plasmáticas do estrogênio.",-1,-1.0,eritromicina; claritromicina; cetoconazol; fluconazol; verapamil,15.0,1
desogestrel,INTERAÇÕES MEDICAMENTOSAS,"A administração concomitante de inibidores fortes (por exemplo, cetoconazol, itraconazol, claritromicina) ou moderados (por exemplo, fluconazol, diltiazem, eritromicina) da CYP3A4 podem aumentar as concentrações séricas dos progestagênios, incluindo o etonogestrel, o metabólito ativo do desogestrel.",-1,-1.0,eritromicina; claritromicina; cetoconazol; fluconazol; itraconazol,15.0,1
dienogeste,INTERAÇÕES MEDICAMENTOSAS,"Inibidores potentes e moderados do CYP3A4, tais com o antifúngicos azólicos (por exemplo, itraconazol, voriconazol, fluconazol), verapamil, macrolídeos (por exemplo, c laritromicina, eritromicina), diltiazem e suco de t oranja (“grapefruit”) podem aumentar as concentrações plasmáticas desta p rogestina.",-1,-1.0,eritromicina; fluconazol; itraconazol; diltiazem; verapamil,15.0,1
dapagliflozina propanodiol,INTERAÇÕES MEDICAMENTOSAS,"Em estudos de interação conduzidos em indivíduos sadios, utilizando principalmente o desenho de dose única, a dapagliflozina não alterou significativamente a farmacocinética da metformina, pioglitazona, sitagliptina, glimepirida, hidroclorotiazida, bumetanida, valsartana, sinvastatina, digoxina (um substrato da gp-P) ou varfarina (a varfarina é um substrato do CYP2C).",-1,-1.0,varfarina; metformina; sinvastatina; digoxina; hidroclorotiazida,15.0,0
dicloridrato de hidroxizina,INTERAÇÕES  MEDICAMENTOSAS,"Exemplos de medicamentos associad os ao prolongamento do intervalo QT e/ou Torsades de Pointes estão listados abaixo (mas não se limitam a apenas es tes): - Antiarrítmicos classe IA (quinidina, procainamida, disopiramida) ; - Antiarrítmicos classe III (amiodarona, sotalol, bretílio); - Antiarrítmicos classe IC (flecainida, propafenona); - Antipsicóticos (clorpromazina, haloperidol, pimozida, droperidol, ziprasidona, risperidona, olanzapina); - Antidepressivos (fluoxetina, c italopram, venlafaxina , antidepressivos tricíclicos e tetracíclicos por exemplo amitriptilina, imipramina, maprotilina) ; - Opioides (metadona); - Antibióticos macrolídeos e análogos (eritromicina, claritromicina, azitromicina, tacrolim o); - Quinolonas (moxifloxacino, ciprofloxacino, levofloxacino); - pentamidina; - Antimaláricos (quinin a, cloroquina); - Antifúngicos azólicos (c etoconazol, fluconazol, voriconazol); - domperidona; - Antagonistas dos receptores 5-HT 3 (ondansetron a); - trióxido de arsênio; - Inibidores da tirosin a quinase ( vandetanib e, sunitinib e, nilotinib e); - vorinostat e (inibidor da histona deacetilase); - Agonista do receptor adrenérgico beta -2 (salmeterol, formoterol).",-1,-1.0,eritromicina; claritromicina; fluoxetina; fluconazol; amiodarona,15.0,2
telmisartana,INTERAÇÕES MEDICAMENTOSAS,"A coadministração de telmisartana não resultou em interações clinicamente significativas com digoxina, varfarina, hidroclorotiazida, glibenclamida, ibuprofeno, paracetamol, sinvastatina e anlodipino.",-1,-1.0,varfarina; ibuprofeno; paracetamol; sinvastatina; digoxina,15.0,0
dapagliflozina,ADVERTÊNCIAS E PRECAUÇÕES,"Em estudos de interação conduzidos em indivíduos sadios, utilizando principalmente o desenho de dose única, a dapagliflozina não alterou significativamente a farmacocinética da metformina, pioglitazona, sitagliptina, glimepirida, hidroclorotiazida, bumetan ida, valsartana, sinvastatina, digoxina (um substrato da gp-P) ou varfarina (a varfarina é um substrato do CYP2C).",-1,-1.0,varfarina; metformina; sinvastatina; digoxina; hidroclorotiazida,15.0,0
cloridrato de donepezila,INTERAÇÕES MEDICAMENTOSAS,"O cloridrato de donepezila e seus metabólitos não inibem o metabolismo da teofilina, varfarina, cimetidina, digoxina, tioridazina, risperidona e sertralina em humanos.",-1,-1.0,varfarina; sertralina; digoxina; risperidona; cimetidina,15.0,0
lamotrigina,INTERAÇÕES MEDICAMENTOSAS,"Tabela 1: Efeito de drogas na concentração da lamotrigina (ver Posologia e Modo de Usar): Drogas que aumentam a concentração da lamotrigina Drogas que reduzem a concentração da lamotrigina Drogas que têm pouco ou nenhum efeito na concentração da lamotrigina Valproato carbamazepina fenitoína primidona fenobarbitona rifampicina lopinavir/ritonavir atazanavir/ritonavir* Associação de etinilestradiol/levonorgestrel* lítio bupropiona olanzapina oxcarbazepina felbamato gapabentina levetiracetam pregabalina topiramato zonisamida aripripazol lacosamida perampanel paracetamol *Para orientações de dosagem, ver Posologia e Modo de Usar – Recomendações gerais para populações de pacientes especiais, adicionalmente para mulheres tomando contraceptivos orais ver também Advertências e Precauções – Contraceptivos hormonais.",-1,-1.0,paracetamol; carbamazepina; rifampicina; olanzapina; contraceptivos,15.0,1
dapagliflozina,INTERAÇÕES MEDICAMENTOSAS,"Em estudos de interação conduzidos em indivíduos sadios, utilizando principalmente o desenho de dose única, a dapagliflozina não alterou significativamente a farmacocinética da metformina, pioglitazona, sitagliptina, glimepirida, hidroclorotiazida, bumetanida, valsartana, sinvastatina, digoxina (um substrato da gp-P) ou varfarina (a varfarina é um substrato do CYP2C).",-1,-1.0,varfarina; metformina; sinvastatina; digoxina; hidroclorotiazida,15.0,0
empagliflozina,ADVERTÊNC IAS E PRECAUÇÕES,"A empagliflozina não teve efeito clinicamente relevante sobre a farmacocinética da glimepirida, pioglitazona, sitagliptina, varfarina, digoxina, ramipril, sinvastatina, hidroclorotiazida, torasemida e contraceptivos orais, quando coadministradas em voluntários sadios.",-1,-1.0,varfarina; sinvastatina; digoxina; hidroclorotiazida; contraceptivos,15.0,0
claritromicina,INTERAÇÕES MEDICAMENTOSAS,"São exemplos, mas não se resume a: alprazolam, astemizol, carbamazepina, cilostazol, cisaprida, ciclosporina, disopiramida, alcaloides do ergot, lovastatina, metilprednisolona, midazolam, omeprazol, anticoagulantes orais (ex: varfarina, rivaroxabana, apixabana, edoxabana), antipsicóticos atípicos (ex: quetiapina), pimozida, quinidina, rifabutina, sildenafila, sinvastatina, tracolimus, terfenadina, triazolam e vimblastina.",-1,-1.0,varfarina; ciclosporina; omeprazol; sinvastatina; carbamazepina,15.0,
losartana potássica hidroclorotiazida,INTERAÇÕES MEDICAMENTOSAS,"INTERAÇÕES MEDICAMENTOSAS losartana Não foram identificadas interações medicamentosas de significado clínico com os seguintes compostos avaliados nos estudos de farmacocinética clínica: hidroclorotiazida, digoxina, varfarina, cimetidina, fenobarbital (veja hidroclorotiazida, Álcool, Barbituratos ou Narcóticos , a seguir), cetoconazol e eritromicina.",-1,-1.0,varfarina; eritromicina; losartana; digoxina; cetoconazol,15.0,0
cloridrato de benazepril,INTERAÇÕES MEDICAMENTOSAS,"Outros As propriedades farmacocinéticas do benazepril não são afetadas pelos seguintes fármacos: hidroclorotiazida, furosemida, clortalidona, digoxina, propranolol, atenolol, nifedipino, anlodipino, naproxeno, ácido acetilsalicílico ou cimetidina.",-1,-1.0,digoxina; hidroclorotiazida; furosemida; nifedipino; anlodipino,15.0,0
ezetimiba sinvastatina,CONTRAINDICAÇÕES,"CONTRAINDICAÇÕES • Hipersensibilidade aos princípios ativos ou a qualquer dos excipientes. • Hepatopatia ativa ou elevações persistentes e inexplicadas das transaminases séricas. • Quando houver necessidade de administrar ezetimiba + sinvastatina com fenofibrato, consulte a Circular aos Médicos (bula) de fenofibrato. • Administração concomitante de inibidores potentes do CYP3A4 (p. ex., itraconazol, cetoconazol, posaconazol, voriconazol, inibidores da protease do HIV, boceprevir, telaprevir, eritromicina, claritromicina, telitromicina, nefazodona e medicamentos contendo cobicistate) (veja os itens 5.",-1,-1.0,eritromicina; claritromicina; sinvastatina; cetoconazol; itraconazol,15.0,2
lamotrigina,INTERAÇÕES MEDICAMENTOSAS,"Tabela 1: Efeito de drogas na concentração da lamotrigina (ver Posologia e Modo de Usar): Drogas que aumentam a concentração da lamotrigina Drogas que reduzem a concentração da lamotrigina Drogas que têm pouco ou nenhum efeito na concentração da lamotrigina valproato carbamazepina fenitoína primidona fenobarbitona rifampicina lopinavir/ritonavir atazanavir/ritonavir* Associação de etinilestradiol/levonorgestrel* lítio bupropiona olanzapina oxcarbazepina felbamato gapabentina levetiracetam pregabalina topiramato zonisamida aripip razol lacosamida perampanel paracetamol *Para orientações de dosagem, ver item Posologia e Modo de Usar – Recomendações gerais para populações de pacientes especiais , adicionalmente para mulheres tomando contraceptivos orais ver também Advertências e Precauções – Efeitos de produtos contendo estrogênio, incluindo contraceptivos hormonais, na eficácia da lamotrigina e efeitos da lamot rigina na eficácia dos contraceptivos hormonais.",-1,-1.0,paracetamol; carbamazepina; rifampicina; olanzapina; contraceptivos,15.0,1
cloridrato de donepezila,INTERAÇÕES MEDICAMENTOSAS,"O cloridrato de donepezila e seus metabólitos não inibem o metabolismo da teofilina, varfarina, cimetidina, digoxina, tioridazina, risperidona e sertralina em humanos.",-1,-1.0,varfarina; sertralina; digoxina; risperidona; cimetidina,15.0,0
everolimo,ADVERTÊNCIAS E PRECAUÇÕES,"Interação com fortes inibidores, indutores da CYP3A4 Não é recomendada a coadministração com fortes inibidores da CYP3A4 (por exemplo, cetoconazol, itraconazol, voriconazol, claritromicina, telitromicina, ritonavir) e indutores (por exe mplo, rifampicina, rifabutina , erva de São João, carbamazepina, fenitoína ) a menos que os benefícios superem os possíveis riscos.",-1,-1.0,claritromicina; carbamazepina; cetoconazol; itraconazol; rifampicina,15.0,2
mesilato de imatinibe,ADVERTÊNCIAS E PRECAUÇÕES,"Tome cuidado ao utilizar mesilato de imatinibecom rifampicina ou outros indutores potentes de CYP3A4, cetoconazol ou outros inibidores potentes de CYP3A4, substratos de CYP3A4 com uma janela terapêutica estreita (por exemplo, ciclosporina ou pimozida) ou substratos de CYP2C9 com uma janela terapêutica estreita (por exemplo, varfarina e outros derivados cumarínicos) (vide “Interações medicamentosas ”). 18 MESILATO DE IMATINIBE_BULA PROFISSIONAL DE SAÚDE Hipotireoidismo Casos clínicos de hipotireoidismo foram relatados em pacientes submetidos à tireoidectomia e que estão recebendo reposição com levotiroxina durante tratamento com mesilato de imatinibe.",-1,-1.0,varfarina; ciclosporina; cetoconazol; rifampicina; levotiroxina,15.0,1
midazolam,INTERAÇÕES MEDICAMENTOSAS,"Exemplos de inibidores de CYP3A com base no mecanismo incluem: antibacterianos (por exemplo, claritromicina, eritromicina, isoniazida), agentes antirretrovirais (tais como inibidores de protease do HIV, como ritonavir, incluindo inibidores da protease re forçados pelo ritonavir, delavirdina), bloqueadores dos canais de cálcio (como verapamil, diltiazem), inibidores de tirosina quinase (como imatinibe, lapatinibe, idelalisibe) ou o modulador de receptor de estrógeno ralozifeno, e diversos constituintes de e spécies vegetais (por exemplo, a bergamotina).",-1,-1.0,eritromicina; claritromicina; isoniazida; diltiazem; verapamil,15.0,
omeprazol,INTERAÇÕES  MEDICAMENTOSAS,"Anticoagulantes, cumarina ou derivados da indandiona; diazepam, fenitoína e varfarina (medicamentos metabolizados por oxidação hepática) podem ter sua eliminação retardada pelo omeprazol; benzodiazepínicos, ciclosporinas ou dissulfiram; depressores da medula óssea (a administração concomitante pode au mentar os efeitos leucopênicos e/ou trombocitopênicos de ambas as medicações, se necessário o uso concomitante, devem ser considera dos os efeitos tóxicos); estudos de interação de omeprazol com outros fármacos indicaram que não há influência sobre: cafeína, fenacetina, teofilina, piroxicam, diclofenac o, naproxeno, propranolol, metoprolol, ciclosporina, lidocaína, quinidina, estradiol, eritromicina e budesonida; durante o tratamento concomitante de omeprazol e claritomicina, foi observado aumento nas concentrações plasmáticas de ambas as substâncias, mas não houve interação com o metronidazol ou a amox icilina.",-1,-1.0,varfarina; ciclosporina; eritromicina; diazepam; anticoagulantes,15.0,1
palbociclibe,INTERAÇÕES  MEDICAMENTOSAS,"Deve -se evitar o uso concomitante de potentes inibidores da CYP3A incluindo, mas não limitado a: amprenavir, atazanavir, boceprevir, claritromicina, conivaptana, delavirdina, diltiazem, eritromicina, fosamprenavir, indinavir, itraconazol, cetoconazol, lopinavir, mibefradil, m iconazol, nefazodona, nelfinavir, posaconazol, ritonavir, saquinavir, telaprevir, telitromicina, voriconazol e toranja ou suco de toranja (grapefruit).",-1,-1.0,eritromicina; claritromicina; cetoconazol; itraconazol; diltiazem,15.0,2
palbociclibe,INTERAÇÕES  MEDICAMENTOSAS,"Deve -se evitar o uso concomitante de potentes inibidores da CYP3A incluindo, mas não limitado a: amprenavir, atazanavir, boceprevir, claritromicina, conivaptana, delavirdina, diltiazem, eritromicina, fosamprenavir, indinavir, itraconazol, cetoconazol, lopinavir, mibefradil, m iconazol, nefazodona, nelfinavir, posaconazol, ritonavir, saquinavir, telaprevir, telitromicina, voriconazol e toranja ou suco de toranja (grapefruit).",-1,-1.0,eritromicina; claritromicina; cetoconazol; itraconazol; diltiazem,15.0,2
lansoprazol claritromicina amoxicilina,INTERAÇÕES MEDICAMENTOSAS,"Não deixe de avisar seu médico caso você esteja tomando: − medicamentos usados no tratamento de gota (probenecida ou alopurinol); − outros antibióticos; − pílulas anticoncepcionais (como acontece com outros antibióticos, talvez sejam necessárias precauções adicionais para evitar a gravidez); − anticoagulantes ; - micofenolato de mofetila: LANSOPRAZOL + CLARITROMICINA + AMOXICILINA pode afetar o funcionamento do micofenolato de mofetila (um medicamento usado para evitar a rejeição de órgãos transplantados).",-1,-1.0,amoxicilina; alopurinol; probenecida; claritromicina; anticoagulantes,15.0,1
dapagliflozina propanodiol,INTERAÇÕES MEDICAMENTOSAS,"Em estudos de interação conduzidos em indivíduos sadios, utilizando principalmente o desenho de dose única, a dapagliflozina não alterou significativamente a farmacocinética da metformina, pioglitazona , sitagliptina, glimepirida , hidroclorotiazida, bumetanida, valsartan a, sinvastatina , digoxina (um substrato da gp-P) ou varfarina (a varfarina é um substrato do CYP2C).",-1,-1.0,varfarina; metformina; sinvastatina; digoxina; hidroclorotiazida,15.0,0
losartana potássica,INTERAÇÕES MEDICAMENTOSAS,"INTERAÇÕES MEDICAMENTOSAS Nos estudos clínicos de farmacocinética realizados com hidroclorotiazida, digoxina, varfarina, cimetidina, fenobarbital, cetoconazol e eritromicina, não foram identificadas interações medicamentosas de importância clínica.",-1,-1.0,varfarina; eritromicina; digoxina; cetoconazol; fenobarbital,15.0,0
cloridrato de donepezila cloridrato de memantina,INTERAÇÕES MEDICAMENTOSAS,"O cloridrato de donepezila e seus metabólitos não inibem o metabolismo da teofilina, varfarina, cimetidina, digoxina, tioridazina, risperidona e sertralina em humanos.",-1,-1.0,varfarina; sertralina; digoxina; risperidona; cimetidina,15.0,0
cloridrato de lercanidipino,INTERAÇÕES MEDICAMENTOSAS,"A coadministração do lercanidipino com inibidores do CYP3A4 deve ser evitada (por exemplo, o cetoconazol, itraconazol, ritonavir, eritromicina, troleandomicina, claritromicina) (vide “Contraindicações”). ciclosporina A ciclosporina e o lercanidipino não devem ser administrados juntamente (vide “Contraindicações”).",-1,-1.0,ciclosporina; eritromicina; claritromicina; cetoconazol; itraconazol,15.0,2
drosperinona etinilestradiol,INTERAÇÕES  MEDICAMENTOSAS,"Substâncias que diminuem a depuração dos COCs (inibidores enzimáticos): Inibidores potentes e moderados do CYP3A4 tais como antifúngicos azólicos (como por exemplo, itraconazol, voriconazol, fluconazol), verapamil, antibióticos macrolídeos (como por exemplo, claritromicina, eritromicina), diltiazem e suco de toranja (grapefruit) podem aumentar as concentrações plasmáticas de estrogênio ou progestógeno ou de ambos.",-1,-1.0,eritromicina; claritromicina; fluconazol; itraconazol; diltiazem,15.0,1
drosperinona etinilestradiol,INTERAÇÕES  MEDICAMENTOSAS,"Substâncias que diminuem a depuração dos COCs (inibidores enzimáticos) : Inibidores potentes e moderados do CYP 3A4 tais como antifúngicos azólicos (como por exemplo, itraconazol, voriconazol, fluconazol), verapamil, antibióticos macrolídeos (como por exemplo, claritromicina, eritromicina), diltiazem e suco de toranja (grapefruit) podem aumentar as concentrações plasmáticas do estrogênio ou progestógeno ou de ambos.",-1,-1.0,eritromicina; claritromicina; fluconazol; itraconazol; diltiazem,15.0,1
drosperinona etinilestradiol,ADVERTÊNCIAS E PRECAUÇÕES,"Essas alterações podem ser clinicamente relevantes em alguns casos. - Substâncias que diminuem a depuração dos COCs (inibidores enzimáticos): inibidores potentes e moderados do CYP 3A4 como antifúngicos azólicos (como, por exemplo: itraconazol, voriconazol, fluconazol), verapamil, macrolídeos (como, por exemplo: claritromicina, eritromicina), diltiazem e suco de toronja (grapefruit ) podem aumentar as concentrações plasmáticas do estrogênio ou progestógeno ou de ambos.",-1,-1.0,eritromicina; claritromicina; fluconazol; itraconazol; diltiazem,15.0,1
acebrofilina,INTERAÇÕES MEDICAMENTOSAS,"O uso concomitante de acebrofilina com antibióticos macrolídeos (eritromicina), algumas quinolonas como norfloxacino e ciprofloxacino , anti-histamínicos H2 (cimetidina, ranitidina, famotidina), alopurinol, diltiazem e ipriflavona , pode retardar a eliminação da teofilina, aumentando o risco de intoxicação pela mesma.",-1,-1.0,alopurinol; eritromicina; diltiazem; cimetidina; ranitidina,15.0,1
cloridrato de donepezila,INTERAÇÕES MEDICAMENTOSAS,"O cloridrato de donepezila e seus metabólitos não inibem o metabolismo da teofilina, varfarina, cimetidina, digoxina, tioridazina, risperidona e sertralina em humanos.",-1,-1.0,varfarina; sertralina; digoxina; risperidona; cimetidina,15.0,0
besilato de anlodipino,INTERAÇÕES MEDICAMENTOSAS,Estudos Especiais: Efeito do anlodipino sobre Outros A gentes atorvastatina: a coadministração de doses múltiplas de 10 mg de anlodipino e 80 mg de atorvastatina não resultou em mudança significante nos parâmetros farmacocinéticos no estado de equilíbrio ( steady -state) da atorvastatina. digoxina: a coadministração de anlodipino e digoxina não alterou os níveis séricos ou o clearance renal de digoxina nos voluntários sadios. etanol (álcool): dose única e doses múltiplas de 10 mg de anlodipino não tiveram efeito significante na farmacocinética do etanol. varfarina: a coadministração de anlodipino com varfarina não alterou o tempo de resposta de protrombina da varfarina. ciclosporina: nenhum estudo de interação medicamentosa foi conduzido com a ciclosporina e o anlodipino em voluntários saudáveis ou outras populações com exceção dos pacientes com transplante renal.,-1,-1.0,varfarina; ciclosporina; atorvastatina; digoxina; anlodipino,15.0,0
linagliptina,INTERAÇÕES MEDICAMENTOSAS,"A linagliptina não teve efeito clinicamente relevante sobre a farmacocinética da metformina, glibenclamida, sinvastatina, pioglitazona, varfarina, digoxina ou contraceptivos orais; fornecendo evidência in vivo de uma baixa propensão para causar interações medicamentosas com substratos das CYP3A4, CYP2C9, CYP2C8, glicoproteína -P e com transportadores catiônicos orgânicos (TCO).",-1,-1.0,varfarina; metformina; sinvastatina; digoxina; glibenclamida,15.0,0
valsartana,INTERAÇÕES MEDICAMENTOSAS,"Entre os fármacos com os quais se realizaram estudos clínicos incluem -se: cimetidina, varfarina, furosemida, digoxina, atenolol, indometacina, hidroclorotiazida, anlodipino e glibenclamida.",-1,-1.0,varfarina; digoxina; glibenclamida; hidroclorotiazida; furosemida,15.0,
cloridrato de moxifloxacino,INTERAÇÕES MEDICAMENTOSAS,"INTERAÇÕES MEDICAMENTOSAS Para as seguintes substâncias foi comprovada a ausência de interação clinicamente relevante com cloridrato de moxifloxacino: atenolol, ranitidina, suplementos de cálcio, teofilina, ciclosporina, contraceptivos orais, glibenclamida, itraconazol, digoxina, morfina, probenecida.",-1,-1.0,probenecida; ciclosporina; digoxina; itraconazol; glibenclamida,15.0,0
valsartana besilato de anlodipino,INTERAÇÕES MEDICAMENTOSAS,"Em monoterapia, o anlodipino é seguramente administrado com diuréticos tiazídicos, betabloqueadores, inibidores da enzima conversora de angiotensina, nitratos de longa ação, nitroglicerinas sublinguais, digoxina, varfarina, atorvastatina, sildenafila, M aalox ® (hidróxido de alumínio gel, hidróxido de magnésio e simeticona), cimetidina, medicamentos anti -inflamatórios não- esteroidais, antibióticos e medicamentos hipoglicemiantes orais. valsartana Duplo bloqueio do Sistema Renina -Angiotensina (SRA) com BRAs, IECAs ou alisquireno: o uso concomitante de BRAs, incluindo valsartana, com outros medicamentos que agem no SRA é associado com o aumento da incidência de hipotensão, hipercalemia e alterações na função renal em comparação com à monoterapia.",-1,-1.0,varfarina; atorvastatina; digoxina; anlodipino; cimetidina,15.0,1
drospirenona etinilestradiol,INTERAÇÕES MEDICAMENTOSAS,"Substâncias que diminuem a depuração dos COCs (inibidores enzimáticos): Inibidores potentes e moderados do CYP 3A4 tais como antifúngicos azólicos (como por exemplo, itraconazol, voriconazol, fluconazol), verapamil, macrolídeos (como por exemplo, claritromicina, eritromicina), diltiazem e suco de toranja (grapefruit) podem aumentar as concentrações plasmáticas do estrogênio ou progestógeno ou de ambos.",-1,-1.0,eritromicina; claritromicina; fluconazol; itraconazol; diltiazem,15.0,1
drospirenona etinilestradiol,INTERAÇÕES  MEDICAMENTOSAS,"Essas alterações podem ser clinicamente relevantes em alguns casos. - Substâncias que diminuem a depuração dos COCs (inibidores enzimáticos) Inibidores potentes e moderados do CYP 3A4 tais como antifúngicos azólicos (como por exemplo, itraconazol, voriconazol, fluconazol), verapamil, macrolídeos (como por exemplo, claritromicina, eritromicina), diltiazem e suco de toranja (grapefruit) podem aumentar as concentrações plasmáticas do estrogênio ou progestógeno ou de ambos.",-1,-1.0,eritromicina; claritromicina; fluconazol; itraconazol; diltiazem,15.0,1
ibuprofeno,INTERAÇÕES MEDICAMENTOSAS,"O uso concomitante de qualquer AINE com os seguintes fármacos deve ser evitado, especialmente nos casos de administração crônica: ácido acetilsalicílico, paracetamol, colchicina, iodetos, medicamentos fotossensibilizantes, outros anti-inflamatórios não esteroides, corticosteroides, corticotrofina, uroquinase, hipoglicemiantes orais ou insulina, anti-hipertensivos e diuréticos, ácido valproico, plicamicina, sais de ouro, ciclosporina, lítio, probenecida, inibidores da ECA, agentes anticoagulantes ou trombolíticos, inibidores de agregação plaquetária, cardiotônicos digitálicos, digoxina e metotrexato.",-1,-1.0,probenecida; ciclosporina; paracetamol; digoxina; metotrexato,15.0,2
dicloridrato de hidroxizina,INTERAÇÕES MEDICAMENTOSAS,"Exemplos de medicamentos associad os ao prolongamento do intervalo QT e/ou Torsades de Pointes estão listados abaixo (mas não se limitam a apenas estes): - Antiarrítmicos classe IA (quinidina, procainamida, disopiramida); - Antiarrítmicos classe III (amiodarona, sotalol, bretílio); - Antiarrítmicos classe IC (flecainida, propafenona); - Antipsicóticos (clorpromazina, haloperidol, pimozida, droperidol, ziprasidona, risperidona, olanzapina); - Antidepressivos (fluoxetina, citalopram, venlafaxina, antidepressivos tricíclicos e tetracíclicos por exemplo amitriptilina, imipramina, maprotilina); - Opioides (metadona); - Antibióticos macrolídeos e análogos (eritromicina, claritromicina, azitromicina, tacrolim o); - Quinolonas (moxifloxacino, ciprofloxacino, levofloxacino); - pentamidina; - Antimaláricos (quinina, cloroquina); - Antifúngicos azólicos (cetoconazol, fluconazol, voriconazol); - domperidona; - Antagonistas dos receptores 5-HT 3 (ondansetrona); - trióxido de arsênio; - Inibidores da tirosin a quinase (vandetanibe, sunitinibe, nilotinibe); - vorinostat e (inibidor da histona deacetilase); - Agonista do receptor adrenérgico beta-2 (salmeterol, formoterol).",-1,-1.0,eritromicina; claritromicina; fluoxetina; cetoconazol; fluconazol,15.0,2
dapagliflozina,ADVERTÊNCIAS E PRECAUÇÕES,"Em estudos de interação conduzidos em indivíduos sadios, utilizando principalmente o desenho de dose única, a dapagliflozina não alterou significativamente a farmacocinética da metformina, pioglitazona, sitagliptina, glimepirida, hidroclorotiazida, bumetan ida, valsartana, sinvastatina, digoxina (um substrato da gp-P) ou varfarina (a varfarina é um substrato do CYP2C).",-1,-1.0,varfarina; metformina; sinvastatina; digoxina; hidroclorotiazida,15.0,0
lamotrigina,ADVERTÊNCIAS E PRECAUÇÕES,"Tabela 1: Efeito de drogas na concentração da lamotrigina (ver Posologia e Modo de Usar): Drogas que aumentam a concentração da lamotrigina Drogas que reduzem a concentração da lamotrigina Drogas que têm pouco ou nenhum efeito na concentração da lamotrigina Valproato carbamazepina fenitoína primidona fenobarbitona rifampicina lopinavir/ritonavir atazanavir/ritonavir* Associação de etinilestradiol/levonorgestrel* lítio bupropiona olanzapina oxcarbazepina felbamato gapabentina levetiracetam pregabalina topiramato zonisamida aripripazol lacosamida perampanel paracetamol * Para orientações de dosagem, ver Posologia e Modo de Usar – Recomendações gerais para populações de pacientes especiais, adicionalmente para mulheres tomando contraceptivos orais ver também Advertências e Precauções – Contraceptivos hormonais.",-1,-1.0,paracetamol; carbamazepina; rifampicina; olanzapina; contraceptivos,15.0,1
cloridrato de venlafaxina,INTERAÇÕES MEDICAMENTOSAS,"Advertências e precauções . • Medicamentos com ação sobre o Sistema Nervoso Central (SNC) Modelo de bula – Profissional cloridrato de venlafaxina 37,5 mg & 75 mg O risco de uso de venlafaxina em combinação com outros fármacos que atuam no SNC (como por exemplo: analgésicos narcóticos (morfina e petidina); sedativos (levomepromazina); hipnóticos (fenobarbital, flurazepam e midazolam); psicotrópicos (haloperidol, clorpromazina, flufenazina, clordiazepóxido, diazepam, bromazepam e lorazepam); antiparkinsonianos (biperideno e levodopa com benzerazida); antiepiléticos (fenitoína e carbamazepina) não foi avaliado sistematicamente.",-1,-1.0,diazepam; carbamazepina; fenobarbital; morfina; haloperidol,15.0,
cloridrato de donepezila,ADVERTÊNCIAS E PRECAUÇÕES,"O cloridrato de donepezila e seus metabólitos não inibem o metabolismo da teofilina, varfarina, cimetidina, digoxina, tioridazina, risperidona e sertralina em humanos.",-1,-1.0,varfarina; sertralina; digoxina; risperidona; cimetidina,15.0,0
telmisartana,INTERAÇÕES MEDICAMENTOSAS,"A coadministração de telmisartana não resultou em interações clinicamente significativas com digoxina, varfarina, hidroclorotiazida, glibenclamida, ibuprofeno , paracetamol , sinvastatina e a nlodipino.",-1,-1.0,varfarina; ibuprofeno; paracetamol; sinvastatina; digoxina,15.0,0
gliclazida,INTERAÇÕES MEDICAMENTOSAS,"Os efeitos hipoglicêmicos da gliclazida e sinais da baixa do nível de açúcar no sangue podem ocorrer quando você tomar um dos seguintes medicamentos: - outros medicamentos utilizados no tratamento da hiperglicemia (agentes antidiabéticos orais, agonistas dos receptores GLP -1 ou insulina); - antibiótico s (sulfonamidas, clarit romicina); ____ Modelo de bula - paciente gliclazida 30 mg e 60mg - medicamentos para tratar hipertensão ou insuficiência cardíaca ( betabloqueadores , inibidores da enzima de conversão da angiotensina como o captopril e o enalapril); - medicamentos para tratar infecções f úngicas (miconazol, fluconazol); - medicamentos para tratar úlceras estomacais ou duodenais ( antagonistas dos receptores H2); - medicamentos para tratar a depressão (inibidores da monoa minoxidase); - analgésicos ou antirreumáti cos (fenilbutazona, ibuprofeno); - medicamentos contendo álcool.",-1,-1.0,ibuprofeno; captopril; fluconazol; insulina; enalapril,15.0,1
losartana potássica hidroclorotiazida,INTERAÇÕES MEDICAMENTOSAS,"INTERAÇÕES MEDICAMENTOSAS Losartana Não foram identificadas interações medicamentosas de significado clínico com os seguintes compostos avaliados nos estudos de farmacocinética clínica: hidroclorotiazida, digoxina, varfarina, cimetidina, fenobarbital (veja Hidroclorotiazida, Álcool, Barbituratos ou Narcóticos , a seguir), cetoconazol e eritromicina.",-1,-1.0,varfarina; eritromicina; losartana; digoxina; cetoconazol,15.0,0
digoxina,INTERAÇÕES MEDICAMENTOSAS,"Os níveis séricos de digoxina podem aumentar devido à administração concomitante das seguintes d rogas: amiodarona, flecainida, prazosina, propafeno na, quinidina, espironolactona, antibióticos macrolídeos (como eritromicina e clari tromicina), tetraciclina e possivelmente outros ant ibióticos, gentamicina, itraconazol, quinina, trimetoprima, alprazolam, indometacina, pr opantelina, nefazodona, atorvastatina, ciclosporina , epoprostenol (transitório) e carvedilol.",-1,-1.0,ciclosporina; eritromicina; atorvastatina; itraconazol; amiodarona,15.0,1
acebrofilina,INTERAÇÕES MEDICAMENTOSAS,"O uso concomitante deste medicamento com antibiótic os macrolídeos (eritromicina), algumas quinolonas c omo norfloxacino e ciprofloxacino, anti-histamínicos H 2 (cimetidina, ranitidina, famotidina), alopurinol, diltiazem e ipriflavona, pode retardar a eliminação da teofilina, aumentando o risco de intoxicação pela m esma.",-1,-1.0,alopurinol; eritromicina; diltiazem; cimetidina; ranitidina,15.0,1
cloridrato de verapamil,INTERAÇÕES MEDICAMENTOSAS,"Ver bula de colchicina Antibacterianos claritromicina Possível aumento dos níveis de verap amil --- eritromicina Possível aumento dos níveis de verapam il --- rifampicina Diminui ASC (~97%), C máx (~94%) e biodisponibilidade oral (~92%) do verapamil O efeito hipotensor do verapamil pode ser reduzido telitromicina Possível aumento dos níveis de verapa mil --- Antineoplásicos doxorrubicina Aumenta ASC (104%) e C máx (61%) da doxorrubicina com a administração oral de verapamil Em pacientes com carcinoma pulmonar de células pequenas Barbitúricos fenobarbital Aumenta a depuração do verapamil oral (~5 vezes) --- Benzodiazepínicos e outros ansiolíticos buspirona Aumenta ASC e C máx da buspirona em 3-4 vezes --- midazolam Aumenta ASC (~3 vezes) e C máx (~2 vezes) do midazolam --- Betabloqueadores metoprolol Aumenta ASC (~32.5%) e C máx (~41%) do metoprolol em pacientes com angina Vide ADVERTÊNCIAS E PRECAUÇÕES propranolol Aumenta ASC (65%) e C máx (94%) de propranolol em pacientes com angina Glicosídeos Cardíacos digitoxina Diminui depuração total (~27%) e depuração extra renal (~29%) da digitoxina --- Cloridrato de verapamil_bula_profissional 6 digoxina Indivíduos saudáveis: aumenta C máx da digoxina em ~ 44%, aumenta C 12h da digoxina (~53%), C ss da digoxina em ~44%, e aumenta ASC da digoxina em ~50% Reduzir a dose de digoxina.",-1,-1.0,eritromicina; claritromicina; digoxina; rifampicina; fenobarbital,15.0,1
losartana potássica,INTERAÇÕES MEDICAMENTOSAS,"INTERAÇÕES MEDICAMENTOSAS Nos estudos clínicos de farmacocinética realizados com hidroclorotiazida, digoxina, varfarina, cimetidina, fenobarbital, ceto conazol e eritromicina, não foram identificadas interações medicamentosas de importância clínica.",-1,-1.0,varfarina; eritromicina; digoxina; fenobarbital; hidroclorotiazida,15.0,0
ibuprofeno,INTERAÇÕES MEDICAMENTOSAS,"O uso concomitante de qualquer AINE com os seguintes fármacos deve ser evitado, especialmente nos casos de administração crônica: ácido acetilsalicílico, paracetamol, colchicina, iodeto s, medicamentos fotossensibilizantes, outros anti -inflamatórios não esteroides, corticosteroides, corticotrofina, uroquinase, hipoglicemiantes orais ou insulina, anti -hipertensivos e diuréticos, ácido valpróico, plicamicina, sais de ouro, ciclosporina, lít io, probenecida, inibidores da ECA, agentes anticoagulantes ou trombolíticos, inibidores de agregação plaquetária, cardiotônicos digitálicos, digoxina e metotrexato.",-1,-1.0,probenecida; ciclosporina; paracetamol; digoxina; metotrexato,15.0,2
lanzoprazol claritromicina amoxicilina,INTERAÇÕES MEDICAMENTOSAS,"São exemplos, mas não se resume a: anticoagulantes orais (ex. varfarina), alcaloides do ergot, alprazolam, astemizol, carbamazepi na, cilostazol, cisaprida, metilprednisolona, omeprazol, pimozida, quinidina, sildenafila, sinvastatina, terfenadina, triazol am, tacrolimus, lovastatina, disopiramida, midazolam, ciclosporina, vimblastina e rifabutina.",-1,-1.0,varfarina; ciclosporina; omeprazol; sinvastatina; anticoagulantes,15.0,
risperidona,INTERAÇÕES MEDICAMENTOSAS,"No en tanto, como o ritonavir é um inibidor forte de CYP3A4 e um inibidor fraco de CYP 2D6, o ritonavir e inibidores de protease potencial izados com ritonavir podem aumentar as concentrações da fração antipsicótica a tiva da risperidona; betabloqueadores: alguns betabloqueadores podem aumentar as concentrações plasmáticas da risperidona, mas não d a fração antipsicótica ativa; bloqueadores de canal de cálcio: o verapamil, um inibidor moderado de CYP3A4 e um inibidor de P-gp, aumenta a concentração plasmática de risperidona e da fração antipsicótica ativa; glicosídeos digitálicos: a risperidona não demonstra efeito clinicamente sig nificativo na farmacocinética da digoxina; diuréticos: furosemida: (vide ADVERTÊNCIAS E PRECAUÇÕES ) o aumento da mortalidade em pacientes idosos com demência que estão recebendo tratamento concomitante com furosemida; medicamentos gastrintestinais: antagonistas de rece ptor H2: a cimetidina e a ranitidina, ambas inibidores fracos de CYP2D6 e CYP3A4, aumentaram a biodisponib ilidade da risperidona, mas apenas marginalmente aq uela da fração antipsicótica ativa; lítio: a risperidona não demonstra efeito clinicamente rel evante sobre a farmacocinética do lítio; antidepressivos tricíclicos e inibidores seletivos da recaptação de serotonina: a fluoxetina, um inibidor forte da CYP2D6, aumenta a concentração plasmática da risperidona, mas menos da fração antipsicótica ativ a.",-1,-1.0,fluoxetina; digoxina; furosemida; verapamil; cimetidina,15.0,1
lamotrigina,INTERAÇÕES MEDICAMENTOSAS,"Tabela 1: Efeito de drogas na concentração da lamot rigina (vide POSOLOGIA E MODO DE USAR): Drogas que aumentam a concentração da lamotrigina Drogas que reduzem a concentração da lamotrigina Drogas que têm pouco ou nenhum efeito na concentração da lamotrigina valproato carbamazepina fenitoína primidona fenobarbitona rifampicina lopinavir/ritonavir atazanavir/ritonavir* associação de etinilestradiol/levonorgestrel* lítio bupropiona olanzapina oxcarbazepina felbamato gapabentina levetiracetam pregabalina topiramato zonisamida aripripazol lacosamida perampanel paracetamol *Para orientações de dosagem, vide POSOLOGIA E MODO DE USAR – Recomendações posológica s gerais para populações de pacientes especiais , adicionalmente para mulheres tomando contraceptiv os orais vide também ADVERTÊNCIAS E PRECAUÇÕES – Contraceptivos hormonais .",-1,-1.0,paracetamol; carbamazepina; rifampicina; olanzapina; contraceptivos,15.0,1
cloridrato de moxifloxacino,INTERAÇÕES MEDICAMENTOSAS,"INTERAÇÕES MEDICAMENTOSAS Para as seguintes substâncias foi comprovada a ausência de interação clinicamente relevante com cloridrato de moxifloxacino: atenolol, ranitidina, suplementos de cálcio, teofilina, ciclosporina, contraceptivos orais, glibenclamida, itraconazol, digoxina, morfi na, probenecida.",-1,-1.0,probenecida; ciclosporina; digoxina; itraconazol; glibenclamida,15.0,0
candesartana cilexetila,INTERAÇÕES MEDICAMENTOSAS,"Candesartana cilexetila_bula_ profissional 7 As seguintes substâncias foram investigadas em estudos de farmacocinética clínica: hidroclorotiazida, varfarina, digoxina, contraceptivos orais (etinilestradiol/levonorgestrel), glibenclamida, nifedipino e enalapril.",-1,-1.0,varfarina; digoxina; glibenclamida; hidroclorotiazida; nifedipino,15.0,
losartana potássica hidroclorotiazida,INTERAÇÕES MEDICAMENTOSAS,"INTERAÇÕES MEDICAMENTOSAS Losartana Losartana potássica_Hidroclorotiazida_bula_profissi onal 10 Não foram identificadas interações medicamentosas d e significado clínico com os seguintes compostos av aliados nos estudos de farmacocinética clínica: hidroclorotiazida, digoxin a, varfarina, cimetidina, fenobarbital (vide Hidroclorotiazida - Álcool, barbituratos ou narcóticos, a seguir), cetoconazol e eritromicina.",-1,-1.0,varfarina; eritromicina; losartana; cetoconazol; fenobarbital,15.0,0
drospirenona etinilestradiol,INTERAÇÕES MEDICAMENTOSAS,"Essas alterações podem ser clinicamente relevantes em alguns casos. - Substâncias que diminuem a depuração dos COCs (inibidores enzimáticos) Inibidores potentes e moderados do CYP 3A4 tais como antifúngicos azólicos (como por exemplo, itraconazol, voriconazol, fluconazol), verapamil, antibióticos macrolídeos (como por exemplo, claritromicina, eritromicina), diltiazem e suco de tor anja ( grapefruit ) podem aumentar as concentrações plasmáticas d e estrogênio ou progestógeno ou de ambos.",-1,-1.0,eritromicina; claritromicina; fluconazol; itraconazol; diltiazem,15.0,1
drospirenona etinilestradiol,INTERAÇÕES MEDICAMENTOSAS,"Essas alterações podem ser clinicamente relevantes em alguns casos. - Substâncias que diminuem a depuração dos COCs (inibidores enzimáticos) Inibidores potentes e moderados do CYP 3A4 tais como antifúngicos azólicos (como por exemplo, itraconazol, voriconazol, fluconazol), verapamil, antibióticos macrolídeos (como por exemplo, claritromicina, eritromicina), diltiazem e suco de tor anja ( grapefruit ) podem aumentar as concentrações plasmáticas d e estrogênio ou progestógeno ou de ambos.",-1,-1.0,eritromicina; claritromicina; fluconazol; itraconazol; diltiazem,15.0,1
candesartana cilexetila hidroclorotiazida,INTERAÇÕES MEDICAMENTOSAS,"As substâncias que foram investigadas com candesartana cilexetila em estudos de farmacocinética clí nica incluem: hidroclorotiazida, varfarina, digoxina, contraceptivos orais (etinilestradiol/levonorgestrel), glibenclamida e nifedipino.",-1,-1.0,varfarina; digoxina; glibenclamida; hidroclorotiazida; nifedipino,15.0,
valsartana,INTERAÇÕES MEDICAMENTOSAS,"Entre os fármacos com os quais se realizaram estudos clínicos incluem -se: cimetidina, varfarina, furosemida, digoxina, atenolol, indometacina, hidroclorotiazida, anlodipino e glibenclamida.",-1,-1.0,varfarina; digoxina; glibenclamida; hidroclorotiazida; furosemida,15.0,
telmisartana,ADVERTÊNCIAS E PRECAUÇÕES,"A coadministração de telmisartana não resultou em interações clinicamente significativas com digoxina, varfarina, hidroclorotiazida, glibenclamida, ibuprofeno, paracetamol, sinvastatina e anlodipino.",-1,-1.0,varfarina; ibuprofeno; paracetamol; sinvastatina; digoxina,15.0,0
ibuprofeno,INTERAÇÕES MEDICAMENTOSAS,"O uso concomitante de qualquer AINE com os seguintes fármacos deve ser evitado, especialmente nos casos de administração crôn ica: ácido acetilsalicílico por problema do coração ou acidente vascular cerebral (AVC), já que, nesses casos, o ibuprofeno pode d iminuir o efeito esperado, outros AINEs, corticosteroides, glicocorticoides, agentes anticoagulantes ou trombolíticos, inibidores de agregação plaquetária, hipoglicemiantes orais ou insulina, anti -hipertensivos e diuréticos, ácido valproico, ciclosporina, m etotrexato, probenecida e digoxina.",-1,-1.0,probenecida; ciclosporina; digoxina; insulina; valproico,15.0,2
vildagliptina cloridrato de metformina,INTERAÇÕES MEDICAMENTOSAS,"Como resultado desses estudos, não foi observada nenhuma inter ação de relevância clínica com a coadministração da vildagliptina com outros antidiabéticos orais (glibenclamida, pioglitazona, cl oridrato de metformina), anlodipino, digoxina, ramipril, sinvastatina, valsartana ou varfarina. cloridrato de metformina As interações seguintes são conhecidas sobre metformina: furosemida – a furosemida aumentou a Cmáx e a ASC sanguínea de metformina sem alterar sua depuração renal.",-1,-1.0,varfarina; metformina; sinvastatina; digoxina; glibenclamida,15.0,1
cloridrato de verapamil,ADVERTÊNCIAS E PRECAUÇÕES,"Vide bula de colchicina Antibacterianos claritromicina Possível aumento nos níveis de verapamil --- eritromicina Possível aumento dos níveis de verapamil --- rifampicina Diminui ASC (~97%), Cmax (~94%) e biodisponibilidade oral (~92%) do verapamil O efeito hipotensor do verapamil pode ser reduzido telitromicina Possível aumento dos níveis de verapamil --- Antineoplásicos doxorrubicina Aumenta ASC (104%) e Cmax (61%) da doxorrubicina com a administração oral de verapamil Em pacientes com carcinoma pulmonar de células pequenas Barbitúricos fenobarbital Aumenta a depuração do verapamil oral (~5 vezes) --- Benzodiazepínicos e outros ansiolíticos buspirona Aumenta ASC e Cmax da buspirona em 3 -4 vezes --- midazolam Aumenta ASC (~3 vezes) e Cmax (~2 vezes) do midazolam --- Betabloqueadores metoprolol Aumenta ASC (~32.5%) e Cmax (~41%) do metoprolol em pacientes com angina Vide “ADVERTÊNCIAS E PRECAUÇÕES ” propranolol Aumenta ASC (65%) e Cmax.",-1,-1.0,eritromicina; claritromicina; rifampicina; fenobarbital; verapamil,15.0,1
digoxina,INTERAÇÕES MEDICAMENTOSAS,"Os níveis séricos da digoxina podem ser AUMENTADOS pela administração concomitante das seguintes drogas: amiodarona, flecainida, prazosina, propafenona, quinidina, e spironolactona, antibióticos macrolídeos (p.ex.: eritromicina e claritromicina), tetraciclina, (e possivelmente outros antibióticos), gentamicina, itraconazol, quinina, trimetoprima, alprazolam, indometacina, propantelina, nefazodona, atorvastatina, ciclos porina, epoprostenol (transitório) e carvedilol .",-1,-1.0,eritromicina; claritromicina; atorvastatina; itraconazol; amiodarona,15.0,1
cloridrato de hidroxizina,INTERAÇÕES MEDICAMENTOSAS,"Exemplos de medicamentos associad os ao prolongamento do intervalo QT e/ou Torsades de Pointes estão listados abaixo (mas não se limitam a apenas estes ): - Antiarrítmicos classe IA (quinidina, procainamida, disopiramida); - Antiarrítmicos classe III (amiodarona, sotalol, bretílio); - Antiarrítmicos classe IC (flecainida, propafenona); - Antipsicóticos (clorpromazina, haloperidol, pimozida, droperidol, ziprasidona, risperidona, olanzapina); - Antidepressivos (fluoxetina, citalopram, venlafaxina, antidepressivos tricíclicos e tetracíclicos, por exemplo, am itriptilina, imipramina, maprotilina); - Opioides (metadona); - Antibióticos macrolídeos e análogos (eritromicina, claritromicina, azitromicina, tacrolimo t; - Quinolonas (moxifloxacino, ciprofloxacino, levofloxacino); - Pentamidina; - Antimaláricos (quinina, cloroquina); - Antifúngicos azólicos (cetoconazol, fluconazol, voriconazol); - Domperidona; - Antagonistas dos receptores 5- HT 3 (ondansetrona); - Trióxido de arsênio; - Inibidores da tirosina quinase (vandetanibe, sunitinibe, nilotinibe); - Vorinostate (inibidor da histona deacetilase); - Agonista do receptor adrenérgico beta -2 (salmeterol, formoterol).",-1,-1.0,eritromicina; claritromicina; fluoxetina; cetoconazol; fluconazol,15.0,2
gliclazida,INTERAÇÕES MEDICAMENTOSAS,"Os efeitos hipoglicêmicos da gliclazida e sinais da baixa do nível de açúcar no sangue podem ocorrer quando você tomar um dos seguintes medicamentos: - outros medicamentos utilizados no tratamento da hiperglicemia (agentes antidiabéticos orais, agonistas dos receptores GLP - 1ou insulina), - antibióticos (sulfonamidas, claritromicina), - medicamentos para tratar hipertensão ou insuficiência cardíaca (betabloqueadores, inibidores da enzima de conversão da angiotensina, tais como o captopril e o enalapril), - medicamentos para tratar infecções fúngicas (miconazol, fluconazol), - medicamentos para tratar úlceras estomacais ou duodenais (antagonistas dos receptores H2), - medicamentos para tratar a depressão (inibidores da monoamino oxidase), - analgésicos ou antirreumáticos (fenilbutazona, ibuprofeno), - medicamentos contendo álcool.",-1,-1.0,claritromicina; ibuprofeno; captopril; fluconazol; insulina,15.0,1
gliclazida,INTERAÇÕES MEDICAMENTOSAS,"Os efeitos hipoglicêmicos da gliclazida e sinais da baixa nos níveis de açúcar no sangue podem ocorrer quando você tomar um dos seguintes medicamentos: - outros medicamentos utilizados no tratamento da hiperglicemia (agentes antidiabéticos orais, agonistas dos receptores GLP -1 ou insulina), - antibióticos (sulfonamidas, claritromicina), - medicamentos para tratar hipertensão ou insuficiência cardíaca (betabloqueadores, inibidores da enzima de conversão da angiotensina como o captopril ou enalapril), - medicamentos para tratar infecções fúngicas (miconazol, fluconazol), - medicamentos para tratar úlceras estomacais ou duodenais (antagonistas dos receptores H2), - medicamentos para tratar a depressão (inibidores da monoamino oxidase ), - analgésicos ou antirreumáticos (fenilbutazona, ibuprofeno), - medicamentos contendo álcool.",-1,-1.0,claritromicina; ibuprofeno; captopril; fluconazol; insulina,15.0,1
omeprazol,CONTRAINDICAÇÕES,"Interações medicamentosas: o omeprazol pode influenciar na farmacociné tica de diversos medicamentos incluindo diazepam, carbamazepina, clozapina, indinavir, nelfinavir, atazanavir, rilpiverina, metotrexato, tacrolimus, micofenolato de mofetila, clopidogrel, digoxina, itraco nazol, posaconazol, erlotinib, varfarina, cilostazol e suplementos orais de ferro.",-1,-1.0,varfarina; diazepam; carbamazepina; digoxina; metotrexato,15.0,1
claritromicina,INTERAÇÕES MEDICAMENTOSAS,"São exemplos, mas não se resume a: anticoagulantes orais (ex. varfarina, rivaroxabana, apixabana), antipsicóticos atípicos (ex. quetiapina, lurasidona) alcal oides do ergot, alprazolam, astemizol, carbamazepina, cilostazol, cisaprida, metilprednisolona, omeprazol, pimozida, quinidina, sildenafila, sinvastatina, terfenadina, triazolam, sirolimo, tacrolimo, lovastatina, disopiramida, midaz olam, ciclosporina, hidr oxicloroquina, cloroquina, vimblastina, rifabutina, ticagrelor, ivabradina e ranolazina.",-1,-1.0,varfarina; ciclosporina; omeprazol; sinvastatina; carbamazepina,15.0,
losartana potássica,INTERAÇÕES MEDICAMENTOSAS,"INTERAÇÕES MEDICAMENTOSAS Nos estudos clínicos de farmacocinética realizados com hidroclorotiazida, digoxina, varfarina, cimetidina, fenobarbital, cetocon azol e eritromicina, não foram identificadas interações medicamentosas de importância clínica.",-1,-1.0,varfarina; eritromicina; digoxina; fenobarbital; hidroclorotiazida,15.0,0
ezetimiba sinvastatina,CONTRAINDICAÇÕES,"4.CONTRAINDICAÇÕES • Hipersensibilidade aos princípios ativos ou a qualquer dos excipientes. • Hepatopatia ativa ou elevações persistentes e inexplicadas das transaminases séricas. • Quando houver necessidade de administrar ezetimiba+sinvastatina com fenofibrato, consulte a Circular aos Médicos (bula) de fenofibrato. • Administração concomitante de inibidores potentes do CYP3A4 (p. ex., itraconazol, cetoconazol, posaconazol, voriconazol, inibidores da protease do HIV, boceprevir, telaprevir, eritromicina, claritromicina, telitromicina, nefazodona e medicamentos contendo cobicistate) (veja os itens 5.",-1,-1.0,eritromicina; claritromicina; sinvastatina; cetoconazol; itraconazol,15.0,2
tacrolimo monoidratado,INTERAÇÕES  MEDICAMENTOSAS,"O m onitoramento das concentrações sanguíneas e os ajustes de dose são essenciais quando esses medicamentos são usad os concomitantemente: Fármacos que podem aumentar as concentrações de tacrolimo no sangue Bloqueadores de canal de cálcio Antibióticos macrolídeos Agentes antifúngicos Agentes gastrointestinais pró-cinéticos Inibidores de Protease Outros fármacos diltiazem nicardipina nifedipina verapamil claritromicina eritromicina troleandomicina josamicina clotrimazol fluconazol itraconazol cetoconazol voriconazol posaconazol cisaprida metoclopramida inibidores da protease HIV (por ex. ritonavir, nelfinavir, saquinavir) inibidores de protease do HCV (por ex. telaprevir, boceprevir) amiodarona bromocriptina cloranfenicol cimetidina ciclosporina danazol etinilestradiol metilprednisolona lansoprazol omeprazol nefazodona hidróxido de magnésio e alumínio letermovir antiviral usado para tratar CMV extrato de Schisandra sphenanthera Canabidiol 15 O tacrolimo também demonstrou efeito inibidor amplo e forte sobre o metabolismo dependente de CYP3A4.",-1,-1.0,ciclosporina; eritromicina; claritromicina; omeprazol; cetoconazol,15.0,1
drospirenona etinilestradiol,INTERAÇÕES  MEDICAMENTOSAS,"Substâncias que diminuem a depuração dos COCs (inibidores enzimáticos): Inibidores potentes e moderados do CYP3A4 tais como antifúngicos azólicos (como por exemplo, itraconazol, voriconazol, fluconazol), verapamil, antibióticos macrolídeos (como por exemplo, claritromicina, eritromicina), diltiazem e suco de toranja (grapefruit) podem aumentar as concentrações plasmáticas de estrogênio ou progestógeno ou de ambos.",-1,-1.0,eritromicina; claritromicina; fluconazol; itraconazol; diltiazem,15.0,1
drospirenona etinilestradiol,INTERAÇÕES  MEDICAMENTOSAS,"Substâncias que diminuem a depuração dos COCs (inibidores enzimáticos) : Inibidores potentes e moderados do CYP 3A4 tais como antifúngicos azólicos (como por exemplo, itraconazol, voriconazol, fluconazol), verapamil, antibióticos macrolídeos (como por exemplo, claritromicina, eritromicina), diltiazem e suco de toranja (grapefruit) podem aumentar as concentrações plasmáticas do estrogênio ou progestógeno ou de ambos.",-1,-1.0,eritromicina; claritromicina; fluconazol; itraconazol; diltiazem,15.0,1
drospirenona etinilestradiol,INTERAÇÕES  MEDICAMENTOSAS,"Essas alterações podem ser clinicamente relevantes em alguns casos. - Substâncias que diminuem a depuração dos COCs (inibidores enzimáticos): inibidores potentes e moderados do CYP 3A4 como antifúngicos azólicos (como, por exemplo: itraconazol, voriconazol, fluconazol), verapamil, macrolídeos (como, por exemplo: claritromicina, eritromicina), diltiazem e suco de tor anja (grapefruit) podem aumentar as concentrações plasmáticas do estrogênio ou progestógeno ou de ambos.",-1,-1.0,eritromicina; claritromicina; fluconazol; itraconazol; diltiazem,15.0,1
drospirenona etinilestradiol,INTERAÇÕES MEDICAMENTOSAS,"Substâncias que diminuem a depuração dos COCs (inibidores enzimáticos): Inibidores potentes e moderados do CYP 3A4 tais como antifúngicos azólicos (como por exemplo, itraconazol, voriconazol, fluconazol), verapamil, macrolídeos (como por exemplo, claritromicina, eritromicina), diltiazem e suco de toranja (grapefruit) podem aumentar as concentrações plasmáticas do estrogênio ou progestógeno ou de ambos.",-1,-1.0,eritromicina; claritromicina; fluconazol; itraconazol; diltiazem,15.0,1
drospirenona etinilestradiol,INTERAÇÕES  MEDICAMENTOSAS,"Essas alterações podem ser clinicamente relevantes em alguns casos. - Substâncias que diminuem a depuração dos COCs (inibidores enzimáticos) Inibidores potentes e moderados do CYP 3A4 tais como antifúngicos azólicos (como por exemplo, itraconazol, voriconazol, fluconazol), verapamil, macrolídeos (como por exemplo, claritromicina, eritromicina), diltiazem e suco de toranja (grapefruit) podem aumentar as concentrações plasmáticas do estrogênio ou progestógeno ou de ambos.",-1,-1.0,eritromicina; claritromicina; fluconazol; itraconazol; diltiazem,15.0,1
losartana potássica,INTERAÇÕES MEDICAMENTOSAS,"INTERAÇÕES MEDICAMENTOSAS Nos estudos clínicos de farmacocinética realizados com hidroclorotiazida, digoxina, varfarina, cimetidina, fenobarbital, cetoconazol e eritromicina, não foram identificadas interações medicamentosas de importância clínica.",-1,-1.0,varfarina; eritromicina; digoxina; cetoconazol; fenobarbital,15.0,0
pantoprazol,INTERAÇÕES  MEDICAMENTOSAS,"Os estudos de interação com fármacos que também são metabolizados com estas vias, como a carbamazepina, diazepam, glibenclamida, nifedipino, fenitoína e um contraceptivo oral contendo levonorgestrel e etinilestradiol, não se observaram interações clínicas significativas.",-1,-1.0,diazepam; carbamazepina; glibenclamida; nifedipino,13.0,0
cetoprofeno,INTERAÇÕES MEDICAMENTOSAS,"Portanto, estes pacientes devem ser reidratados antes do início do tratamento concomitante e a função dos rins deve ser monitorada quando o tratamento for iniciado (vide O QUE DEVO SABER ANTES DE USAR ESTE MEDICAMENTO?). - Inibidores da ECA - enzima conversora da angiotensina (ex: captopril, enalapril, lisinopril) e antagonistas da angiotensina II (ex: irbesartana, losartana, valsartana): em pacientes com comprometimento da função dos rins (ex. pacientes desidratados ou pacientes idosos), a coadministração de um inibidor da ECA ou de um antagonista da angiotensina II e de um agente que inibe a ciclooxigenase (tipo de enzima) pode promover a deterioração da função dos rins, incluindo a possibilidade de insuficiência dos rins aguda. - Metotrexato em doses menores do que 15 mg/semana : converse com seu médico caso esteja tomando metotrexato devido a possibilidade de ocorrer alteração da função dos rins.",-1,-1.0,captopril; losartana; metotrexato; enalapril,13.0,1
cloridrato de sertralina,INTERAÇÕES  MEDICAMENTOSAS,"Entretanto, em 3 estudos formais de interação com diazepam, tolbutamida e varfarina respectivamente, a sertralina não apresentou efeitos significantes na ligação do substrato às proteínas (vide os subitens “varfarina” e “interações com outros fármacos”). - Medicamentos que afetam a função plaquetária Bula_ cl. de sertralina _com_VPS_V0 9 - O risco de sangramento pode ser aumentado quando medicamentos que atuam na função plaquetária (ex: AINEs, ácido acetilsalicílico, heparina e ticlopidina) ou outros medicamentos que possam aumentar o risco de sangramento são administrados concomitantemente com ISRSs, incluindo sertralina (vide item 5.",-1,-1.0,varfarina; sertralina; diazepam; aines,13.0,1
amoxicilina clavulanato de potássio,INTERAÇÕES MEDICAMENTOSAS,"Tal como ocorre com outros antibióticos, a amoxicilina tri-hidratada + clavulanato de potássio pode afetar a flora intestinal, levando à menor reabsorção de estrógenos e redução da eficácia de contraceptivos orais combinados. amoxicilina + Clavulanato de potássio _ com ver_ VPS_V11 Há, na literatura, raros casos de aumento da INR em pacientes em uso de acenocumarol ou varfarina que recebem um ciclo de amoxicilina.",-1,-1.0,varfarina; acenocumarol; amoxicilina; contraceptivos,13.0,1
mesilato de imatinibe,ADVERTÊNCIAS E PRECAUÇÕES,"Tome cuidado ao utilizar mesilato de imatinibe com rifampicina ou outros indutores potentes de CYP3A4, cetoconazol ou outros inibidores potentes de CYP3A4, substratos de CYP3A4 com uma janela terapêutica estreita (por exemplo, ciclosporina ou pimozida) ou substratos de CYP2C9 com uma janela terapêutica estreita (por exemplo, varfarina e outros derivados cumarínicos) (vide item 6.",-1,-1.0,varfarina; ciclosporina; cetoconazol; rifampicina,13.0,1
mesilato de imatinibe,INTERAÇÕES MEDICAMENTOSAS,"Outras interações que podem afetar a exposição ao mesilato de imatinibe ou outros medicamentos Medicamentos que podem aumentar as concentrações plasmáticas de imatinibe: As substâncias que inibem a atividade da isoenzima CYP3A4 do citocromo P450 (ex.: cetoconazol, itraconazol, eritromicina, claritromicina) poderiam diminuir o metabolismo e aumentar as concentrações de imatinibe.",-1,-1.0,eritromicina; claritromicina; cetoconazol; itraconazol,13.0,1
dicloridrato de levocetirizina,INTERAÇÕES MEDICAMENTOSAS,"INTERAÇÕES MEDICAMENTOSAS Não foram realizados estudos de interação com a levocetirizina (incluindo estudos com indutores da CYP 3A4); estudos realizados com o composto racêmico cetirizina demonstraram que não havia interações clinicamente relevantes com antipirina, pseudoefedrina, cimetidina, cetoconazol, eritromicina, azitromicina, glipizid a e diazepam.",-1,-1.0,eritromicina; diazepam; cetoconazol; cimetidina,13.0,0
cloridrato de memantina,ADVERTÊNCIAS E PRECAUÇÕES,"Existe um relato de caso clínico publicado sobre um possível risco da combinação da memantina com a fenitoína. • Outras substâncias ativas como cimetidina, ranitidina, procainamida, quinidina , quinina e nicotina, que utilizam o mesmo sistema de transporte renal de cátions que a amantadina, também poderão interagir com a memantina levando a um risco potencial de aumento dos seus níveis séricos. • É possível que haja uma redução dos níveis séricos da hidroclorotiazida (HCT) quando esta, ou qualquer combinação contendo hidroclorotiazida, é administrada concomitantemente com a memantina. • Na experiência pós -comercialização foram notificados casos isolados de aumento da relação normalizada internacio nal (RNI ou INR) em pacientes tratados concomitantemente com varfarina.",-1,-1.0,varfarina; hidroclorotiazida; cimetidina; ranitidina,13.0,1
domperidona,CONTRAINDICAÇÕES,"A administração concomitante de domperidona com inibidores potentes do CYP3A4 que demonstraram causar um prolongamento do intervalo QT, tais como claritromicina, eritromicina, itraconazol, cetoconazol oral, posaconazol, ritonavir, saquinavir, telitromicina, telaprevir e voriconazol, é contraindicada (vide itens 5“ADVERTÊNCIAS E PRECAUÇÕES” e “6.",-1,-1.0,eritromicina; claritromicina; cetoconazol; itraconazol,13.0,2
risperidona,INTERAÇÕES  MEDICAMENTOSAS,"O aumento da mortalidade em pacientes idosos com demên cia que estão recebendo tratamento concomitante com furosemida. - Medicamentos gastrintestinais: Antagonistas de receptor H2: a cimetidina e a ranitidina, ambos inibidores fracos de CYP2D6 e CYP3A4, aumentaram a biodisponibilidade da risperidona, mas apenas marginalmente aquela da fração antipsicótica ativa. - Lítio: A risperidona não demonstra efeito clinicamente relevante sobre a farmacocinética do lítio. - Antidepressivos tricíclicos e inibidores seletivos da recaptação de serotoni na: A fluoxetina, um inibidor forte da CYP2D6, aumenta a concentração plasmática da risperidona, mas menos da fração antipsicótica ativa.",-1,-1.0,fluoxetina; furosemida; cimetidina; ranitidina,13.0,1
levofloxacino hemiidratado,INTERAÇÕES MEDICAMENTOSAS,"A farmacocinética do levofloxacino não foi afetada em qualquer proporção clinicamente significante quando esta foi administrada concomitantemente às seguintes drogas: carbonato de cálcio, digoxina, glibenclamida, ranitidina e varfarina.",-1,-1.0,varfarina; digoxina; glibenclamida; ranitidina,13.0,0
celecoxibe,INTERAÇÕES MEDICAMENTOSAS,"Entre os pacientes que receberam concomitantemente celecoxibe 200 mg, duas vezes ao dia, 48% foram considerados não responsivos ao lisinopril na visita clínica final (definido como pressão arterial diastólica medida com manguito > 90 mmHg ou pressão ar terial diastólica medida com manguito aumentada em > 10% em relação à linha de base), em comparação com 27% dos pacientes que receberam placebo concomitante; essa diferença foi estatisticamente significativa. - ciclosporina: Devido ao seu efeito sobre as p rostaglandinas renais, os AINEs podem aumentar o risco de nefrotoxicidade associada à ciclosporina. - fluconazol e cetoconazol: A administração concomitante de fluconazol, 200 mg/dia, resultou em um aumento de duas vezes a concentração plasmática de celeco xibe.",-1,-1.0,ciclosporina; cetoconazol; fluconazol; aines,13.0,1
carisoprodol diclofenaco de sódio paracetamol cafeína,INTERAÇÕES MEDICAMENTOSAS,"Medicamentos: anlodipino, bepridil, diltiazem, felodipino, flunarizina, galopamil, isradipino, lacidipino, lidoflazina, manidipino, nicardipino, nifedipino, nilvadipino, nimodipino, nisoldipino, nitrendipino, pranidipina, verapamil.",-1,-1.0,nifedipino; anlodipino; diltiazem; verapamil,13.0,
carisoprodol diclofenaco de sódio paracetamol cafeína,INTERAÇÕES MEDICAMENTOSAS RELACIONADAS AO CARISOPRODOL,"Medicamentos: adinazolam, alprazolam, amobarbital, anileridina, aprobarbital, bromazepam, brotizolam, butalbital, cetazolam, clordiazepóxido, clorzoxazona, clobazam, clonazepam, clorazepato, codeína, dantroleno, diazepam, estazolam, etclorvinol, fenobarbital, fentanila, flunitrazepam, flurazepam, halazepam, hidrato de cloral, hidrocodona, hidromorfona, levorfanol, lorazepam, lormetazepam, medazepam, meperidina, mefenesina, mefobarbital, meprobamato, metaxalona, metocarbamol, metoexital, midazolam, morfina, nitrazepam, nordazepam, oxazepam, oxibato sódico, oxicodona, oximorfona, pentobarbital, prazepam, primidona, propoxifeno, quazepam, remifantanila, secobarbital, sufentanila, sulfato lipossomal de morfina, temazepam, tiopental, triazolam.",-1,-1.0,diazepam; clonazepam; fenobarbital; morfina,13.0,
acetato de clormadinona etinilestradiol,INTERAÇÕES MEDICAMENTOSAS,"Da mesma forma, as concentrações plasmáticas e nos tecidos podem ser aumentadas ou reduzidas. -inibindo as enzimas microssomais hepáticas, e consequentemente, elevando a concentração sérica das substâncias ativas como diazepam (e outros benzodiazepínicos metabolizados por hidroxilação), ciclosporina, teofilina e prednisolona. -induzindo a glucuronidação hepática, e consequentemente, reduzindo as concentrações séricas de, por exemplo, lamotrigina, clofibrato, paracetamol, morfina e lorazepam.",-1,-1.0,ciclosporina; paracetamol; diazepam; morfina,13.0,1
estradiol drospirenona,INTERAÇÕES MEDICAMENTOSAS,"Com base em estudos de interação in vivo, em voluntárias utilizando omeprazol, sinvastatina, ou midazolam como substratos marcadores, é improvável a interação clinicamente relevante da drospirenona na dose de 3 mg com o metabolismo de outros fármacos media do pelo citocromo P450. ➢ Interação farmacodinâmica com anti -hipertensivos e antiinflamatórios não -esteroidais (AINEs) Mulheres hipertensas que fazem uso de estradiol + drospirenona e medicação anti -hipertensiva, como por exemplo, inibidores da ECA, antagonistas dos receptores de angiotensina II e hidroclorotiazida, podem apresentar diminuição adicional na pressão arterial.",-1,-1.0,omeprazol; sinvastatina; hidroclorotiazida; aines,13.0,1
cloridrato de tiamina cloridrato de piridoxina cianocobalamina fosfato dissódico de dexametasona,INTERAÇÕES MEDICAMENTOSAS,"INTERAÇÕES MEDICAMENTOSAS Com o fosfato de dexametasona Rifampicina, rifabutina, carbamazepina, fenobarbital, fenitoína, primidona e aminoglutetimida potenciam o metabolismo dos corticosteroides e os efeitos terapêuticos podem ser reduzidos.",-1,-1.0,carbamazepina; rifampicina; fenobarbital; corticosteroides,13.0,1
drospirenona etinilestradiol,INTERAÇÕES MEDICAMENTOSAS,"INTERAÇÕES MEDICAMENTOSAS Fármacos que reconhecidamente interagem com COCs incluem: - Indutores de enzimas hepáticas como rifampicina; - Fármacos antiepiléticos (DAEs), incluindo fenobarbital, fenitoína, primidona, carbamazepina, oxcarbazepina, topiramato e felbamato; - Fármacos que aumentam os parâmetros farmacocinéticos, incluindo atorvastatina (aumenta os valores da área sob a curva – ASC); - Antibacterianos/antifúngicos, incluindo ampicilina, tetraciclina e griseofulvina; modafinila; - Antirretrovirais (ritonavir); - E possivelmente, a fenilbutazona.",-1,-1.0,atorvastatina; carbamazepina; rifampicina; fenobarbital,13.0,1
drospirenona etinilestradiol,INTERAÇÕES MEDICAMENTOSAS,"Pode ocorrer aumento do potássio sérico por interação da drospirenona com anti -inflamatórios não hormonais (ibuprofeno, naproxeno e outro s); diuréticos poupadores de potássio (espironolactona, amilorida, triantereno e outros ), suplementação dietética de potássio, inibidores da enzima conversora da angiotensina (enalapril, captopril, lisinopril e outros), antagonis tas do receptor da angioten sina-II (candesartana, losartana, valsartana e outros) e heparina.",-1,-1.0,ibuprofeno; captopril; losartana; enalapril,13.0,1
montelucaste de sódio dicloridrato de levocetirizina,INTERAÇÕES MEDICAMENTOSAS,"Levocetirizina Não há estudos de interação com a levocetirizina, e resultados de estudos demonstraram que não houve interações medicamentosas clinicamente relevantes com uso concomitante do composto racêmico de cetirizina com pseudoefedrina, antipirina, cimetidina, cetoconazol, eritromicina, azitromicina, glipizida e diazepam.",-1,-1.0,eritromicina; diazepam; cetoconazol; cimetidina,13.0,0
divalproato de sódio,INTERAÇÕES MEDICAMENTOSAS,"Deve -se considerar a diminuição da dose de amitriptilina/nortriptilina na presença de valproato. carbamazepina (CBZ)/carbamazepina -10,11 -epóxido (CBZ -E): os níveis séricos de CBZ diminuíram 17% enquanto os de CBZ -E aumentaram em torno de 45% na coadministração de valproato e CBZ em pacientes epilépticos. clonazepam: o uso concomitante de ácido valproico e de clona zepam pode induzir estado de ausência em pacientes com história desse tipo de crises convulsivas. diazepam: o valproato desloca o diazepam de seus locais de ligação à albumina plasmática e inibe seu metabolismo.",-1,-1.0,diazepam; clonazepam; carbamazepina; valproico,13.0,1
levetiracetam,INTERAÇÕES MEDICAMENTOSAS,"O efeito do levetiracetam sobre o probenecida não foi estudado e o efeito de levetiracetam sobre outros medicamentos secretados ativamente, exemplo, AINEs, sulfonamidas e metotrexato é desconhecido. - Contraceptivos orais e outras interações farmacocinéticas Levetiracetam 1000 mg por dia não influenciou a farmacocinética dos contraceptivos orais (etinilestradiol e levonorgestrel); os parâmetros endócrinos (hormônio luteinizante e progesterona) não sofreram alteração.",-1,-1.0,probenecida; metotrexato; contraceptivos; aines,13.0,0
ácido acetilsalicílico,INTERAÇÕES MEDICAMENTOSAS,"Combinações que requerem precauções para o uso:  metotrexato em doses inferiores a 15 mg/semana: aumento da toxicidade hematológica do metotrexato (diminuição da depuração renal do metotrexato por agentes anti-inflamatórios em geral e deslocamento do metotrexato de sua ligação na proteína plasmática pelos salicilatos). dipirona e anti-inflamatórios não-esteroidais (AINEs): a administração simultânea (mesmo dia) de dipirona e alguns AINEs, como ibuprofeno e naproxeno, podem atenuar a inibição plaquetária irreversível induzida pelo ácido acetilsalicílico.",-1,-1.0,ibuprofeno; dipirona; metotrexato; aines,13.0,1
ácido acetilsalicílico,INTERAÇÕES MEDICAMENTOSAS,"Advertências e Precauções”).  anticoagulantes, trombolíticos/ outros inibidores da agregação plaquetária /hemostase: aumento do risco de sangramento.  anti-inflamatórios não-esteroidais com salicilatos: aumento do risco de úlceras e sangramento gastrintestinal devido ao efeito sinérgico.  inibidores seletivos da recaptação de serotonina (ISRSs): aumento do risco de sangramento gastrintestinal superior possivelmente em razão do efeito sinérgico.  digoxina: aumento das concentrações plasmáticas de digoxina em função da diminuição da excreção renal.  antidiabéticos, por exemplo, insulina e sulfonilureias em combinação com doses elevadas de ácido acetilsalicílico: aumento do efeito hipoglicêmico em altas doses do ácido acetilsalicílico por ação hipoglicêmica do ácido acetilsalicílico e deslocamento da sulfonilureia de sua ligação nas proteínas plasmáticas.  diuréticos em combinação com ácido acetilsalicílico em altas doses: diminuição da filtração glomerular por diminuição da síntese renal de prostaglandina.  glicocorticoides sistêmicos, exceto hidrocortisona usada como terapia de reposição na doença de Addison: diminuição dos níveis de salicilato plasmático durante o tratamento com corticosteroides e risco de superdose de salicilato após interrupção do tratamento, devido ao aumento da eliminação de salicilatos pelos corticosteroides.",-1,-1.0,digoxina; insulina; anticoagulantes; corticosteroides,13.0,1
dozi,INTERAÇÕES MEDICAMENTOSAS,"INTERAÇÕES MEDICAMENTOSAS Medicamentos como antibióticos (penicilina, cefalexina, ciprofloxacina, sulfasalazina , aminoglicosídeos), metformina, óxido nitroso, inibidores da bomba de prótons, antagonistas de receptores H2, colchicina, anti -inflamatórios não esteroidais (AINEs) (ibuprofeno, ácido aminossalicílico) diminuem a absorção de mecobalamina.",-1,-1.0,ibuprofeno; metformina; colchicina; aines,13.0,1
mec 12,ADVERTÊNCIAS E PRECAUÇÕES,"Medicamentos como antibióticos (penicilina, cefalexina, ciprofloxacina, sulfasalazina, aminoglicosídeos), metformina, óxido nitroso, inibidores da bomba de prótons, antagonistas de receptores H2, colchicina, anti -inflamatórios não esteroidais (AINEs) (ibuprofeno, ácido aminossalicílico) diminuem a absorção de mecobalamina.",-1,-1.0,ibuprofeno; metformina; colchicina; aines,13.0,1
topiramato,INTERAÇÕES MEDICAMENTOSAS,"Os resultados destas interações estão resumidos na tabela a seguir: AED coadministrada Concentração da AE D Concentração de topiramato fenitoína ** Carbamazepina (CBZ) ácido valproico lamotrigina fenobarbital NE primidona NE = sem efeito sobre as concentrações plasmáticas (alteração 15%) ** = concentrações plasmáticas aumentadas em alguns pacientes NE = não estudado AED = droga antiepiléptica - Outras interações medicamentosas digoxina: Em um estudo de dose única, a administração concomitante de topiramato provocou uma redução de 12% na área sob a curva de concentração plasmática (ASC) da digoxina.",-1,-1.0,carbamazepina; digoxina; fenobarbital; valproico,13.0,1
levofloxacino,ADVERTÊNCIAS E PRECAUÇÕES,"A farmacocinética do levofloxacino não foi afetada em qualquer proporção clinicamente significante quando esta foi administrada concomitantemente às seguintes drogas: carbonato de cálcio, digoxina, glibenclamida, ranitidina e varfarina.",-1,-1.0,varfarina; digoxina; glibenclamida; ranitidina,13.0,0
pantoprazol,ADVERTÊNCIAS E PRECAUÇÕES,"Os estudos de interação com fármacos que também são metabolizados com estas vias, como a carbamazepina, diazepam, glibenclamida, nifedipino, fenitoína e um contraceptivo oral contendo levonorgestrel e etinilestradiol, não se observaram interações clínicas significativas.",-1,-1.0,diazepam; carbamazepina; glibenclamida; nifedipino,13.0,0
cloridrato de donepezila,INTERAÇÕES MEDICAMENTOSAS,"O metabolis mo do cloridrato de donepezila não é alterado pela administração concomitante de digoxina, cimetidina, tioridazina, risperidona e sertralina.",-1,-1.0,sertralina; digoxina; risperidona; cimetidina,13.0,0
desogestrel,ADVERTÊNCIAS E PRECAUÇÕES,"Esses produtos incluem fenitoina, fenobarbital, primidona, bosentana, carbamazepina, rifampicina; e possivelmente também oxcarbazepina, rifabutina, topira mato, felbamato, griseofulvina, alguns inibidores da protease do HIV (por exemplo, ritonavir, nelfinavir ) e inibidores não -nucleosideos da transcriptase reversa (por exemplo, efavirenz), e o produto fitoterápico erva de São João ou St.",-1,-1.0,fenitoina; carbamazepina; rifampicina; fenobarbital,13.0,
atorvastatina calcica,INTERAÇÕES MEDICAMENTOSAS,"INTERAÇÕES MEDICAMENTOSAS O risco de miopa tia durante o tratamento com inibidores da HMG -CoA redutase se apresenta aumentado com a administração concomitante de ciclosporina, fibratos, niacina em dose s que alteram o perfil lipídico ou inibidores d e citocromo P450 3A4/transportadores, (por exemplo, eritromicina e antifúngicos azólicos) (vide a seguir e nos itens 8.",-1,-1.0,ciclosporina; eritromicina; niacina; fibratos,13.0,1
besilato de anlodipino,INTERAÇÕES  MEDICAMENTOSAS,"Dados in vitro de estudos com plasma humano indicam que o anlodipino não afeta a ligação às proteínas dos fármacos testados (digoxina, fenitoína, varfarina ou indometacina). sinvastatina: a coadministração de múltiplas doses de 10 mg de anlodipino com 80 mg de sinvastatina resultou em um aumento de 77% na exposição à sinvastatina em comparação com a sinvastatina isolada.",-1,-1.0,varfarina; sinvastatina; digoxina; anlodipino,13.0,1
besilato de anlodipino,INTERAÇÕES  MEDICAMENTOSAS,"Inibidores fortes de CYP3A4 (por ex. cetoconazol, itraconazol, ritonavir) podem aumentar as concentrações plasmáticas do anlodipino por uma extensão superior ao diltiazem.",-1,-1.0,cetoconazol; itraconazol; anlodipino; diltiazem,13.0,1
valsartana anlodipino,INTERAÇÕES MEDICAMENTOSAS,"Entretanto, os inibidores fortes da CYP3A4 (por ex.: cetoconazol, itraconazol e ritonavir) podem aumentar as concentr ações plasmáticas de anlodipino para valsartana 160 mg + anlodipino 5 mg - VPS08 uma extensão maior que diltiazem.",-1,-1.0,cetoconazol; itraconazol; anlodipino; diltiazem,13.0,1
valsartana anlodipino,INTERAÇÕES MEDICAMENTOSAS,"Em monoterapia, o anlodipino é segurament e administrado com diuréticos tiazídico s, betabloqueadores, inibidores da enzima conversora de angiotensina, nitratos de longa ação, nitroglicerinas sublinguais, digoxina, varfarina, atorvastatina, sildenafila, maalox ® (hidróxido de alumínio gel, hidróxido de ma gnésio e simeticona), c imetidina, medi camentos anti- inflamatórios não-esteroidais, antibiótico s e medicamentos hipoglicemiantes orais. valsartana Duplo bloqueio do Sistema Renina-Angiotensina (SRA) com BRAs, IECAs ou alisquireno: o uso concomitante de BRAs, incluindo valsartana, com outros medicamentos que agem no SRA é associado com o aumento da incidência de hipotensão, hipercalemia e alterações na função renal em comparação com à monoterapia.",-1,-1.0,varfarina; atorvastatina; digoxina; anlodipino,13.0,1
cloridrato de memantina,PRINCIPAIS INTERAÇÕES MEDICAMENTOSAS COM O CLORIDRATO DE MEMANTINA,"Os efeitos dos seguintes medicamentos, principalmente, podem ser alterados pelo cloridrato de memantina e o seu médico poderá achar necessário ajustar as respectivas doses: -Amantadina, quetamina, dextrometorfano -Dantroleno, baclofeno -Cimetidina, ranitidina, procainamida, quinidina, quinina, nicotina -Hidroclorotiazida (ou qualquer outra combinação com hidroclorotiazida) -Anticolinérgicos (geralmente utilizados para tratar perturbações do movimento ou cólicas intestinais) -Anticonvulsivantes (utilizados para evitar ou atenuar convulsões) -Barbitúricos (utilizados geralmente para induzir o sono) -Agonistas dopaminérgicos (como L -dopa, bromocriptina) -Neurolépticos (utilizados no tratamento da esquizofrenia e alguns como estabilizadores do humor) -Anticoagulantes orais Se for hospitalizado, informe o seu médico de que está utilizando cloridrato de memantina .",-1,-1.0,hidroclorotiazida; cimetidina; ranitidina; anticoagulantes,13.0,1
cloridrato de memantina,INTERAÇÕES MEDICAMENTOSAS,"Existe um relato de caso clínico publicado sobre um possível risco da combinação da memantina com a fenitoína. • Outras substâncias ativas como cimetidina, ranitidina, procainamida, quinidina, quinina e nicotina, que utilizam o mesmo sistema de transporte renal de cátions que a amantadina, também poderão interagir com a memantina levando a um risco potencial de aumento dos seus níveis séricos. • É possível que haja uma redução dos níveis séricos da hidroclorotiazida (HCT) quando esta, ou qualquer combinação contendo hidroclorotiazida, é administrada concomitantemente com a memantina. • Na experiência pós -comercialização foram notificados casos isolados de aumento da relação normalizada internacional (RNI) em pacientes tratados concomitantemente com varfarina.",-1,-1.0,varfarina; hidroclorotiazida; cimetidina; ranitidina,13.0,1
celecoxibe,INTERAÇÕES MEDICAMENTOSAS,"Entre os pacientes que receberam concomitantemente celecoxibe 200 mg duas vezes ao dia, 48% foram considerados não responsivos ao lisinopril na visita clínica final (definido como pressão arterial diastólica medida com manguito >90 mmHg ou pressão arterial diastólica medida com manguito aumentada em >10% em relação à linha de base), em comparação com 27% dos pacientes que receberam placebo concomitante; essa diferença foi estatisticamente significativa. - ciclosporina: Devido ao seu efeito sobre as prostaglandinas renais, os AINEs podem aumentar o risco de nefrotoxicidade associada à ciclosporina. - fluconazol e cetoconazol: A administração concomitante de fluconazol , 200 mg/dia, resultou em um aumento de duas vezes a concentração pl asmática de celecoxibe.",-1,-1.0,ciclosporina; cetoconazol; fluconazol; aines,13.0,1
levetiracetam,ADVERTÊNCIAS E PRECAUÇÕES,"O efeito do levetiracetam sobre o probenecida não foi estudado e o efeito de levetiracetam sobre outros medicamentos secretados ativamente, exemplo, AINEs, sulfonamidas e metotrexato é desconhecido. − Contraceptivos orais e outras interações farmacocinéticas Levetiracetam 1000 mg por dia não influenciou a farmacocinética dos contraceptivos orais (etinilestradiol e levonorgestrel); os parâmetros endócrinos (hormônio luteinizante e progesterona) não sofreram alteração.",-1,-1.0,probenecida; metotrexato; contraceptivos; aines,13.0,0
levetiracetam,INTERAÇÕES MEDICAMENTOSAS,"INTERAÇÕES MEDICAMENTOSAS - Medicamentos antiepilépticos Dados indicam que levetiracetam não influencia as concentrações séricas de medicamentos antiepilépticos existentes (fenitoína, carbamazepina, ácido valproico, fenobarbital, lamotrigina, gabapentina e primidona) e que estes medicamentos antiepilépticos não influenciam a farmacocinética de levetiracetam.",-1,-1.0,carbamazepina; fenobarbital; gabapentina; valproico,13.0,0
levetiracetam,INTERAÇÕES MEDICAMENTOSAS,"O efeito do levetiracetam sobre o probenecida não foi estudado e o efeito de levetiracetam sobre outros medicamentos secretados ativamente, exemplo, AINEs, sulfonamidas e metotrexato é desconhecido. - Contraceptivos orais e outras interações farmacocinéticas Levetiracetam 1000 mg por dia não influenciou a farmacocinética dos contraceptivos orais (etinilestradiol e levonorgestrel); os parâmetros endócrinos (hormônio luteinizante e progesterona) não sofreram alteração.",-1,-1.0,probenecida; metotrexato; contraceptivos; aines,13.0,0
apixabana,INTERAÇÕES MEDICAMENTOSAS,"Espera -se que substâncias ativas não consideradas inibidores potentes de ambos CYP3A4 e gpP (por exemplo: diltiazem, naproxeno, claritromicina, amiodarona, verapamil, quinidina) causem um aumento das concentrações plasmáticas de apixabana em menor grau.",-1,-1.0,claritromicina; diltiazem; verapamil; amiodarona,13.0,1
fosfato de sitagliptina,INTERAÇÕES MEDICAMENTOSAS,"Avaliação In Vivo de Interações Medicam entosas Efeito da Sitagliptina sobre Outros Fá rmaco s Nos e studos clínicos, como se descreve a seguir, a sitagliptina não alterou significativamente a farmacocinética da metformina, da glibenclamida, da sinvastatina, da rosiglitazona, da varfarina ou dos an ticoncepcionais orais, fornecendo evidências i n viv o de ba ixa propensão a causar interações medicamentosas com substratos do citocromo P450 3A4, citocromo P450 2C8, citocromo P450 2C9 e do transportador orgânico catiônico (TOC).",-1,-1.0,varfarina; metformina; sinvastatina; glibenclamida,13.0,0
fosfato de sitagliptina cloridrato de metformina,INTERAÇÕES MEDICAMENTOSAS,"Fosfato de sitagliptina Nos estudos de interação medicamentosa, a sitagliptina não exerceu efeitos clinicamente significativos na farmacocinética dos seguintes fármacos: metformina, rosiglitazona, glibenclamida, sinvastatina, varfarina e anticoncepcionais orais.",-1,-1.0,varfarina; metformina; sinvastatina; glibenclamida,13.0,0
prednisona,ADVERTÊNCIAS E PRECAUÇÕES,"A coadministração de prednisona com inibidores potentes da CYP3 A4 (por exemplo, produtos q ue contenham cetoconazol, itraconazol, claritromicina, ritonavir e cobicistate) pode leva r ao aumento da concentração pla smática dos corticosteroides e possibilitar o aumento do risco de efeitos colaterais sistêmico s dos corticosteroides.",-1,-1.0,claritromicina; cetoconazol; itraconazol; corticosteroides,13.0,1
cloridrato de donepezila,INTERAÇÕES MEDICAMENTOSAS,"O metabolismo do cloridrat o de donepezila não é alterado pela administração concomitante de digoxina, cimetidina, tioridazina, risperidona e sertralina.",-1,-1.0,sertralina; digoxina; risperidona; cimetidina,13.0,0
carbamazepina,INTERAÇÕES MEDICAMENTOSAS,"Antipsicóticos: clozapina, haloperidol e bromperido l, olanzapina, quetiapina, risperidona, ziprasidona , aripiprazol, paliperidona.",-1,-1.0,haloperidol; risperidona; quetiapina; olanzapina,13.0,
pantoprazol,INTERAÇÕES MEDICAMENTOSAS,"Os estudos de interação com fármacos que também são metabolizados com estas vias, como a carbamazepina, diazepam, glibenclamida, nifedipino, fenitoína e um contraceptivo oral contendo levonorgestrel e etinilestradiol, não mostraram interações clínicas significativas.",-1,-1.0,diazepam; carbamazepina; glibenclamida; nifedipino,13.0,0
besilato de anlodipino,INTERAÇÕES MEDICAMENTOSAS,"Dados in vitro de estudos com plasma humano indicam que o anlodipino não afeta a ligação às proteínas dos fármacos testados (digoxina, fenitoína, varfarina ou indometacina). sinvastatina: a coadministração de múltiplas doses de 10 mg de anlodipino com 80 mg de sinvastatina resultou em um aumento de 77% na exposição à sinvastatina em comparação com a sinvastatina isolada.",-1,-1.0,varfarina; sinvastatina; digoxina; anlodipino,13.0,1
besilato de anlodipino,INTERAÇÕES MEDICAMENTOSAS,"Inibidores fortes de CYP3A4 (por ex. cetoconazol, itraconazol, ritonavir) podem aumentar as concentrações plasmáticas do anlodipino por uma extensão superior ao diltiazem.",-1,-1.0,cetoconazol; itraconazol; anlodipino; diltiazem,13.0,1
cloridrato de donepezila,INTERAÇÕES MEDICAMENTOSAS,"O metabolis mo do cloridrato de done pezila não é alterado pela administração concomitante de digoxina, cimetidina, tioridazina, risperidona e sertralina.",-1,-1.0,sertralina; digoxina; risperidona; cimetidina,13.0,0
cloridrato de memantina,RINCIPAIS INTERAÇÕES MEDICAMENTOSAS COM O CLORIDRATO DE,"O s efeitos dos seguintes medicamentos, principalmente, podem ser alterados pelo cloridrato de memantina e o seu médico poderá achar necessário ajustar as respectivas doses: -Amantadina, quetamina, dextrometorfano -Drantoleno , baclofeno -Cimetidina, ranitidina, procainamida, quinidina, quinina, nicotina -Hidroclorotiazida (ou qualquer outra combinação com hidroclorotiazida) -Anticolinérgicos (geralmente utilizados para tratar perturbações do movimento ou cólicas Cloridrato de memantina 10 mg – comprimidos revestidos - VP_0 1 intestinais) - Anticonvulsivantes (utilizados para evitar ou atenuar convulsões) - Barbitúricos (utilizados geralm ente para induzir o sono) - Agonistas dopaminérgicos (como L -dopa, bromocriptina) - Neurolépticos (utilizados no tratamento da esquizofrenia e alguns como estabilizadores do humor) - Anticoagulantes orais Se for hospitalizado, informe o seu médico de que e stá utilizando cloridrato de memantina.",-1,-1.0,hidroclorotiazida; cimetidina; ranitidina; anticoagulantes,13.0,1
besilato de anlodipino,INTERAÇÕES MEDICAMENTOSAS,"Inibidores fortes de CYP3A4 (por ex. cetoconazol, itraconazol, ritonavir) podem aumentar as concentrações plasmáticas do anlodipino por uma extensão superior ao diltiazem.",-1,-1.0,cetoconazol; itraconazol; anlodipino; diltiazem,13.0,1
cloridrato de metformina,INTERAÇÕES MEDICAMENTOSAS,"A coadministração de metformina com: − Substratos/inibidores de OCT1 (como verapamil) podem reduzir a eficácia de metformina. − Indutores do OCT1 (como a rifampicina) podem aumentar a absorção gastrointestinal e a eficácia. − Substratos/inibidores de OCT2 (como cimetidina, dolutegravir, crizotinibe, olaparibe, daclatasvir, vandetanibe) podem diminuir a eliminação renal da metformina e assim levar a uma concentração aumentada de metformina no plasma.",-1,-1.0,metformina; rifampicina; verapamil; cimetidina,13.0,1
cloridrato de memantina,ADVERTÊNCIAS E PRECAUÇÕES,"Existe um relato de caso clínico publicado sobre um possível risco da combinação da memantina com a fenitoína. • Outras substâncias ativas como cimetidina, ranitidina, proca inamida, quinidina, quinina e nicotina, que utiliza m o mesmo sistema de transporte renal de cátions que a amantadina, também pode rão interagir com a memantina levando a um risco potencial de aumento dos seus níveis séricos. • É possível que haja uma redução dos níveis séricos da hidroclorotiazida (HCT) quand o esta ou qualquer combinação contendo hidroclorotiazida é administrada concomitantemente com a memantina. • Na experiência pós-comercialização foram notificados casos isolados de aumento da relação normalizada internacional (RNI) em pacientes tratados conco mitantemente com varfarina.",-1,-1.0,varfarina; hidroclorotiazida; cimetidina; ranitidina,13.0,1
cloridrato de donepezila cloridrato de memantina,CONTRAINDICAÇÕES,"O metabolismo do cloridrato de donepezila não é alterado pela administração concomitante de digoxina, cimetidina, tioridazina, risperidona e sertralina.",-1,-1.0,sertralina; digoxina; risperidona; cimetidina,13.0,0
cloridrato de donepezila cloridrato de memantina,CONTRAINDICAÇÕES,"Existe um relato de caso clínico publicado sobre um possível risco da combinação da memantina com a fenitoína. • Outras substâncias ativas como cimetidina, ranitidina, procaínamida, quinidina, quinina e nicotina, que utilizam o mesmo sistema de transporte renal de cátions que a amantadina, também poderão interagir com a memantina levando a um risco potencial de aumento dos seus níveis séricos. • É possível que haja uma redução dos níveis séricos da hidroclorotiazida (HCT) quando esta, ou qualquer combinação contendo hidroclorotiazida, é administrada concomitantemente com a memantina. • Na experiência pós -comercialização foram notificados casos isolados de aumento da relação normalizada internacional (RNI) em pacientes tratados concomitantemente com varfarina.",-1,-1.0,varfarina; hidroclorotiazida; cimetidina; ranitidina,13.0,1
ramelteona,INTERAÇÕES MEDICAMENTOSAS,"Outras informações relevantes de estudos de interação medicamentosa: Os estudos de interação da administração concomitante de ramelteona com fluoxetina (inibidor da CYP2D6), omeprazol (indutor da CYP1A2/inibidor da CYP2C19), teofilina (substrato da CYP1A2), dextrometorfano (substrato da CYP2D6), sertralina, venlafaxina, escitalopram, gabapentina, lorazepam e zolpidem não produziram alterações clinicamente significativas nas exposições máxima e total à ramelteona ou ao metabólito M -II.",-1,-1.0,omeprazol; fluoxetina; sertralina; gabapentina,13.0,0
levetiracetam,INTERAÇÕES MEDICAMENTOSAS,"O efeito do levetiracetam sobre o probenecida não foi estudado e o efeito de levetiracetam sobre outros medicamentos secretados ativamente, exemplo, AINEs, sulfonamidas e metotrexato é desconhecido. - Contraceptivos orais e outras interações farmacocinéticas Levetiracetam 1000 mg por dia não influenciou a farmacocinética dos contraceptivos orais (etinilestradiol e levonorgestrel); os parâmetros endócrinos (hormônio luteinizante e progesterona) não 15 sofreram alteração.",-1,-1.0,probenecida; metotrexato; contraceptivos; aines,13.0,0
cloridrato de lurasidona,INTERAÇÕES MEDICAMENTOSAS,"A coadministração de lurasidona com medicamentos inibidores moderados da CYP3A4 (ex: diltiazem, eritromicina, fluconazol, verapamil) podem aumentar a exposição a lurasidona.",-1,-1.0,eritromicina; fluconazol; diltiazem; verapamil,13.0,1
endofolin,INTERAÇÕES MEDICAMENTOSAS,"INTERAÇÕES MEDICAMENTOSAS Interação ácido fólico – medicamentos Fenitoína, fenobarbital, primidona, aspirina, colestipol, cicloserina, metotrexato e enzimas pancreáticas reduzem os níveis de ácido fólico, enquanto que o ácido aminosalicílico, antiácidos, colestiramina, estrogênios, bloqueadores H 2 e a carbamazepina reduzem sua absorção.",-1,-1.0,carbamazepina; metotrexato; fenobarbital; colestipol,13.0,1
ritonavir,INTERAÇÕES  MEDICAMENTOSAS,"Tabela 2: Efeitos na AUC e Cmáx na coadministração de ritonavir com outros fármacos Fármaco Dosagem de ritonavir n AUC % (95% de intervalo de confiança) Cmáx (95% de intervalo de confiança) claritromicina 500 mg 12/12 h por 4 dias 200 mg 8/8 h por 4 dias 22 ↑ 12% (2,23%) ↑ 15% (2,28%) didanosina 200 mg 12/12 h por 4 dias 600 mg 12/12 h por 4 dias 12 ↔ ↔ fluconazol 400 mg/1º dia e 200 mg/dia por 4 dias 200 mg 6/6 h por 4 dias 8 ↑ 12% (5,20%) ↑ 15% (7,22%) fluoxetina 30 mg 12/12 h por 8 dias 600 mg dose única 16 ↑ 19% (7,34%) ↔ rifampicina 600 mg ou 300 mg/dia por 10 dias 500 mg 12/12 h por 20 dias 7,9* ↓ 35% (7,55%) ↓25% (-5,46%) zidovudina 200 mg 8/8 h por 4 dias 300 mg 6/6 h por 4 dias 10 ↔ ↔ ↑ indica “aumento” ↓ indica “redução” ↔ indica “sem alterações” * Desenho de grupo paralelo, indivíduos recebendo regimes de combinação e controle, respectivamente.",-1,-1.0,claritromicina; fluoxetina; fluconazol; rifampicina,13.0,1
pantoprazol sódico,INTERAÇÕES MEDICAMENTOSAS,"Os estudos de interação com fármacos que também são metabolizados com estas vias, como a carbamazepina, diazepam, glibenclamida, nifedipino, fenitoína e um contraceptivo oral contendo levonorgestrel e etinilestradiol, não se observaram interações clínicas significativas.",-1,-1.0,diazepam; carbamazepina; glibenclamida; nifedipino,13.0,0
folifolin,INTERAÇÕES MEDICAMENTOSAS,"INTERAÇÕES MEDICAMENTOSAS Interação ácido fólico – medicamentos A fenitoína, fenobarbital, primidona, aspirina, colestipol, cicloserina, metotrexato e enzimas pancreáticas reduzem os níveis de ácido fólico, enquanto que o ácido aminosalicílico, antiácidos, colestiramina, estrogênios, bloqueadores H2 e a carbamazepina reduzem sua absorção.",-1,-1.0,carbamazepina; metotrexato; fenobarbital; colestipol,13.0,1
sinvastatina,CONTRAINDICAÇÕES,"ADVERTÊNCIAS E PRECAUÇÕES, Gravidez e Lactação); • Administração concomitante de inibidores potentes do CYP3A4 (por exemplo, itraconazol, cetoconazol, posaconazol, voriconazol, inibidores da protease do HIV, boceprevir, telaprevir, eritromicina, claritromicina, telitromicina, nefazodona e medicamentos contendo cobicistate) (veja item 5.",-1,-1.0,eritromicina; claritromicina; cetoconazol; itraconazol,13.0,2
sinvastatina,CONTRAINDICAÇÕES,"ADVERTÊNCIAS E PRECAUÇÕES, Gravidez e Lactação ); • Administração concomitante de inibidores potentes do CYP3A4 (por exemplo, itraconazol, cetoconazol, posaconazol, voriconazol, inibidores da protease do HIV, boceprevir, telaprevir, eritromicina, claritromicina, telitromicina, nefazodona e medicamentos contendo cobicistate) (veja o item 5.",-1,-1.0,eritromicina; claritromicina; cetoconazol; itraconazol,13.0,2
sinvastatina,CONTRAINDICAÇÕES,"ADVERTÊNCIAS E PRECAUÇÕES, Gravidez e Lactação ); • Administração concomitante de inibidores potentes do CYP3A4 (por exemplo, itraconazol, cetoconazol, posaconazol, voriconazol, inibidores da protease do HIV, boceprevir, telaprevir, eritromicina, claritromicina, telitromicina, nefazodona e medicamentos contendo cobicistate) (veja os itens 5.",-1,-1.0,eritromicina; claritromicina; cetoconazol; itraconazol,13.0,2
besilato de anlodipino,INTERAÇÕES MEDICAMENTOSAS,"Dados in vitro de estudos com plasma humano indicam que o anlodipino não afeta a ligação às proteínas dos fármacos testados (digoxina, fenitoína, varfarina ou indometacina). sinvastatina: a coadministração de múltiplas doses de 10 mg de anlodipino com 80 mg de sinvastatina resultou em um aumento de 77% na exposição à sinvastatina em comparação com a sinvastatina isolada.",-1,-1.0,varfarina; sinvastatina; digoxina; anlodipino,13.0,1
besilato de anlodipino,INTERAÇÕES MEDICAMENTOSAS,"Inibidores fortes de CYP3A4 (por ex. cetoconazol, itraconazol, ritonavir) podem aumentar as concentrações plasmáticas do anlodipino por uma extensão superior ao diltiazem.",-1,-1.0,cetoconazol; itraconazol; anlodipino; diltiazem,13.0,1
carbamazepina,INTERAÇÕES  MEDICAMENTOSAS,"Antipsicóticos: clozapina, haloperidol e bromperidol, olanzapina, quetiapina, risperidona, ziprasidona, aripiprazol, paliperidona.",-1,-1.0,haloperidol; risperidona; quetiapina; olanzapina,13.0,
fluconazol,INTERAÇÕES MEDICAMENTOSAS,"Podem ser necessários ajustes da dose da carbamazepina dependendo de determinações da concentração/efeito. bloqueadores do canal de cálcio: determinados antagonistas de canal de cálcio di -hidropiridínicos (nifedipino, isradipino, anlodipino, verapamil e felodipino) são metabolizados pela CYP3A4.",-1,-1.0,carbamazepina; nifedipino; anlodipino; verapamil,13.0,1
prednisona,INTERAÇÕES  MEDICAMENTOSAS,"A coadministração de prednisona com inibidores potentes da CYP3A4 (por exemplo, produtos que contenham cetoconazol, itraconazol, claritromicina, ritonavir e cobicistate) pode levar ao aumento da concentração plasmática dos corticosteroides e possibilitar o aumento do risco de efeitos colaterais sistêmicos dos corticosteroides.",-1,-1.0,claritromicina; cetoconazol; itraconazol; corticosteroides,13.0,1
cloridrato de metformina,INTERAÇÕES MEDICAMENTOSAS,"A coadministração de metformina com: − Substratos/inibidores de OCT1 (como verapamil) podem reduzir a eficácia de metformina. − Indutores do OCT1 (como a rifampicina) podem aumentar a absorção gastrointestinal e a eficácia. − Substratos/inibidores de OCT2 (como cimetidina, dolutegravir, crizotinibe, olaparibe, daclatasvir, vandetanibe) podem diminuir a eliminação renal da metformina e assim levar a uma concentração aumentada de metformina no plasma.",-1,-1.0,metformina; rifampicina; verapamil; cimetidina,13.0,1
cloridrato de fluoxetina,INTERAÇÕES MEDICAMENTOSAS,"Ligação às proteínas do plasma - devido ao fato da fluoxetina estar firmemente ligada às proteínas do plasma , a administração de fluoxetina a um paciente que esteja tomando outra droga que seja firmemente ligada às proteínas plasmáticas pode causar uma mudança nas concentrações plasmáticas da mesma (ex: ácido acetilsalicílico, fenitoína, diclofenaco, diazepam) . varfarina - efeitos anticoagulantes alterados (valores de laboratório e/ou sinais clínicos e sintomas), incluindo sangramento, sem um padrão consistente, foram reportados com pouca frequência quando a fluoxetina e a varfarina foram coadministradas .",-1,-1.0,varfarina; fluoxetina; diazepam; anticoagulantes,13.0,1
bromidrato de citalopram,INTERAÇÕES MEDICAMENTOSAS,"O citalopram e desmetilcitalopram são insignificantes inibidores da CYP2C9, CYP2E1 e CYP3A4, e inibidores fracos da CYP1A2, CYP2C19 e CYP2D6 quando em comparação com outros ISRS estabelecidos como inibidores significantes . levomepromazina, digoxina, carbamazepina Nenhuma mudança ou apenas mudanças muito pequenas de pouca importância clínica foram observad as quando o citalopram foi dado com substratos CYP1A2 (clozapina e teofilina), CYP2C9 (varfarina), CYP2C19 (imipramina e mefenitoína ), CYP2D6 (esparteína, imipramina, amitriptilina, a risperidona) e CYP3A4 (varfarina, carbamazepina e seu metabólito carbamazepina epóxido ) e triazolam.",-1,-1.0,varfarina; carbamazepina; digoxina; risperidona,13.0,0
glimepirida,INTERAÇÕES MEDICAMENTOSAS,"INTERAÇÕES MEDICAMENTOSAS Com base na experiência do uso da glimepirida e no que se conhece dos medicamentos de mesma classe, as seguintes interações devem ser consideradas: - medicamento -medicamento: Aumento do efeito hipoglicemiante e, portanto, em alguns casos, pode ocorrer hipoglicemia quando um dos seguintes fármacos é administrado: Insulina ou outro antidiabético oral; inibidores da ECA; esteroides anabolizantes e hormônios sexuais masculinos; c loranfenicol; derivados cumarínicos; ciclofosfamidas; disopiramida; fenfluramina; feniramidol; fibratos; fluoxetina; guanetidina; ifosfamida; inibidores da MAO; miconazol; fluconazol; ácido para minos salicílico ; pentoxifilina (uso parenteral em doses e levadas); fenilbutazona; azapropazona; oxifembutazona; proben ecida; quinolonas; salicilatos; sulfimpirazona; clarit romicina ; antibióticos sulfonamídicos; tetraciclinas; tritoqualina; trofosfamida.",-1,-1.0,fluoxetina; fluconazol; insulina; fibratos,13.0,1
domperidona,CONTRAINDICAÇÕES,"A administração concomitante de domperidona com inibidores potentes do CYP3A4 que demonstraram causar um prolongamento do intervalo QT, tais como claritromicina, eritromicina, itraconazol, cetoconazol oral, posaconazol, ritonavir, saquinavir, telitromicina , telaprevir e voriconazol, é contraindicada (vide “Advertências e Precauções” e “Interações Medicamentosas”).",-1,-1.0,eritromicina; claritromicina; cetoconazol; itraconazol,13.0,2
mesilato de imatinibe,ADVERTÊNCIAS  E PRECAUÇÕES,"Tome cuidado ao utilizar mesilato de imatinibe com rifampicina ou outros indutores potentes de CYP3A4, cetoconazol ou outros inibidores potentes de CYP3A4, substratos de CYP3A4 com uma janela terapêutica estreita (por exemplo, ciclosporina ou pimozida) ou substratos de CYP2C9 com uma janela terapêutica estreita (por exemplo, varfarina e outros derivados cumarínicos) (vide “Interações medicamentosas”).",-1,-1.0,varfarina; ciclosporina; cetoconazol; rifampicina,13.0,1
mesilato de imatinibe,INTERAÇÕES  MEDICAMENTOSAS,"Medicamentos que podem aumentar as concentrações plasmáticas de imatinibe: As substâncias que inibem a atividade da isoenzima CYP3A4 do citocromo P450 (ex.: cetoconazol, itraconazol, eritromicina, claritromicina) poderiam diminuir o metabolismo e aumentar as concentrações de imatinibe.",-1,-1.0,eritromicina; claritromicina; cetoconazol; itraconazol,13.0,1
clonixinato de lisina cloridrato de ciclobenzaprin,INTERAÇÕES  MEDICAMENTOSAS,"O clonixinato de lisina + cloridrato de ciclobenzaprina diminui a ação de medicamentos usados para controlar a pressão arterial elevada (por ex. betabloqueadores, como o atenolol e o propranolol, inibidores da enzima de conversão da angiotensina, como o captopril e o enalapril, vasodilatadores, como hidralazina, e diuréticos, como hidroclorotiazida e furosemida).",-1,-1.0,captopril; hidroclorotiazida; furosemida; enalapril,13.0,1
clonixinato de lisina cloridrato de ciclobenzaprin,INTERAÇÕES  MEDICAMENTOSAS,"O clonixinato de lisina + cloridrato de ciclobenzaprina diminui a ação dos agentes anti -hipertensivos (betabloqueadores como o atenolol e o propranolol, inibidores da ECA, como o captopril e o enalapril, vasodilatadores, como hidralazina, e diuréticos, como hidroclorotiazida e furosemida).",-1,-1.0,captopril; hidroclorotiazida; furosemida; enalapril,13.0,1
besilato de anlodipino losartana potássica,INTERAÇÕES MEDICAMENTOSAS,"Efeito da interação: aumento dos níveis séricos de anlodipina ou da exposição à anlodipino Medicamento: telaprevir, claritromicina Efeito da interação: diminuição de efeito antiplaquetário Medicamento: clopidogrel Efeito da interação: aumento da concentração sérica e aumento de risco de miopatias Medicamento: sinvastatina Efeito da interação: diminuição da exposição à 5-fluorouracil a Medicamento: tegafur Efeito da interação: aumento da exposição e aumento de risco de prolongamento do intervalo QT Medicamento: domperidona Efeito da interação: diminuição de exposição aos substratos do CYP3A4 Medicamento: carbamazepina, dabrafenibe Efeito da interação: Alteração na concentração plasmática de anlodipino.",-1,-1.0,claritromicina; sinvastatina; carbamazepina; anlodipino,13.0,1
besilato de anlodipino losartana potássica,INTERAÇÕES MEDICAMENTOSAS,"Efeito de interação: aumento da concentração sérica de anlodipino e toxicidade (tontura, hipotensão, rubor, cefaleia , edema periférico) Medicamento: fluconazol, cetoconazol, itraconazol Efeito de interação: aumento da concentração sérica dos bloqueadores dos canais de cálcio.",-1,-1.0,cetoconazol; fluconazol; itraconazol; anlodipino,13.0,1
budesonida,INTERAÇÕES  MEDICAMENTOSAS,"INTERAÇÕES MEDICAMENTOSAS O uso concomitante de budesonida intranasal e inibidores d o citocromo P450, especialmente da isoenzima CYP3A4 (i.e. , produtos que contenham cobicistate , cetoconazol , ritonavir, atazanavir , claritromicina , indinavir , eritromicina, nefazodona, nelfinavir, saquinavir, telitromicina, itraconazol) causa o aumento da concentração de budesonida no plasma, levando à um risco aumento de eventos adversos sistêmicos, como Síndrome de Cushing e supressão adrenal.",-1,-1.0,eritromicina; claritromicina; cetoconazol; itraconazol,13.0,2
valsartana besilato de anlodipino,INTERAÇÕES MEDICAMENTOSAS,"Entretanto, os inibidores fortes da CYP3A4 (por ex.: cetoconazol, itraconazol e ritonavir) podem aumentar as concentrações plasmáticas de anlodipino para uma extensão maior que diltiazem.",-1,-1.0,cetoconazol; itraconazol; anlodipino; diltiazem,13.0,1
clonixinato de lisina,INTERAÇÕES  MEDICAMENTOSAS,"Nestes casos, pode ser necessário alterar as doses de um ou de outro ou mesmo modificar o tratamento. • Sais de lítio: usados no tratamento de transtornos bipolares. • Anti-hipertensivos: usados para tratamento da pressão alta.Diuréticos (por ex., hidroclorotiazida, indapamida, clortalidona): usados para aumentar a secreção de urina. • Anti-inflamatórios não esteroides. • Corticosteroides (por ex., hidrocortisona, prednisona, prednisolona, dexametasona): usados no tratamento de doenças inflamatórias. • Anticoagulantes orais, ticlopidina, heparina e trombolíticos (por ex., estreptoquinase, alteplase, tenectplase e reteplase): usados para impedir a formação de coágulos de sangue dentro dos vasos sanguíneos. • metotrexato: usado no tratamento do câncer e outras doenças, como artrite reumatoide.",-1,-1.0,metotrexato; hidroclorotiazida; anticoagulantes; corticosteroides,13.0,1
cloridrato de tansulosina,INTERAÇÕES MEDICAMENTOSAS,"In vitro , nem diazepam, nem propranolol, triclormetiazida, clormadino na, amitriptilina, diclofenaco, glibenclamida, sinvastatina e nem varfarina modificam a fração livre da tansulosina no plasma humano.",-1,-1.0,varfarina; sinvastatina; diazepam; glibenclamida,13.0,0
ticagrelor,INTERAÇÕES MEDICAMENTOSAS,"Outros moderados inibidores da CYP3A4 (por exemplo, amprenavir, aprepitanto, eritromicina, fluconazol e verapamil) podem ser coadministrados com ticagrelor . rifampicina e outros indutores da CYP3A4 : a coadministração de rifampicina com ticagrelor diminuiu a C máx e AUC de ticagrelor em 73% e 86%, respectivamente.",-1,-1.0,eritromicina; fluconazol; rifampicina; verapamil,13.0,1
pantoprazol magnésico di-hidratado,INTERAÇÕES MEDICAMENTOSAS,"Os estudos de interação com fármacos que também são metabolizados com estas vias, como a carbamazepina, diazepam, glibenclamida, nifedipino, fenitoína e contraceptivo oral contendo levonorgestrel e etinilestradiol, não observaram interações clínicas significativas.",-1,-1.0,diazepam; carbamazepina; glibenclamida; nifedipino,13.0,0
divalproato de sódio,INTERAÇÕES  MEDICAMENTOSAS,"Deve -se considerar a diminuição da dose de amitriptilina/nortriptilina na presença de valproato. carbamazepina (CBZ)/carbamazepina -10,11 -epóxido (CBZ -E): os níveis séricos de CBZ diminuíram 17% enquanto que os de CBZ -E aumentaram em torno de 45% na coadministração de valproato e CBZ em pacientes epilépticos. clonazepam: o uso concomitante de ácido valproico e de clonazepam pode induzir estado de ausência em pacientes com história desse tipo de crises convulsivas. diazepam: o valproato desloca o diazepam de seus locais de ligação à albumina plasmática e inibe seu metabolismo.",-1,-1.0,diazepam; clonazepam; carbamazepina; valproico,13.0,1
cloridrato de donepezila,INTERAÇÕES MEDICAMENTOSAS,"O metabolismo do cloridrato de donepezila não é alterado pela administração concomitante de digoxina, cimetidina, tioridazina, risperidona e sertralina.",-1,-1.0,sertralina; digoxina; risperidona; cimetidina,13.0,0
celecoxibe,INTERAÇÕES  MEDICAMENTOSAS,"Entre os pacientes que receberam concomitantemente celecoxibe 200 mg duas vezes ao dia, 48% foram considerados não responsivos ao lisinopril na visita clínica final (definido como pressão arterial diastólica medida com manguito > 90 mmHg ou pressão arterial diastólica medida com manguito aumentada em > 10% em relação à linha de base), em comparação com 27% dos pacientes que receberam placebo concomitante; essa diferença foi estatisticamente significativa. - ciclosporina: Devido ao seu efeito sobre as prostaglandinas renais, os AINEs podem aumentar o risco de nefrotoxicidade associada à ciclosporina. - fluconazol e cetoconazol: A administração concomitante de fluconazol, 200 mg/dia, resultou em um aumento de duas vezes a concentração plasmática de celecoxibe.",-1,-1.0,ciclosporina; cetoconazol; fluconazol; aines,13.0,1
dicloridrato de levocetirizina,INTERAÇÕES MEDICAMENTOSAS,"INTERAÇÕES MEDICAMENTOSAS Não foram realizados estudos de interação com a levocetirizina (incluindo estudos com indutores da CYP 3A4); estudos realizados com o composto racêmico cetirizina demonstraram que não havia interações clinicamente relevantes com antipirina, pseudoefedrina, cimetidina, cetoconazol, eritromicina, azitromicina, glipizida e diazepam.",-1,-1.0,eritromicina; diazepam; cetoconazol; cimetidina,13.0,0
glimepirida cloridrato de metformina,INTERAÇÕES MEDICAMENTOSAS,"INTERAÇÕES MEDICAMENTOSAS Certos agentes hiperglicemiantes (corticosteroides, diuréticos tiazídicos, contraceptivos orais) podem alterar o curso do diabetes e tornar necessário o aumento da dose de cloridrato de metformina ou sua combinação com sulfonilureias hipoglicemiantes ou terapia com insulina.",-1,-1.0,metformina; insulina; contraceptivos; corticosteroides,13.0,1
cloridrato de donepezila cloridrato de memantina,INTERAÇÕES MEDICAMENTOSAS,"O metabolismo do cloridrato de donepezila não é alterado pela administração concomitante de digoxina, cimetidina, tioridazina, risperidona e sertralina.",-1,-1.0,sertralina; digoxina; risperidona; cimetidina,13.0,0
cloridrato de donepezila cloridrato de memantina,INTERAÇÕES MEDICAMENTOSAS,"Existe um relato de caso clínico publicado sobre um possível risco da combinação da memantina com a fenitoína. • Outras substâncias ativas como cimetidina, ranitidina, proca inamida , quinidina, quinina e nicotina, que utilizam o mesmo sistema de transporte renal de cátions que a amantadina, também poderão interagir com a memantina levando a um risco potencial de aumento dos seus níveis séricos. • É possível que haja uma redução dos níveis séricos da hidroclorotiazida (HCT) quando esta, ou qualquer combinação contendo hidroclorotiazida, é administrada concomitantemente com a memantina. • Na experiência pós -comercialização foram notificados casos isolados de aumento da relação normalizada internacional (RNI) em pacientes tratados concomitantemente com varfarina.",-1,-1.0,varfarina; hidroclorotiazida; cimetidina; ranitidina,13.0,1
cloridrato de memantina,INTERAÇÕES MEDICAMENTOSAS,"Existe um relato de caso clínico publicad o sobre um possível risco da combinação da memantina com a fenitoína.  Outras substâncias ativas como cimetidina, ranitidina, procainamida, quinidina, quinina e nicotina, que utilizam o mesmo sistema de transporte renal de cátions que a amantadina, també m poderão interagir com a memantina levando a um risco potencial de aumento dos seus níveis séricos.  É possível que haja uma redução dos níveis séricos da hidroclorotiazida (HCT) quando esta, ou qualquer combinação contendo hidroclorotiazida, é adminis trada concomitantemente com a memantina.  Na experiência pós -comercialização foram notificados casos isolados de aumento da relação normalizada internacional (RNI) em pacientes tratados concomitantemente com varfarina.",-1,-1.0,varfarina; hidroclorotiazida; cimetidina; ranitidina,13.0,1
levetiracetam,ADVERTÊNCIAS E PRECAUÇÕES,"O efeito do levetiracetam sobre o probenecida não foi estudado e o efeito de levetiracetam sobre outros medicamentos secretados ativamente, exemplo, AINEs, sul fonamidas e metotrexato é desconhecido. ­ Contraceptivos orais e outras interações farmacocinéticas O levetiracetam 1000 mg por dia não influenciou a farmacocinética dos contraceptivos orais (etinilestradiol e levonorgestrel); os parâmetros endócrinos (hormônio luteinizante e progesterona) não sofreram alteração.",-1,-1.0,probenecida; metotrexato; contraceptivos; aines,13.0,0
levetiracetam,INTERAÇÕES MEDICAMENTOSAS,"O efeito do levetiracetam sobre o probenecida não foi estudado e o efeito de levetiracetam sobre outros medicamentos secretados ativamente, exemplo, AINEs, sulfonamidas e metotrexato é desconhecido. - Contraceptivos orais e outras interações farmacocinéticas Levetiracetam 1000 mg por dia não influenciou a farmacocinética dos contraceptivos orais (etinilestradiol e levonorgestrel); os parâmetros endócrinos (hormônio luteinizante e progesterona) não sofreram alteração.",-1,-1.0,probenecida; metotrexato; contraceptivos; aines,13.0,0
levetiracetam,ADVERTÊNCIAS E PRECAUÇÕES,"INTERAÇÕES MEDICAMENTOSAS - Medicamentos antiepilépticos Dados indicam que levetiracetam não influencia as concentrações séricas de medicamentos antiepilépticos existentes (fenitoína, carbamazepina, ácido valproico, fenobarbital, lamotrigina, gabapentina e primidona) e que estes medicamentos antiepilépticos não influenciam a farmacocinética de levetiracetam.",-1,-1.0,carbamazepina; fenobarbital; gabapentina; valproico,13.0,0
levetiracetam,ADVERTÊNCIAS E PRECAUÇÕES,"O efeito do levetiracetam sobre o probenecida não foi estudado e o efeito de levetiracetam sobre outros medicamentos secretados ativamente, exemplo, AINEs, sulfonamidas e metotrexato é desconhecido. - Contraceptivos orais e outras interações farmacocinéticas Levetiracetam 1000 mg por dia não influenciou a farmacocinética dos contraceptivos orais (etinilestradiol e levonorgestrel); os parâmetros endócrinos (hormônio luteinizante e progesterona) não sofreram alteração.",-1,-1.0,probenecida; metotrexato; contraceptivos; aines,13.0,0
apixabana,INTERAÇÕES  MEDICAMENTOSAS,"Espera -se que substâncias ativas não consideradas inibidores potentes de ambos CYP3A4 e gpP (por exemplo: diltiazem, naproxeno, claritromicina, amiodarona, verapamil, quinidina) causem um aumento das concentrações plasmáticas de apixabana em menor grau.",-1,-1.0,claritromicina; diltiazem; verapamil; amiodarona,13.0,1
cetoprofeno,INTERAÇÕES MEDICAMENTOSAS,"Portanto, estes pacientes de vem ser reidratados antes do início do tratamento concomitante e a função dos rins deve ser monitorada quando o tratamento for iniciado (vide “ O QUE DEVO SABER ANTES DE USAR ESTE MEDICAMENTO? ”). - Inibidores da ECA -enzima conversora da angiotensina (ex: captopril, enalapril, lisinopril) e antagonistas da angiotensina II (ex: irbesartana, losartana, valsartana): em pacientes com comprometimento da função dos rins (ex. pacientes desidratados ou pacientes idosos), a coadministração de um inibidor da ECA ou de um antagonista da angiotensina II e de um agente que inibe a ciclo oxigenase (tipo de enzima) pode promover a deterioração da função dos rins, incluindo a possibilidade de insuficiência dos rins aguda. - Metotrexato em doses menores do que 15 mg/seman a: converse com seu médico caso esteja tomando metotrexato devido a possibilidade de ocorrer alteração da função dos rins.",-1,-1.0,captopril; losartana; metotrexato; enalapril,13.0,1
besilato de anlodipino,INTERAÇÕES MEDICAMENTOSAS,"Dados in vitro de estudos com plasma humano indicam que o anlodipino não af eta a ligação às proteínas dos fármacos testados (digoxina, fenitoín a, varfarina ou indometacina). sinvastatina: a coadministração de múltiplas doses de 10 mg de anlodipino com 80 mg de sinvastatina resultou em um aumento de 77% na exposição à sinvastatina em comp aração com a sinvastatina isolada.",-1,-1.0,varfarina; sinvastatina; digoxina; anlodipino,13.0,1
mesilato de imatinibe,ADVERTÊNCIAS E PRECAUÇÕES,"Tome cuidado ao utilizar mesilato de imatinibe com rifampicina ou outros indutores potentes de CYP3A4, cetoconazol ou outros inibidores potentes de CYP3A4, substratos de CYP3A4 com uma janela terapêutica estreita (por exemplo, ciclosporina ou pimozida) ou substratos de CYP2C9 com uma janela terapêutica estreita (por exemplo, varfarina e outros derivados cumarínicos) (vide “ Interações medicamentosas ”).",-1,-1.0,varfarina; ciclosporina; cetoconazol; rifampicina,13.0,1
mesilato de imatinibe,INTERAÇÕES MEDICAMENTOSAS,"Outras interações que podem afetar a exposição ao mesilato de imatinibe ou outros medicamentos Medicamentos que podem aumentar as concentrações plasmáticas de imatinibe: As substâncias que inibem a atividade da isoenzima CYP3A4 do citocromo P450 (ex.: cetoconazol, itraconazol, eritromicina, claritromicina) poderiam diminuir o metabolismo e aumentar as concentrações de imatinibe.",-1,-1.0,eritromicina; claritromicina; cetoconazol; itraconazol,13.0,1
mesilato de imatinibe,ADVERTÊNCIAS E PRECAUÇÕES,"Tome cuidado ao utilizar mesilato de imatinibe com rifampicina ou outros indutores potentes de CYP3A4, cetoconazol ou outros inibidores potentes de CYP3A4, substratos de CYP3A4 com uma janela terapêutica estreita (por exemplo, ciclosporina ou pimozida) ou substratos de CYP2C9 com uma janela terapêutica estreita (por exemplo, varfarina e outros derivados cumarínicos) (vide “ Interações medicamentosas ”).",-1,-1.0,varfarina; ciclosporina; cetoconazol; rifampicina,13.0,1
mesilato de imatinibe,INTERAÇÕES MEDICAMENTOSAS,"Outras interações que podem afetar a exposição ao mesilato de imatinibe ou outros medicamentos Medicamentos que podem aumentar as concentrações plasmáticas de imatinibe: As substâncias que inibem a atividade da isoenzima CYP3A4 do citocromo P450 (ex.: cetoconazol, itraconazol, eritromicina, claritromicina) poderiam diminuir o metabolismo e aumentar as concentrações de imatinibe.",-1,-1.0,eritromicina; claritromicina; cetoconazol; itraconazol,13.0,1
ritonavir,INTERAÇÕES MEDICAMENTOSAS,"Tabel a 2: Efeito s na AUC e Cmáx na coadministração de ritonavir com outro s fármacos Fárma co Dosa gem de ritonavir n AUC % (95% de intervalo de confiança) Cmáx (95% de intervalo de confiança) claritromicina 500 mg 12/12 h por 4 dias 200 mg 8/8 h por 4 dias 22 ↑ 12% (2,23%) ↑ 15% (2,28%) didanosina 200 mg 12/12 h por 4 dias 600 mg 12/12 h por 4 dias 12 ↔ ↔ fluconazol 400 mg/1º dia e 200 mg/dia por 4 dias 200 mg 6/6 h por 4 dias 8 ↑ 12% (5,20%) ↑ 15% (7,22%) fluoxetina 30 mg 12/12 h por 8 dias 600 mg dose única 16 ↑ 19% (7,34%) ↔ rifampicina 600 mg ou 300 mg/dia por 10 dias 500 mg 12/12 h por 20 dias 7,9* ↓ 35% (7,55%) ↓25% (-5,46%) zidovudina 200 mg 8/8 h por 4 dias 300 mg 6/6 h por 4 dias 10 ↔ ↔ ↑ indica “aumento” ↓ indica “redução” ↔ indica “sem alterações” * Desenho de grupo paralelo, indivíduos receben do regimes de combinação e controle, respectivamente.",-1,-1.0,claritromicina; fluoxetina; fluconazol; rifampicina,13.0,1
voriconazol,INTERAÇÕES MEDICAMENTOSAS,"Consulte a bula do produto mavacanteno para obter mais informações. cimetidina (400 mg duas vezes ao dia) [inibidor não específico da CYP450 e eleva o pH gástrico] voriconazol C máx ↑18% voriconazol AUC  ↑23% Sem ajuste da dose digoxina (0,25 mg uma vez ao dia) [substrato da P -gp] digoxina C máx ↔ digoxina AUC ↔ Sem ajuste da dose indinavir (800 mg três vezes ao dia) [inibidor e substrato da CYP3A4] indinavir C máx ↔ indinavir AUC ↔ voriconazol C máx ↔ voriconazol AUC ↔ Sem ajuste da dose Antibióticos macrolídeos eritromicina (1 g duas vezes ao dia) [inibidor da CYP3A4] azitromicina (500 mg QD) voriconazol C máx e AUC↔ voriconazol C máx e AUC↔ Sem ajuste da dose Medicamento [mecanismo de interação] Interação Alterações da média geométrica (%) Recomendações referentes à coadministração O efeito de voriconazol sobre a eritromicina ou a azitromicina é desconhecido. ácido micofenólico (1 g dose única) [substrato da UDP -glicuronil transferase] ácido micofenólico C máx ↔ ácido micofenólico AUCt ↔ Sem ajuste da dose Corticoster oides prednisolona (60 mg dose única) [substrato da CYP3A4] prednisolona C máx ↑11% prednisolona AUC 0-∞ ↑34% Sem ajuste da dose Os pacientes em tratamento a longo prazo com voriconazol e corticosteroides (incluindo corticosteroides inalados, como por exemplo , budesonida) devem ser cuidadosamente monitorados quanto à disfunção do córtex adrenal durante o tratamento e quando o voriconazol é interrompido (vide item 5.",-1,-1.0,eritromicina; digoxina; cimetidina; corticosteroides,13.0,1
carbamazepina,INTERAÇÕES MEDICAMENTOSAS,"Antipsicóticos: clozapina, haloperidol e bromperidol, olanzapina, quetiapina, risperidona, ziprasidona, aripiprazol, paliperidona.",-1,-1.0,haloperidol; risperidona; quetiapina; olanzapina,13.0,
carbamazepina,INTERAÇÕES MEDICAMENTOSAS,"Fármacos cardiovasculares: bloqueadores dos canais de cálcio (grupo diidropiridina), por ex.: felodipina, digoxina, sinvastatina, atorvastatina, lovastatina, cerivastatina, ivabradina Corticos teroides: corticosteroides (por ex.: prednisolona, dexametasona).",-1,-1.0,sinvastatina; atorvastatina; digoxina; corticosteroides,13.0,
fluconazol,INTERAÇÕES MEDICAMENTOSAS,"Podem ser necessários ajustes da dose da carbamazepina dependendo de determinações da concentração/efeito. bloqueadores do canal de cálcio: determinados antagonistas de canal de cálcio di- hidropiridínicos (nifedipino, isradipino, anlodipino, verapamil e felodipino) são metabolizados pela CYP3A4.",-1,-1.0,carbamazepina; nifedipino; anlodipino; verapamil,13.0,1
isofarma-solução de cloreto de potássio,INTERAÇÕES MEDICAMENTOSAS,"Observar as informações abaixo sobre a administração da Isofarma - solução de cloreto de potássio com estas substâncias e medicamentos: - com a anfotericina B, pois são incompatíveis; - os corticoides e o ACTH podem diminuir os efeitos dos suplementos de potássio; - os diuréticos tiazídicos e retentores de potássio, os inibidores da ECA, AINE, bloqueadores beta -adrenérgicos, ciclosporina, heparina e medicamentos contendo potássio podem aumentar a concentração sérica de potássio com risco de causar hipercalemia; - o captopril e o enalapril podem produzir hiperpotassemia.",-1,-1.0,ciclosporina; captopril; enalapril; aine,13.0,1
fluconazol,INTERAÇÕES MEDICAMENTOSAS,"Podem ser necessários ajustes da dose da carbamazepina dependendo de determinações da concentração/efeito. bloqueadores do canal de cálcio: determinados antagonistas de canal de cálcio di -hidropiridínicos (nifedipino, isradipino, anlodipino, verapamil e felodipino) são metabolizados pela CYP3A4.",-1,-1.0,carbamazepina; nifedipino; anlodipino; verapamil,13.0,1
fosfato dissodico de dexametasona,INTERAÇÕES MEDICAMENTOSAS,"A literatura cita ainda as seguintes interações, ap esar de não possuírem significância clínica relatada: - o ácido acetilsalicílico deve ser usado com caute la em conjunto com corticosteroides em hipoprotrombinemia. - fenitoína, fenobarbital, efedrina e rifampicina p odem acentuar a depuração metabólica dos corticosteroides, resultando em níveis sanguíneos d iminuídos e atividade fisiológica diminuída, requerendo portanto, ajuste na posologia de cortico steroide. - em pacientes que simultaneamente recebem corticos teroides e anticoagulantes cumarínicos, deve-se verificar frequentemente o tempo de protrom bina pois há referências ao fato de os corticosteroides alterarem a resposta a estes antic oagulantes.",-1,-1.0,rifampicina; fenobarbital; anticoagulantes; corticosteroides,13.0,1
besilato de anlodipino,CONTRAINDICAÇÕES,"Dados in vitro de estudos com plasma humano indi cam que o anlodipino não afeta a ligação às proteínas dos fármacos testados ( digoxina, fenitoína, varfarina ou indometacina). sinvastatina: a coadministração de múltiplas doses de 10mg de anlodipino com 80mg de sinvastatina resultou em um aumento de 77% na exposição à sinva statina em comparação com a sinvastatina isolada.",-1,-1.0,varfarina; sinvastatina; digoxina; anlodipino,13.0,1
besilato de anlodipino,CONTRAINDICAÇÕES,"Inibidores fortes de CYP3A4 ( por ex. cetoconazol, itraconazol, ritonavir) podem aumentar as concentrações plasmát icas do anlodipino por uma extensão superior ao diltiazem.",-1,-1.0,cetoconazol; itraconazol; anlodipino; diltiazem,13.0,1
cloridrato de verapamil,INTERAÇÕES MEDICAMENTOSAS,"Antibacterianos claritromicina Possível aumento nos níveis de verapamil --- eritromicina Possível aumento dos níveis de verapamil --- rifampicina Diminui ASC (~97%), C max (~94%) e biodisponibilidade oral (~92%) do verapamil.",-1,-1.0,eritromicina; claritromicina; rifampicina; verapamil,13.0,1
cimetidina,INTERAÇÕES MEDICAMENTOSAS,"A inibição dessas enzimas po de resultar em aumento dos níveis plasmáticos de certas drogas, incluindo anticoagula ntes cumarínicos (por exemplo, varfarina), antidepressivos tricíclicos (como amitr iptilina), antiarrítmicos classe I (por exemplo, lidocaína, quinidina), bloqueadores de can ais de cálcio (como diltiazem), sulfonilureias (por exemplo, glipizida), fenitoína, teofilina, metoprolol, ciclosporina, tacrolimus e diazepam. 2) Inibição da secreção tubular renal, via transpor te catiônico orgânico (TCO) de proteínas.",-1,-1.0,varfarina; ciclosporina; diazepam; diltiazem,13.0,1
digoxina,INTERAÇÕES MEDICAMENTOSAS,"Os níveis séricos de digoxina podem aumentar devido à administração concomitante das seguintes drogas: amiodarona, flecainida, prazosina , propafenona, quinidina, espironolactona, antibióticos macrolídeos (como eritromicina e clari tromicina), tetraciclina e possivelmente outros antibióticos, gentamicina, itraconazol, quin ina, trimetoprima, alprazolam, indometacina, propantelina, nefazodona, atorvastatina, ciclospori na, epoprostenol (transitório) e carvedilol.",-1,-1.0,eritromicina; atorvastatina; itraconazol; amiodarona,13.0,1
valproato de sodio,INTERAÇÕES MEDICAMENTOSAS,"Considerar a diminuição da dose de amitriptilina/nortriptilina na presença de valproato. -carbamazepina (CBZ)/carbamazepina -10,11 -epóxido (CBZ -E): níveis sanguíneos de CBZ diminuíram 17% enquanto que os de CBZ -E aumentaram em torno de 45% na administração em conjunto do valp roato de sódio e da CBZ em pacientes epilépticos. -clonazepam: o uso concomitante de valproato de sódio e de clonazepam pode levar a estado de ausência em pacientes com história desse tipo de crises convulsivas. -diazepam: a administração conjunta de valproato de sódio aumentou a fração livre de diazepam. -etossuximida: o valproato de sódio inibe o metabolismo de etossuximida. -lamotrigina: sua dose deverá ser reduzida quando administrada em conjunto com valproato de sódio. -fenobarbital: o valproato d e sódio inibe o metabolismo do fenobarbital.",-1,-1.0,diazepam; clonazepam; carbamazepina; fenobarbital,13.0,1
carbamazepina,INTERAÇÕES MEDICAMENTOSAS,"Antipsicóticos: clozapina, haloperidol e bromperido l, olanzapina, quetiapina, risperidona, ziprasidona, aripiprazol, paliperidona.",-1,-1.0,haloperidol; risperidona; quetiapina; olanzapina,13.0,
fenitoína,INTERAÇÕES MEDICAMENTOSAS,"Eslicarbazepina, topiramato, cimetidina, omeprazol, estiripentol e fluoxetina podem levar a uma exposição elevada de fenitoína. -ácido valproico: quando coadministrado com a fenitoína, o ácido valp roico reduz a concentração plasmática total de fenitoína.",-1,-1.0,omeprazol; fluoxetina; valproico; cimetidina,13.0,1
cloridrato de metformina,INTERAÇÕES MEDICAMENTOSAS,"A coadministração de metformina com: -Substratos/inibidores de OCT1 (como verapamil) podem re duzir a eficácia de metformina. -Indutores do OCT1 (como a rifampicina) podem aumentar a absorção gastrointestinal e a eficácia. -Substratos/inibidores de OCT2 (como cimetidina, dolutegravir, crizotinibe, olaparibe, daclatasvir, vandetanibe) podem diminui r a eliminação renal da metformina e assim levar a uma concentração aumentada de metformina no plasma.",-1,-1.0,metformina; rifampicina; verapamil; cimetidina,13.0,1
fenitoína sódica,INTERAÇÕES MEDICAMENTOSAS,"Eslicarbazepina, topiramato, cimetidina, omeprazol, estiripentol e fluoxetina podem levar a uma exposição elevada de fenitoí na. -ácido valproico : quando coadministrado com a fenitoína, o ácido valproico reduz a concentração plasmática total de fenitoína.",-1,-1.0,omeprazol; fluoxetina; valproico; cimetidina,13.0,1
lansoprazol claritromicina amoxicilina,INTERAÇÕES MEDICAMENTOSAS,"Efeitos de outros medicamentos na terapia com claritromicina Fármacos indutores da CYP3A4 como, por exemplo, rifampicina, fenitoína, carbamazepina, fenobarbital e erva de Sã o João, podem induzir o metabolismo da claritromicina.",-1,-1.0,claritromicina; carbamazepina; rifampicina; fenobarbital,13.0,1
lansoprazol claritromicina amoxicilina,INTERAÇÕES MEDICAMENTOSAS,"Advertências e precauções” ), antipsicóticos atípicos (ex. que tiapina, lurasidona), hidroxicloroquina e cloroquina, alcaloides do ergot, alprazolam, astemizol, carbamazepina, cilostazol, cisaprida, metilprednisolona, omeprazol, pimozida, quinidina, sildenafila, sinvastatina, terfenadina, triazolam, sirolimo, tacrolim o, lovastatina, disopiramida, midazolam, ciclosporina, vimblastina, rifabutina, ticagrelor, ivabradina e ranolazina.",-1,-1.0,ciclosporina; omeprazol; sinvastatina; carbamazepina,13.0,
lansoprazol claritromicina amoxicilina,INTERAÇÕES MEDICAMENTOSAS,"Efeitos de outros medicamentos na terapia com claritromicina Fármacos indutores da CYP3A4 como, por exemplo , rifampicina, fenitoína, carbamazepina, fenobarbital e erva de São João, podem induzir o metabolismo da claritromicina.",-1,-1.0,claritromicina; carbamazepina; rifampicina; fenobarbital,13.0,1
hemitartarato de zolpidem,INTERAÇÕES MEDICAMENTOSAS,"Outros medicamentos : Quando o zolpidem foi administrado junto com a varfarina, a digoxina, a ranitidina ou a cimetidina, nenhuma int eração farmacocinética foi observada.",-1,-1.0,varfarina; digoxina; cimetidina; ranitidina,13.0,0
celecoxibe,INTERAÇÕES MEDICAMENTOSAS,"Entre os pacientes que receberam concomitantemente celecoxibe 200mg duas vezes ao dia, 48% foram considerados não responsivos ao lisinopril na visita clínica final (definido como pressão arterial diastólica medida com manguito >90mmHg ou pressão arterial diastólica medida com manguito aumentada em >10% em relação à linha de ba se), em comparação com 27% dos pacientes que receberam placebo concomitante; essa diferença foi estatisticamente significativa. -ciclosporina: devido ao seu efeito sobre as prostaglandinas renai s, os AINEs podem aumentar o risco de nefrotoxicidade associada à ciclosporina. - fluconazol e cetoconazol: A administração concomitante de fluconazol, 200mg/ dia, resultou em um aumento de duas vezes a concentração plasmáti ca de celecoxibe.",-1,-1.0,ciclosporina; cetoconazol; fluconazol; aines,13.0,1
bromidrato de citalopram,INTERAÇÕES MEDICAMENTOSAS,"O citalopram e desmetilcitalopram são insignificantes in ibidores da CYP2C9, CYP2E1 e CYP3A4, e inibidores fracos da CYP1A2, CYP2C19 e CYP2D6 quando em comparação com outros ISRS estabelecidos como inibidores significantes . levomepromazina, digoxina, carbamazepina : Nenhuma mudança ou apenas mudanças muito pequen as de pouca importância clínica foram observadas quando o citalopram foi dado com substratos CYP1A2 (clozapina e teofilina), CYP2C9 (varfarina), CYP2C19 (imipramina e mefenitoína ), CYP2D6 (esparteína, imipramina, amitriptilina, risperidona) e CYP3A4 (varfa rina, carbamazepina (e seu metabólito carbamazepina epoxido) e triazolam.",-1,-1.0,varfarina; carbamazepina; digoxina; risperidona,13.0,0
pantoprazol,INTERAÇÕES MEDICAMENTOSAS,"Os estudos de interação com fármacos que também são metabolizados com estas vias, como a carbamazepina, diazepam, glibenclamida, nifedipino, fenitoína e um contraceptivo oral contendo levonorgestrel e etinilestradiol, não mostraram interações clín icas significativas.",-1,-1.0,diazepam; carbamazepina; glibenclamida; nifedipino,13.0,0
glimepirida,INTERAÇÕES MEDICAMENTOSAS,"INTERAÇÕES MEDICAMENTOSAS Com base na experiência do uso de glimepirida e no que se conhece dos medicamentos de mesma classe, as seguintes interações devem ser considera das: -medicamento-medicamento: Aumento do efeito hipoglicemiante e, portanto, em a lguns casos, pode ocorrer hipoglicemia quando um dos seguintes fármacos é administrado: Insulina ou outro antidiabético oral; inibidores da ECA; esteroides anabolizantes e hormônios sexuais masculinos; cloranfenicol; derivados cumarí nicos; ciclofosfamidas; disopiramida; fenfluramina; feniramidol; fibratos; fluoxetina; gu anetidina; ifosfamida; inibidores da MAO; miconazol; fluconazol; ácido para-aminosalicílico; pentoxifilina (uso parenteral em doses elevadas); fenilbutazona; azapropazona; oxifembutaz ona; probenicida; quinolonas; salicilatos; sulfimpirazona; claritomicina; antibióticos sulfona mídicos; tetraciclinas; tritoqualina; trofosfamida.",-1,-1.0,fluoxetina; fluconazol; insulina; fibratos,13.0,1
cloridrato de verapamil,ADVERTÊNCIAS E PRECAUÇÕES,"Antibacterianos Claritromicina Possível aumento nos níveis de verapamil --- Eritromicina Possível aumento dos níveis de verapamil --- Rifampicina Diminui AS C (~97%), Cmax (~94%) e biodisponibilidade oral (~92%) do verapamil O efeito hipotensor do verapamil pode ser reduzido.",-1,-1.0,eritromicina; claritromicina; rifampicina; verapamil,13.0,1
cloridrato de verapamil,ADVERTÊNCIAS E PRECAUÇÕES,"Podem ocorrer efeitos colaterais relativos a carbamazepina, como diplopia, cefaléia, ataxia ou tontura. fenitoína Diminui concentração de verapamil no plasma --- Antidepressivo imipramina Aumenta ASC da imipramina (~15%) Nenhum efeito no nível do metabólito ativo, desipramina Antidiabéticos glibenclamida Aumenta Cmax (~28%), ASC (~26%) da glibenclamida --- Antigotosos colchicina Aumenta ASC (~2 vezes) e Cmax (~1,3 vezes) Reduz a dose de colchicina.",-1,-1.0,carbamazepina; glibenclamida; verapamil; colchicina,13.0,1
fumarato de formoterol di-hidratado budesonida,INTERAÇÕES MEDICAMENTOSAS,"Medicamentos: claritromicina, eritromicina, itraconazol, cetoconazol.",-1,-1.0,eritromicina; claritromicina; cetoconazol; itraconazol,13.0,1
fumarato de formoterol di-hidratado budesonida,INTERAÇÕES MEDICAMENTOSAS,"Medicamentos: claritromicina, eritromicina, itraconazol, cetoconazol.",-1,-1.0,eritromicina; claritromicina; cetoconazol; itraconazol,13.0,1
fumarato de formoterol di-hidratado budesonida,INTERAÇÕES MEDICAMENTOSAS,"Medicamentos: claritromicina, eritromicina, itraconazol, cetoconazol.",-1,-1.0,eritromicina; claritromicina; cetoconazol; itraconazol,13.0,1
levofloxacino,INTERAÇÕES MEDICAMENTOSAS,"A farmacocinética do levofloxacino hemi - hidratado não foi afetada em qualquer proporção clinicamente significante quando esta foi administrada concomitantemente às seguintes drogas: carbonato de cálcio, digoxina, glibenclamida, ranitidina e varfarina.",-1,-1.0,varfarina; digoxina; glibenclamida; ranitidina,13.0,0
cloridrato de donepezila,INTERAÇÕES MEDICAMENTOSAS,"O metabolismo do cloridrato de donepezila não é alterado pela administração concomitante de digoxina, cimetidina, tioridazina, risperidona e sertralina.",-1,-1.0,sertralina; digoxina; risperidona; cimetidina,13.0,0
prednisona,INTERAÇÕES MEDICAMENTOSAS,"A coadministração de prednisona com inibidores potentes da CYP3A4 (por exemplo, produtos que contenham cetoconazol, itraconazol, claritromicina, ritonavir e cobicistate) pode levar ao aumento da concentração plasmática dos corticosteroides e possibilitar o aumento do risco de efeitos colaterais sistêmicos dos corticosteroides.",-1,-1.0,claritromicina; cetoconazol; itraconazol; corticosteroides,13.0,1
cloridrato de fluoxetina,INTERAÇÕES MEDICAMENTOSAS,"Ligação às proteínas do plasma - devido ao fato da fluoxetina estar firmemente ligada às proteínas do plasma , a administração de fluoxetina a um paciente que esteja tomando outra droga que seja firmemente ligada às proteínas plasmáticas pode causar uma mudança nas concentrações plasmáticas da mesma (ex: ácido acetilsalicílico, fenitoína, diclofenaco, diazepam) . varfarina - efeitos anticoagulantes alterados (valores de laboratório e/ou sinais clínicos e sintomas), incluindo sangramento, sem um padrão consistente, foram reportados com pouca frequência quando a fluoxetina e a varfarina foram coadministradas .",-1,-1.0,varfarina; fluoxetina; diazepam; anticoagulantes,13.0,1
bromidrato de citalopram,INTERAÇÕES MEDICAMENTOSAS,"Levomepromazina, digoxina, carbamazepina Nenhuma mudança ou apenas mudanças muito pequenas de pouca importância clínica foram observados quando o citalopram foi dado com substratos CYP1A2 (clozapina e teofilina), CYP2C9 (varfarina), CYP2C19 (imipramina e mefenitoína ), CYP2D6 (esparteína, imipramina, amitriptilina, a risperidona) e CYP3A4 (varfarina, carbamazepina e seu metabólito carbamazepina epoxidop) e triazolam.",-1,-1.0,varfarina; carbamazepina; digoxina; risperidona,13.0,0
domperidona,CONTRAINDICAÇÕES,"A administração concomitante de domperidona com inibidores potentes do CYP3A4 que demonstraram causar um prolongamento do intervalo QT, tais como claritromicina, eritromicina, itraconazol, cetoconazol oral, posaconazol, ritonavir, saquinavir, telitromicina, telaprevir e voriconazol, é contraindicada (vide “Advertências e Precauções” e “Interações Medicamentosas”).",-1,-1.0,eritromicina; claritromicina; cetoconazol; itraconazol,13.0,2
mesilato de imatinibe,ADVERTÊNCIAS  E PRECAUÇÕES,"Tome cuidado ao utilizar mesilato de imatinibe com rifampicina ou outros indutores potentes de CYP3A4, cetoconazol ou outros inibidores potentes de CYP3A4, substratos de CYP3A4 com uma janela terapêutica estreita (por exemplo, ciclosporina ou pimozida) ou substratos de CYP2C9 com uma janela terapêutica estreita (por exemplo, varfarina e outros derivados cumarínicos) (vide “Interações medicamentosas”).",-1,-1.0,varfarina; ciclosporina; cetoconazol; rifampicina,13.0,1
mesilato de imatinibe,INTERAÇÕES  MEDICAMENTOSAS,"Medicamentos que podem aumentar as concentrações plasmáticas de imatinibe: As substâncias que inibem a atividade da isoenzima CYP3A4 do citocromo P450 (ex.: cetoconazol, itraconazol, eritromicina, claritromicina) poderiam diminuir o metabolismo e aumentar as concentrações de imatinibe.",-1,-1.0,eritromicina; claritromicina; cetoconazol; itraconazol,13.0,1
prednisona,INTERAÇÕES MEDICAMENTOSAS,"A coadministração de prednisona com inibidores potentes da CYP3A4 (por exemplo, produtos que contenham cetoconazol, itraconazol, claritromicina, ritonavir e cobicistate) pode levar ao aumento da concentração plasmática dos corticosteroides e possibilitar o aumento do risco de efeitos colaterais sistêmicos dos corticosteroides.",-1,-1.0,claritromicina; cetoconazol; itraconazol; corticosteroides,13.0,1
carbamazepina,INTERAÇÕES  MEDICAMENTOSAS,"Antipsicóticos: clozapina, haloperidol e bromperidol, olanzapina, quetiapina, risperidona, ziprasidona, aripiprazol, paliperidona.",-1,-1.0,haloperidol; risperidona; quetiapina; olanzapina,13.0,
carbamazepina,INTERAÇÕES  MEDICAMENTOSAS,"Fármacos cardiovasculares: bloqueadores dos canais de cálcio (grupo diidropiridina), por ex.: felodipin a, digoxina, sinvastatina, atorvastatina, lovastatina, cerivastatina, ivabradina Corticosteroides: corticosteroides (por ex.: prednisolona, dexametasona).",-1,-1.0,sinvastatina; atorvastatina; digoxina; corticosteroides,13.0,
valsartana besilato de anlodipino,INTERAÇÕES MEDICAMENTOSAS,"Entretanto, os inibidores fortes da CYP3A4 (por ex.: cetoconazol, itraconazol e ritonavir) podem aumentar as concentrações plasmáticas de anlodipino para uma extensão maior que diltiazem.",-1,-1.0,cetoconazol; itraconazol; anlodipino; diltiazem,13.0,1
atorvastatina cálcica,INTERAÇÕES MEDICAMENTOSAS,"INTERAÇÕES MEDICAMENTOSAS O risco de miopatia durante o tratamento com inib idores da HMG-CoA redutase se apresenta aumentado com a administração concomitante de ciclosporina, fibratos, niacina em do ses que alteram o perfil lipídico ou inibidores de citocromo P450 3A4/ transportadores, (por exemplo, eritromicina e antifúngicos azólicos) (vide “POSOLOGIA E MODO DE USAR: Uso combinado com outros medicamentos” e “Advertências e Precauções: Efeitos na Musculatura Esquelética”).",-1,-1.0,ciclosporina; eritromicina; niacina; fibratos,13.0,1
pantoprazol sódico sesqui-hidratado,INTERAÇÕES MEDICAMENTOSAS,"Os estudos de interação com fármacos que também são metabolizados com estas vias, como a carbamazepina, diazepam, glibenclamida, nifedipino, fenitoína e um contraceptivo oral contendo levonorgestrel e etinilestradiol, não se observaram interações clínicas significativas.",-1,-1.0,diazepam; carbamazepina; glibenclamida; nifedipino,13.0,0
clonixinato de lisina,INTERAÇÕES  MEDICAMENTOSAS,"Nestes casos, pode ser necessário alterar as doses de um ou de outro ou mesmo modificar o tratamento. • Sais de lítio: usados no tratamento de transtornos bipolares. • Anti- hipertensivos: usados para tratamento da pressão alta. • Diuréticos (por ex., hidroclorotiazida, indapamida, clortalidona): usados para aumentar a secreção de urina. • Anti- inflamatórios não esteroides. • Corticosteroides (por ex., hidrocortisona, prednisona, prednisolona, dexametasona): usados no tratamento de doenças inflamatórias. • Anticoagulantes orais, ticlopidina, heparina e trombolíticos (por ex., estreptoquinase, alteplase, tenectplase e reteplase): usados para impedir a formação de coágulos de sangue dentro dos vasos sanguíneos. • metotrexato: usado no tratamento do câncer e outras doenças, como artrite reumatoide.",-1,-1.0,metotrexato; hidroclorotiazida; anticoagulantes; corticosteroides,13.0,1
cloridrato de tansulosina,INTERAÇÕES MEDICAMENTOSAS,"In vitro , nem diazepam, nem propranolol, triclormetiazida, clormadino na, amitriptilina, diclofenaco, glibenclamida, sinvastatina e nem varfarina modificam a fração livre da tansulosina no plasma humano.",-1,-1.0,varfarina; sinvastatina; diazepam; glibenclamida,13.0,0
sinvastatina,CONTRAINDICAÇÕES,"ADVERTÊNCIAS E PRECAUÇÕES, Gravidez e Lactação); • Administração concomitante de inibidores potentes do CYP3A4 (por exemplo, itraconazol, cetoconazol, posaconazol, voriconazol, inibidores da protease do HIV, boceprevir, telaprevir, eritromicina, claritromicina, telitromicina, nefazodona e medicamentos contendo cobicistate) (veja 5.",-1,-1.0,eritromicina; claritromicina; cetoconazol; itraconazol,13.0,2
sinvastatina,CONTRAINDICAÇÕES,"ADVERTÊNCIAS E PRECAUÇÕES, Gravidez e Lactação); • Administração concomitante de inibidores potentes do CYP3A4 (por exemplo, itraconazol, cetoconazol, posaconazol, voriconazol, inibidores da protease do HIV, boceprevir, telaprevir, eritromicina, claritromicina, telitromicina, nefazodona e medicamentos contendo cobicistate) (veja 5.",-1,-1.0,eritromicina; claritromicina; cetoconazol; itraconazol,13.0,2
sinvastatina,CONTRAINDICAÇÕES,"ADVERTÊNCIAS E PRECAUÇÕES, Gravidez e Lactação); • Administração concomitante de inibidores potentes do CYP3A4 (por exemplo, itraconazol, cetoconazol, posaconazol, voriconazol, inibidores da protease do HIV, boceprevir, telaprevir, eritromicina, claritromicina, telitromicina, nefazodona e medicamentos contendo cobicistate) (veja os itens 5.",-1,-1.0,eritromicina; claritromicina; cetoconazol; itraconazol,13.0,2
besilato de anlodipino losartana potássica,INTERAÇÕES MEDICAMENTOSAS,"Efeito da interação: aumento dos níveis séricos de anlodipina ou da exposição à anlodipino Medicamento: telaprevir, claritromicina Efeito da interação: diminuição de efeito antiplaquetário Medicamento: clopidogrel Efeito da interação: aumento da concentração sérica e aumento de risco de miopatias Medicamento: sinvastatina Efeito da interação: diminuição da exposição à 5-fluorouracila Medicamento: tegafur Efeito da interação: aumento da exposição e aumento de risco de prolongamento do intervalo QT Medicamento: domperidona Efeito da interação: diminuição de exposição aos substratos do CYP3A4 Medicamento: carbamazepina, dabrafenibe Efeito da interação: Alteração na concentração plasmática de anlodipino.",-1,-1.0,claritromicina; sinvastatina; carbamazepina; anlodipino,13.0,1
besilato de anlodipino losartana potássica,INTERAÇÕES MEDICAMENTOSAS,"Efeito de interação: aumento da concentração sérica de anlodipino e toxicidade (tontura, hipotensão, rubor, cefaleia, edema periférico) Medicamento: fluconazol, cetoconazol, itraconazol Efeito de interação: aumento da concentração sérica dos bloqueadores dos canais de cálcio.",-1,-1.0,cetoconazol; fluconazol; itraconazol; anlodipino,13.0,1
besilato de anlodipino,INTERAÇÕES MEDICAMENTOSAS,"Dados in vitro de estudos com plasma humano indicam que o anlodipino não afeta a ligação às proteínas dos fármacos testados (digoxina, fenitoína, varfarina ou indometacina). sinvastatina: a coadministração de múltiplas doses de 10 mg de anlodipino com 80 mg de sinvastatina resultou em um aumento de 77% na exposição à sinvastatina em comparação com a sinvastatina isolada.",-1,-1.0,varfarina; sinvastatina; digoxina; anlodipino,13.0,1
besilato de anlodipino,INTERAÇÕES MEDICAMENTOSAS,"Inibidores fortes d e CYP3A4 (por ex. cetoconazol, itraconazol, ritonavir) podem aumentar as concentrações plasmáticas do anlodipino por uma extensão superior ao diltiazem.",-1,-1.0,cetoconazol; itraconazol; anlodipino; diltiazem,13.0,1
divalproato de sódio,INTERAÇÕES  MEDICAMENTOSAS,"Deve -se considerar a diminuição da dose de amitriptilina/nortriptilina na presença de valproato. carbamazepina (CBZ)/carbamazepina -10,11 -epóxido (CBZ -E): os níveis séricos de CBZ diminuíram 17% enquanto que os de CBZ -E aumentaram em torno de 45% na coadministração de valproato e CBZ em pacientes epilépticos. clonazepam: o uso concomitante de ácido valproico e de clonazepam pode induzir estado de ausência em pacientes com história desse tipo de crises convulsivas. diazepam: o valproato desloca o diazepam de seus locais de ligação à albumina plasmática e inibe seu metabolismo.",-1,-1.0,diazepam; clonazepam; carbamazepina; valproico,13.0,1
celecoxibe,INTERAÇÕES  MEDICAMENTOSAS,"Entre os pacientes que receberam concomitantemente celecoxibe 200 mg duas vezes ao dia, 48% foram considerados não responsivos ao lisinopril na visita clínica final (definido como pressão arterial diastólica medida com manguito >90 mmHg ou pressão arterial diastólica medida com manguito aumentada em >10% em relação à linha de base), em comparação com 27% dos pacientes que receberam placebo concomitante; essa diferença foi estatisticamente significativa. - ciclosporina: Devido ao seu efeito sobre as prostaglandinas renais, os AINEs podem aumentar o risco de nefrotoxicidade associada à ciclosporina. - fluconazol e cetoconazol: A administração concomitante de fluconazol, 200 mg/dia, resultou em um aumento de duas vezes a concentração plasmática de celecoxibe.",-1,-1.0,ciclosporina; cetoconazol; fluconazol; aines,13.0,1
dicloridrato de levocetirizina,INTERAÇÕES MEDICAMENTOSAS,"INTERAÇÕES MEDICAMENTOSAS Não foram realizados estudos de interação com a levocetirizina (incluindo estudos com indutores da CYP 3A4); estudos realizados com o composto racêmico cetirizina demonstraram que não havia interações clinicamente relevantes com antipirina, pseudoefedrina, cimetidina, cetoconazol, eritromicina, azitromicina, glipizida e diazepam.",-1,-1.0,eritromicina; diazepam; cetoconazol; cimetidina,13.0,0
glimepirida,INTERAÇÕES MEDICAMENTOSAS,"INTERAÇÕES MEDICAMENTOSAS Com base na experiência do uso da glimepirida e no que se conhece dos medicamentos de mesma classe, as seguintes interações devem ser consideradas: - medicamento -medicamento: Aumento do efeito hipoglicemiante e, portanto, em alguns casos, pode ocorrer hipoglicemia quando um dos seguintes fármacos é administrado: Insulina ou outro antidiabético oral; inibidores da ECA; esteroides anabolizantes e hormônios sexuais masculinos; c loranfenicol; derivados cumarínicos; ciclofosfamidas; disopiramida; fenfluramina; feniramidol; fibratos; fluoxetina; guanetidina; ifosfamida; inibidores da MAO; miconazol; fluconazol; ácido paramino ssalicílico; pentoxifilina (uso parenteral em doses elevad as); fenilbutazona; azapropazona; oxifembutazona; proben ecida; quinolonas; salicilatos; sulfimpirazona; clarit romicina; antibióticos sulfonamídicos; tetraciclinas; tritoqualina; trofosfamida.",-1,-1.0,fluoxetina; fluconazol; insulina; fibratos,13.0,1
levetiracetam,INTERAÇÕES MEDICAMENTOSAS,"O efeito do levetiracetam sobre o probenecida não foi estudado e o efeito de levetiracetam sobre outros medicamentos secretados ativamente, exemplo, AINEs, sulfonamidas e metotrexato é desconhecido. - Contraceptivos orais e outras interações farmacocinéticas Levetiracetam 1000 mg por dia não influenciou a farmacocinética dos contraceptivos orais (etinilestradiol e levonorgestrel); os parâmetros endócrinos (hormônio luteinizante e progesterona) não sofreram alteração.",-1,-1.0,probenecida; metotrexato; contraceptivos; aines,13.0,0
levetiracetam,INTERAÇÕES  MEDICAMENTOSAS,"INTERAÇÕES MEDICAMENTOSAS - Medicamentos antiepilépticos Dados indicam que levetiracetam não influencia as concentrações séricas de medicamentos antiepilépticos existentes (fenitoína, carbamazepina, ácido valproico, fenobarbital, lamotrigina, gabapentina e primidona) e que estes medicamentos antiepilépticos não influenciam a farmacocinética de levetiracetam.",-1,-1.0,carbamazepina; fenobarbital; gabapentina; valproico,13.0,0
levetiracetam,INTERAÇÕES  MEDICAMENTOSAS,"O efeito do levetiracetam sobre o probenecida não foi estudado e o efeito de levetiracetam sobre outros medicamentos secretados ativamente, exemplo, AINEs, sulfonamidas e metotrexato é desconhecido. - Contraceptivos orais e outras interações farmacocinéticas Levetiracetam 1000 mg por dia não influenciou a farmacocinética dos contraceptivos orais (etinilestradiol e levonorgestrel); os parâmetros endócrinos (hormônio luteinizante e progesterona) não sofreram alteração.",-1,-1.0,probenecida; metotrexato; contraceptivos; aines,13.0,0
apixabana,INTERAÇÕES  MEDICAMENTOSAS,"Espera -se que substâncias ativas não consideradas inibidores potentes de ambos CYP3A4 e gpP (por exemplo: diltiazem, naproxeno, claritromicina, amiodarona, verapamil, quinidina) causem um aumento das concentrações plasmáticas de apixabana em menor grau.",-1,-1.0,claritromicina; diltiazem; verapamil; amiodarona,13.0,1
fluconazol,INTERAÇÕES MEDICAMENTOSAS,"Podem ser necessários ajustes da dose da carbamazepina dependendo de determinações da concentração/efeito. bloqueadores do canal de cálcio: determinados antagonistas de canal de cálcio di -hidropiridínicos (nifedipino, isradipino, anlodipino, verapamil e felodipino) são metabolizados pela CYP3A4.",-1,-1.0,carbamazepina; nifedipino; anlodipino; verapamil,13.0,1
pantoprazol sódico sesqui-hidratado,INTERAÇÕES MEDICAMENTOSAS,"Os estudos de interação com fármacos que também são metabolizados com estas vias, como a carbamazepina, diazepam, glibenclamida, nifedipino, fenitoína e um contraceptivo oral contendo levonorgestrel e etinilestradiol, não se observaram interações clínicas significativas.",-1,-1.0,diazepam; carbamazepina; glibenclamida; nifedipino,13.0,0
cloridrato de donepezila,INTERAÇÕES MEDICAMENTOSAS,"O metabolismo do cloridrato de donepezila não é alterado pela administração concomitante de digoxina, cimetidina, tioridazina, risperidona e sertralina.",-1,-1.0,sertralina; digoxina; risperidona; cimetidina,13.0,0
empagliflozina,ADVERTÊNC IAS E PRECAUÇÕES,"A farmacocinética da empagliflozina foi semelhante com e sem a coadministração de glimepirida, pioglitazona, sitagliptina, varfarina, verapamil, ramipril e sinvastatina em voluntários sadios e com ou sem coadministração de torasemida e hidroclorotiazida em pacientes com diabetes mellitus tipo 2.",-1,-1.0,varfarina; sinvastatina; hidroclorotiazida; verapamil,13.0,0
parecoxibe sódico,ADVERTÊNCIAS  E PRECAUÇÕES,"Os pacientes devem receber hidratação adequada e a necessidade de monitoração da função renal deve ser avaliada no início do tratamento concomitante e periodicamente desde então. - Diuréticos: estudos clínicos demonstraram que AINEs, em alguns pacientes, podem reduzir o efeito natriurético da furosemida e tiazídicos pela inibição da síntese renal de prostaglandinas. 9 - ciclosporina: devido a seu efeito sobre prostaglandinas renais, AINEs podem aumentar o risco de nefrotoxicidade com a ciclosporina. - metotrexato: foi conduzido um estudo de interação farmacocinética usando valdecoxibe e metotrexato e não foram encontradas interações clinicamente importantes.",-1,-1.0,ciclosporina; metotrexato; furosemida; aines,13.0,1
parecoxibe sódico,ADVERTÊNCIAS  E PRECAUÇÕES,"Foram também realizados estudos de interação entre valdecoxibe e glibenclamida (gliburida), contraceptivos orais (etinilestradiol/noretindrona), fenitoína, omeprazol e diazepam.",-1,-1.0,omeprazol; diazepam; glibenclamida; contraceptivos,13.0,0
besilato de levanlodipino,INTERAÇÕES MEDICAMENTOSAS,"INTERAÇÕES MEDICAMENTOSAS Embora não tenham sido relatados casos de interações medicamentosas com o uso concomitante de levanlodipino com diuréticos tiazídicos, ácido acetilsalicílico, anti- inflamatórios não esteroidais, nitratos de uso prolongado, nitroglicerina sublingual, betabloqueadores, estatinas, inibidores da ECA (enzima conversora de Angiotensina), digoxina, varfarina, antibióticos ou hipoglicemiantes orais , as seguintes interações foram relatadas com o uso de anlodipino racêmico: • O uso concomitante de bloqueadores dos canais de cálcio e betabloqueadores (como por exemplo, atenolol, carvedilol , propranolol ) pode causar hipotensão grave ou prejudicar o desempenho cardíaco. • Podem ocorrer interações entre bloqueadores dos canais de cálcio e amiodarona.",-1,-1.0,varfarina; digoxina; anlodipino; amiodarona,13.0,1
sinvastatina,CONTRAINDICAÇÕES,"ADVERTÊNCIAS E PRECAUÇÕES, Gravide z e Lactação ); • Administração concomitante de inibidores potentes do CYP3A4 (por exemplo, itraconazol, cetoconazol, posaconazol, voriconazol, inibidores de protease do HIV, boceprevir, telaprevir, eritromicina, claritromicina, telitromicina, nefazodona e medicamentos contendo cobicistate) (veja os itens 5.",-1,-1.0,eritromicina; claritromicina; cetoconazol; itraconazol,13.0,2
cloridrato de tansulosina,INTERAÇÕES MEDICAMENTOSAS,"In vitro, nem diazepam, propranolol, triclormetiazida, clormadinona, amitriptilina, diclofenaco, glibenclamida ou sinvastatina e varfarina modificam a fração livre d e tansulosina no plasma humano.",-1,-1.0,varfarina; sinvastatina; diazepam; glibenclamida,13.0,0
cloridrato de memantina,INTERAÇÕES MEDICAMENTOSAS,"Existe um relato de caso clínico publicado sobre um possível risco da combinação da memantina com a fenitoína. • Outras substâncias ativas como cimetidina, ranitidina, procaínamida, quinidina, quinina e nicotina, que utilizam o mesmo sistema de transporte renal de cátions que a amantadina, também poderão interagir com a memantina levando a um risco potencial de aumen to dos seus níveis séricos. • É possível que haja uma redução dos níveis séricos da hidroclorotiazida (HCT) quando esta, ou qualquer combinação contendo hidroclorotiazida, é administrada concomitantemente com a memantina. • Na experiência pós -comercialização foram notificados casos isolados de aumento da Relação Normalizada Internacional (RNI) em pacientes tratados concomitantemente com varfarina.",-1,-1.0,varfarina; hidroclorotiazida; cimetidina; ranitidina,13.0,1
cloridrato de tansulosina,INTERAÇÕES MEDICAMENTOSAS,"In vitro , nem diazepam, propranolol, triclormetiazi da, clormadinona, amitriptilina, diclofenaco, glibenclamida ou sinvastatina e varfarina modificam a fração livre de tansulosina no plasma humano.",-1,-1.0,varfarina; sinvastatina; diazepam; glibenclamida,13.0,0
cloridrato de donepezila,INTERAÇÕES MEDICAMENTOSAS,"O metabolismo do cloridrato de donepezila não é alterado pela administração concomitante de digoxina, cimetidina, tioridazina, risperidona e sertralina.",-1,-1.0,sertralina; digoxina; risperidona; cimetidina,13.0,0
cronobe complex,INTERAÇÕES MEDICAMENTOSAS,"Produtos contendo salicilatos, cloranfenicol, colchicina, isoniazida, aminoglicosídios, sulfametoxazol, metotrexato, eritromicina, anticonvulsionantes e suplementos de potássio, podem diminuir a absorção da vitamina B12. 7.",-1,-1.0,eritromicina; metotrexato; isoniazida; colchicina,13.0,1
cronobe complex im,INTERAÇÕES MEDICAMENTOSAS,"Produtos contendo salicilatos, cloranfenicol, colchicina, isoniazida, aminoglicosídios, sulfametoxazol, metotrexato, eritromicina, anticonvulsionantes e suplementos de potássio, podem diminuir a absorção da vitamina B12. 7.",-1,-1.0,eritromicina; metotrexato; isoniazida; colchicina,13.0,1
ativb,INTERAÇÕES MEDICAMENTOSAS,"INTERAÇÕES MEDICAMENTOSAS Medicamentos como antibióticos (penicilina, cefalexina, ciprofloxacina , sulfasalazina , aminoglicosídeos ), metformina, óxido nitroso, inibidores da bomba de prótons , antagonistas de receptores H 2, colchicina, anti- inflamatórios não esteroidais ( AINEs ) (ibuprofeno, ácido aminossalicílico) diminuem a absorção de mecobalamina .",-1,-1.0,ibuprofeno; metformina; colchicina; aines,13.0,1
defb,INTERAÇÕES MEDICAMENTOSAS,"INTERAÇÕES MEDICAMENTOSAS Medicamentos como antibióticos (penicilina, cefalexina, ciprofloxacina , sulfasalazina , aminoglicosídeos ), metformina, óxido nitroso, inibidores da bomba de prótons , antagonistas de receptores H 2, colchicina, anti- inflamatórios não esteroidais ( AINEs ) (ibuprofeno, ácido aminossalicílico) diminuem a absorção de mecobalamina .",-1,-1.0,ibuprofeno; metformina; colchicina; aines,13.0,1
mecobalamina,INTERAÇÕES MEDICAMENTOSAS,"INTERAÇÕES MEDICAMENTOSAS Medicamentos como antibióticos (penicilina, cefalexina, ciprofloxacina , sulfasalazina , aminoglicosídeos ), metformina, óxido nitroso, inibidores da bomba de prótons , antagonistas de receptores H 2, colchicina, anti- inflamatórios não esteroidais ( AINEs ) (ibuprofeno, ácido aminossalicílico) diminuem a absorção de mecobalamina .",-1,-1.0,ibuprofeno; metformina; colchicina; aines,13.0,1
furoato de mometasona,INTERAÇÕES MEDICAMENTOSAS,"A coadministração de furoato de mometasona com fortes inibidores da CYP3A4 (por exemplo, produtos que contenham cetoconazol, itraconazol, claritromicina, ritonavir e cobicistat e) pode levar ao aumento da concentração plasmática dos corticosteroides e potencialmente aumentar o risco de efeitos colaterais sistêmicos dos corticosteroides.",-1,-1.0,claritromicina; cetoconazol; itraconazol; corticosteroides,13.0,1
dicloridrato de levocetirizina,INTERAÇÕES MEDICAMENTOSAS,"INTERAÇÕES MEDICAMENTOSAS Não foram realizados estudos de interação com a levocetirizina (incluindo estudos com indutores da CYP 3A4); estudos realizados com o composto racêmico cetirizina demonstraram que não havia interações clinicamente relevantes com antipirina, pseudoefedrina, cimetidina, cetoconazol, eritromicina, azitromicina, glipizida e diazepam.",-1,-1.0,eritromicina; diazepam; cetoconazol; cimetidina,13.0,0
montelucaste de sódio dicloridrato de levocetirizina,INTERAÇÕES MEDICAMENTOSAS,"Levocetirizina Não há estudos de interação com a levocetirizina, e resultados de estudos demonstraram que não houve interações medicamentosas clinicamente relevantes com uso concomitante do composto racêmico de cetirizina com pseudoefedrina , antipirina , cimetidina, cetoconazol, eritromicina, azitromicina , glipizida e diazepam.",-1,-1.0,eritromicina; diazepam; cetoconazol; cimetidina,13.0,0
cloridrato de metformina,INTERAÇÕES MEDICAMENTOSAS,"A coadministração de metformina com: − Substratos/inibidores de OCT1 (como verapamil) podem reduzir a eficácia de metformina. − Indutores do OCT1 (como a rifampicina) podem aumentar a absorção gastrointestinal e a eficácia. − Substratos/inibidores de OCT2 (como cimetidina, dolutegravir, crizotinibe, olaparibe, daclatasvir, vandetanibe) podem diminui r a eliminação renal da metformina e assim levar a uma concentração aumentada de metformina no plasma.",-1,-1.0,metformina; rifampicina; verapamil; cimetidina,13.0,1
tacrolimo,ADVERTÊNCIAS E PRECAUÇÕES,"Uso com inibidores e indutores do CYP3A4 Quando substâncias com potencial de interação, particularmente, fortes inibidores do CYP3A4 (por exemplo: telaprevir, boceprevir, ritonavir, cetoconazol, voriconazol, itraconazol, telitromicina ou claritromicina) ou indutores do CYP3A4 (por exemplo: rifampicina, rifabutina), são combinadas com tacrolimo , as concentrações sanguíneas de tacrolimo devem ser monitoradas para ver se há necessidade de ajuste da dose, de modo a manter uma exposição semelhante de tacrolimo .",-1,-1.0,claritromicina; cetoconazol; itraconazol; rifampicina,13.0,
mesilato de imatinibe,ADVERTÊNCIAS E PRECAUÇÕES,"Tome cuidado ao utilizar mesilato de imatinibe com rifampicina ou outros indutores potentes de CYP3A4, cetoconazol ou outros inibidores potentes de CYP3A4, substratos de CYP3A4 com uma janela terapêutica estreita (por exemplo, ciclosporina ou pimozida) ou substratos de CYP2C9 com uma janela terapêutica estreita (por exemplo, varfarina e outros derivados cumarínicos) (vide “Interações medicamentosas”).",-1,-1.0,varfarina; ciclosporina; cetoconazol; rifampicina,13.0,
mesilato de imatinibe,INTERAÇÕES MEDICAMENTOSAS,"Outras interações que podem afetar a exposição ao mesilato de imatinibe ou outros medicamentos Medicamentos que podem aumentar as concentrações plasmáticas de imatinibe: As substâncias que inibem a atividade da isoenzima CYP3A4 do citocromo P450 (ex.: cetoconazol, itraconazol, eritromicina, claritromicina) poderiam diminuir o metabolismo e aumentar as concentrações de imatinibe.",-1,-1.0,eritromicina; claritromicina; cetoconazol; itraconazol,13.0,
everolimo,CONTRAINDICAÇÕES,"Interação com fortes inibidores, indutores da CYP3A4 Não é recomendada a coadministração com fortes inibidores da CYP3A4 (por exemplo, cetoconazol, itraconazol, voriconazol, claritromicina, telitromicina, ritonavir) e indutores (por Página 25 de 41 Instituto de Tecnologia em Fármacos - Farmanguinhos | Fiocruz – Avenida Comandante Guaranys, 447 Jacarepaguá • Rio de Janeiro • RJ • Brasil • CEP 22775 -903 • Tel.: +55 (21) 3348 -5050 comunicacao.far@fiocruz.br • www.far.fiocruz.br DMG -FAR-PRO-EVE-002-2026 exemplo, rifampicina, rifabutina) a menos que os benefícios superem os possíveis riscos.",-1,-1.0,claritromicina; cetoconazol; itraconazol; rifampicina,13.0,
everolimo,INTERAÇÕES  MEDICAMENTOSAS,"Interações antecipadas a serem consideradas Interações que afetam o uso de everolimo - Indutores moderados de CYP3A4 Indutores da CYP3A4 podem aumentar o metabolismo de everolimo e reduzir os níveis sanguíneos de everolimo (por exemplo: erva de São João ( Hypericum perforatum ); anticonvulsivantes: carbamazepina, fenobarbital, fenitoína;medicamentos anti-HIV (por exemplo, efavirenz, nevirapina)). - Inibidores moderados de CYP3A4 Página 30 de 41 Instituto de Tecnologia em Fármacos - Farmanguinhos | Fiocruz – Avenida Comandante Guaranys, 447 Jacarepaguá • Rio de Janeiro • RJ • Brasil • CEP 22775 -903 • Tel.: +55 (21) 3348 -5050 comunicacao.far@fiocruz.br • www.far.fiocruz.br DMG -FAR-PRO-EVE-002-2026 Inibidores moderados do CYP3A4 e PgP podem elevar os níveis sanguíneos de everolimo (por exemplo, agentes antifúngicos : fluconazol; bloqueadores de canal de cálcio : nicardipino, diltiazem; inibidores de proteases: nelfinavir, indinavir, amprenavir). - Inibidores da PgP Inibidores da PgP podem diminuir o efluxo de everolimo das células intestinais e aumentar as concentrações sanguíneas de everolimo. - Substratos de CYP3A4 e CYP2D6 In vitro, o everolimo foi um inibidor competitivo da CYP3A4 e da CYP2D6, aumentando potencialmente as concentrações dos medicamentos eliminados por estas enzimas.",-1,-1.0,carbamazepina; fluconazol; fenobarbital; diltiazem,13.0,
dicloridrato de daclatasvir,INTERAÇÕES  MEDICAMENTOSAS,"Inibidores potentes de CYP3A4 (por exemplo: claritromicina, eritromicina, itraconazol, cetoconazol, ritonavir) podem aumentar os níveis plasmáticos dde dicloridrato de daclatasvir (ver Tabela 8). dicloridrato de daclatasvir também é um substrato do transportador glicoproteina - P (P-gp) e do transportador 1 de cátions orgânicos (OCT 1), porém a coadministração de agentes que modifiquem apenas as atividades de P -gp ou OCT1 (sem efeito concomitante sobre CYP3A4) tem pouca probabilidade de apresentar um efeito clinicamente expressivo sobre a exposição ao dicloridrato de daclatasvir.",-1,-1.0,eritromicina; claritromicina; cetoconazol; itraconazol,13.0,
fluconazol,INTERAÇÕES MEDICAMENTOSAS,"Podem ser necessários ajustes da dose da carbamazepina dependendo de determin ações da concentração/efeito. bloqueadores do canal de cálcio: determinados antagonistas de canal de cálcio di -hidropiridínicos (nifedipino, isradipino, anlodipino, verapamil e felodipino) são metabolizados pela CYP3A4.",-1,-1.0,carbamazepina; nifedipino; anlodipino; verapamil,13.0,
cloridrato de donepezila,INTERAÇÕES MEDICAMENTOSAS,"O cloridrato de donepezila e seus metabólitos não i nibem o metabolismo da teofilina, varfarina, cimetidina, digoxina, tioridazina, risperidona e se rtralina em humanos.",-1,-1.0,varfarina; digoxina; risperidona; cimetidina,13.0,
cloridrato de donepezila,INTERAÇÕES MEDICAMENTOSAS,"O metabolismo do cloridrato de donepezila não é alterado pela admini stração concomitante de digoxina, cimetidina, tioridazina, risperidona e sertralina.",-1,-1.0,sertralina; digoxina; risperidona; cimetidina,13.0,
mesilato de imatinibe,INTERAÇÕES MEDICAMENTOSAS,"Outras interações que podem afetar a exposição ao mesilato de imatinibeou outros medicamentos Medicamentos que podem aumentar as concentrações plasmáticas de imatinibe: As substâncias que inibem a atividade da isoenzima CYP3A4 do citocromo P450 (ex.: cetoconazol, itraconazol, eritromicina, claritromicina) poderiam diminuir o metabolismo e aumentar as concentrações de imatinibe.",-1,-1.0,eritromicina; claritromicina; cetoconazol; itraconazol,13.0,
carbamazepina,INTERAÇÕES MEDICAMENTOSAS,"Antipsicóticos: clozapina, haloperidol e bromperido l, olanzapina, quetiapina, risperidona, ziprasidona , aripiprazol, paliperidona.",-1,-1.0,haloperidol; risperidona; quetiapina; olanzapina,13.0,
carbamazepina,INTERAÇÕES MEDICAMENTOSAS,"Antipsicóticos: clozapina, haloperidol e bromperidol, olanzapina, quetiapina, risperidona, ziprasidona, aripiprazol, paliperi dona.",-1,-1.0,haloperidol; risperidona; quetiapina; olanzapina,13.0,
carbamazepina,INTERAÇÕES MEDICAMENTOSAS,"Antipsicóticos: clozapina, haloperidol e bromperidol, olanzapina, quetiapina, risperidona, ziprasidona, aripiprazol, paliperidona.",-1,-1.0,haloperidol; risperidona; quetiapina; olanzapina,13.0,
prednisona,INTERAÇÕES MEDICAMENTOSAS,"A coadministração de prednisona com inibidores potentes da CYP3A4 (por exemplo, produtos que contenham cetoconazol, itraconazol, claritromicina, ritonavir e cobicistate) pode levar ao aumento da concentração plasmática dos corticosteroides e possibilitar o aumento do risco de efeitos colaterais sistêmicos dos corticosteroides.",-1,-1.0,claritromicina; cetoconazol; itraconazol; corticosteroides,13.0,
mecobe,INTERAÇÕES MEDICAMENTOSAS,"INTERAÇÕES MEDICAMENTOSAS Antibióticos (penicilina, cefalexina, ciprofloxacina), metformina, óxido nitroso, colchicina e outros anti -inflamatórios não esteroidais – AINEs (ibuprofeno, ácido acetilsalicílico e sulfassalazina), diminuem a absorção dos análogos de vitamina B12 e induzem condição de má absorção reversível do micronutriente ao alterarem a função gastrointestinal.",-1,-1.0,ibuprofeno; metformina; colchicina; aines,13.0,
dicloridrato de daclatasvir,INTERAÇÕES MEDICAMENTOSAS,"Inibidores potentes de CYP3A4 (por exemplo: claritromicina, eritromicina, itraconazol, cetoconazol, ritonavir) podem aumentar os níveis plasmáticos dde dicloridrato de daclatasvir (ver Tabela 8). dicloridrato de daclatasvir também é um substrato do tran sportador glicoproteina - P (P-gp) e do transpo rtador 1 de cátions orgânicos (OCT 1), porém a coadministração de agentes que modifiquem apenas as atividades de P -gp ou OCT1 (sem efeito concomitante sobre CYP3A4) tem pouca probabilidade de apresentar um efeito clinicamente expressivo sobre a exposição a o dicloridrato de daclatasvir.",-1,-1.0,eritromicina; claritromicina; cetoconazol; itraconazol,13.0,
levonorgestrel,INTERAÇÕES MEDICAMENTOSAS,"Medicamentos: barbitúricos, fenitoína, fenilbutazon a, rifampicina, griseofulvina, determinados antibióticos das classes de penicilâmicos, cefalosporinas e tetraciclinas (amoxicilina, ampicilina, oxacilina, penicilina G, penicilina G procaína, penicilina V, ticarcilina, ácido clavulâmico, cefaclor, cefadrox il, cefixime, ceftazidime, cefuroxime, tetraciclina, oxitetraciclina, cloxacilina, dicloxacilina, doxiciclina, eritromicina, limeciclina, tigeciclina ou minociclina), oxcarbazepina, carbamazepina, primidona, clobazam, antirretrovirais (delavirdina, efavire nz, nelfinavir, nevirapina, ritonavir), griseofulvina, goma guar, isotretinoína, micofenolato mofetil e aminoglutetimida.",-1,-1.0,amoxicilina; eritromicina; carbamazepina; rifampicina,13.0,
succinato sodico de hidrocortisona,INTERAÇÕES  MEDICAMENTOSAS,"INTERAÇÕES MEDICAMENTOSAS - Fenobarbital, fenitoína, rifampicina e efedrina: podem aumentar a depuração dos corticosteroides, reduzindo seus efeitos terapêuticos, podendo requerer um ajuste na dosagem do corticosteroide. - Troleandomicina e cetoconazol: podem inibir o metabolismo dos corticosteroides, ocasionando a diminuição da sua depuração.",-1,-1.0,cetoconazol; rifampicina; fenobarbital; corticosteroides,13.0,
mesilato de imatinibe,ADVERTÊNCIAS E PRECAUÇÕES,"Tome cuidado ao utilizar mesilato de imatinibe com rifampicina ou outros indutores potentes de CYP3A4, cetoconazol ou outros inibidores potentes de CYP3A4, substratos de CYP3A4 com uma janela terapêutica estreita (por exemplo, ciclosporina ou pimozida) ou substratos de CYP2C9 com uma janela terapêutica estreita (por exemplo, varfarina e outros cumarínicos) (vide “Interações medicamentosas”).",-1,-1.0,varfarina; ciclosporina; cetoconazol; rifampicina,13.0,
mesilato de imatinibe,INTERAÇÕES MEDICAMENTOSAS,"Outras interações que podem afetar a exposição ao mesilato de imatinibe ou outros medicamentos Medicamentos que podem aumentar as concentrações plasmáticas de imatinibe: As substâncias que inibem a atividade da isoenzima CYP3A4 do citocromo P450 (ex.: cetoconazol, itraconazol, eritromicina, claritromicina) poderiam diminuir o metabolismo e aumentar as concentrações de imatinibe.",-1,-1.0,eritromicina; claritromicina; cetoconazol; itraconazol,13.0,
mesilato de imatinibe,ADVERTÊNCIAS E PRECAUÇÕES,"Tome cuidado ao utilizar mesilato de imatinibe com rifampicina ou outros indutores potentes de CYP3A4, cetoconazol ou outros inibidores potentes de CYP3A4, substratos de CYP3A4 com uma janela terapêutica estreita (por exemplo, ciclosporina ou pimozida) ou substratos de CYP2C9 com uma janela terapêutica estreita (por exemplo, varfarina e outros cumarínicos) (vide “Interações medicamentosas”).",-1,-1.0,varfarina; ciclosporina; cetoconazol; rifampicina,13.0,
mesilato de imatinibe,ADVERTÊNCIAS E PRECAUÇÕES,"Ou tras interações que podem afetar a exposição ao mesilato de imatinibe ou outros medicamentos M edicamentos que podem aumentar as concentrações plasmáticas de imatinibe: As substâncias que inibem a atividade da isoenzima CYP3A4 do citocromo P450 (ex.: cetoconazol, itraconazol, eritromicina, claritromicina) poderiam diminuir o metabolismo e aumentar as concentrações de imatinibe.",-1,-1.0,eritromicina; claritromicina; cetoconazol; itraconazol,13.0,
cloridrato de metformina,INTERAÇÕES MEDICAMENTOSAS,"A coadministração de metformina com: - Substratos/inibidores de OCT1 (como verapamil) podem reduzir a eficácia de metformina. - Indutores do OCT1 (como a rifampicina) podem aumentar a absorção gastrointestinal e a eficácia. - Substratos/inibidores de OCT2 (como cimetidina, dolutegravir, crizotinibe, olaparibe, daclatasvir, vandetanibe) podem diminuir a eliminação renal da metformina e assim levar a uma concentração aumentada de metformina no plasma.",-1,-1.0,metformina; rifampicina; verapamil; cimetidina,13.0,
cloridrato de donepezila cloridrato de memantina,INTERAÇÕES MEDICAMENTOSAS,"O metabolismo do cloridrato de donepezila não é alterado pela administração concomitante de digoxina, cimetidina, tioridazina, risperidona e sertralina.",-1,-1.0,sertralina; digoxina; risperidona; cimetidina,13.0,
cloridrato de donepezila cloridrato de memantina,INTERAÇÕES MEDICAMENTOSAS,"Existe um relato de caso clínico publicado sobre um possível risco da combinação da memantina com a fenitoína. • Outras substâncias ativas como cimetidina, ranitidina, proca inamida, quinidina, quinina e nicotina, que utilizam o mesmo sistema de transporte renal de cátions que a amantadina, também poderão interagir com a memantina levando a um risco potencial de aumento dos seus níveis séricos. • É possível que haja uma redução dos níveis séricos da hidroclorotiazida (HCT) quando esta, ou qualquer combinação contendo hidroclorotiazida, é administrada concomitantemente com a memantina. • Na experiência pós -comercialização foram notificados casos isolados de aumento da relação normalizada internacional (RNI) em pacientes tratados concomitantemente com varfarina.",-1,-1.0,varfarina; hidroclorotiazida; cimetidina; ranitidina,13.0,
sinvastatina,CONTRAINDICAÇÕES,"ADVERTÊNCIAS E PRECAUÇÕES, Gravidez e Lactação); • Administração concomitante de inibidores potentes do CYP3A4 (por exemplo, itraconazol, cetoconazol, posaconazol, voriconazol, inibidores da protease do HIV, boceprevir, telaprevir, eritromicina, claritromicina, telitromicina, nefazodona e medicamentos contendo cobicistate) (veja 5.",-1,-1.0,eritromicina; claritromicina; cetoconazol; itraconazol,13.0,
sinvastatina,CONTRAINDICAÇÕES,"ADVERTÊNCIAS E PRECAUÇÕES, Gravidez e Lactação); • Administração concomitante de inibidores potentes do CYP3A4 (por exemplo, itraconazol, cetoconazol, posaconazol, voriconazol, inibidores da protease do HIV, boceprevir, telaprevir, eritromicina, claritromicina, telitromicina, nefazodona e medicamentos contendo cobicistate) (veja 5.",-1,-1.0,eritromicina; claritromicina; cetoconazol; itraconazol,13.0,
sinvastatina,CONTRAINDICAÇÕES,"ADVERTÊNCIAS E PRECAUÇÕES, Gravidez e Lactação); • Administração concomitante de inibidores potentes do CYP3A4 (por exemplo, itraconazol, cetoconazol, posaconazol, voriconazol, inibidores da protease do HIV, boceprevir, telaprevir, eritromicina, claritromicina, telitromicina, nefazodona e medicamentos contendo cobicistate) (veja os itens 5.",-1,-1.0,eritromicina; claritromicina; cetoconazol; itraconazol,13.0,
cloridrato de memantina,INTERAÇÕES MEDICAMENTOSAS,"Existe um relato de caso clínico publicad o sobre um possível risco da combinação da memantina com a fenitoína.  Outras substâncias ativas como cimetidina, ranitidina, procainamida, quinidina, quinina e nicotina, que utilizam o mesmo sistema de transporte renal de cátions que a amantadina, també m poderão interagir com a memantina levando a um risco potencial de aumento dos seus níveis séricos.  É possível que haja uma redução dos níveis séricos da hidroclorotiazida (HCT) quando esta, ou qualquer combinação contendo hidroclorotiazida, é adminis trada concomitantemente com a memantina.  Na experiência pós -comercialização foram notificados casos isolados de aumento da relação normalizada internacional (RNI) em pacientes tratados concomitantemente com varfarina.",-1,-1.0,varfarina; hidroclorotiazida; cimetidina; ranitidina,13.0,
divalproato de sódio,INTERAÇÕES  MEDICAMENTOSAS,"Deve -se considerar a diminuição da dose de amitriptilina/nortriptilina na presença de valproato. carbamazepina (CBZ)/carbamazepina -10,11 -epóxido (CBZ -E): os níveis séricos de CBZ diminuíram 17% enquanto que os de CBZ -E aumentaram em torno de 45% na coadministração de valproato e CBZ em pacientes epilépticos. clonazepam: o uso concomitante de ácido valproico e de clonazepam pode induzir estado de ausência em pacientes com história desse tipo de crises convulsivas. diazepam: o valproato desloca o diazepam de seus locais de ligação à albumina plasmática e inibe seu metabolismo.",-1,-1.0,diazepam; clonazepam; carbamazepina; valproico,13.0,
cloridrato de donepezila,INTERAÇÕES MEDICAMENTOSAS,"O metabolismo do cloridrato de donepezila não é alterado pela administração concomitante de digoxina, cimetidina, tioridazina, risperidona e sertralina.",-1,-1.0,sertralina; digoxina; risperidona; cimetidina,13.0,
bromidrato de citalopram,INTERAÇÕES MEDICAMENTOSAS,"O citalopram e desmetilcitalopram são insignificantes inibidores da CYP2C9, CYP2E1 e CYP3A4, e inibidores fracos da CYP1A2, CYP2C19 e CYP2D6 quando em comparação com outros ISRS estabelecidos como inibidores significantes. levomepromazina, digoxina, carbamazepina Nenhuma mudança ou apenas mudanças muito pequenas de pouca importância clínica foram observadas quando o citalopram foi dado com substratos CYP1A2 (clozapina e teofilina), CYP2C9 (varfarina), CYP2C19 (imipramina e mefenitoína), CYP2D6 (esparteína, imipramina, amitriptilina, a risperidona) e CYP3A4 (varfarina, carbamazepina (e seu metabólito carbamazepina epóxido) e triazolam.",-1,-1.0,varfarina; carbamazepina; digoxina; risperidona,13.0,
domperidona,CONTRAINDICAÇÕES,"A administração concomitante de domperidona com inibidores potentes do CYP3A4 que demonstraram causar um prolongamento do intervalo QT, tais como claritromicina, eritromicina, itraconazol, cetoconazol oral, posaconazol, ritonavir, saquinavir, telitromicina, telaprevir e voriconazol, é contraindicada (vide “Advertências e Precauções” e “Interações Medicamentosas”).",-1,-1.0,eritromicina; claritromicina; cetoconazol; itraconazol,13.0,
besilato de anlodipino,INTERAÇÕES MEDICAMENTOSAS,"Dados in vitro de estudos com plasma humano indicam que o anlodipino não afeta a ligação às proteínas dos fármacos testados (digoxina, fenitoína, varfarina ou indometacina). sinvastatina: a coadministração de múltiplas doses de 10 mg de anlodipino com 80 mg de sinvastatina resultou em um aumento de 77% na exposição à sinvastatina em comparação com a sinvastatina isolada.",-1,-1.0,varfarina; sinvastatina; digoxina; anlodipino,13.0,
besilato de anlodipino,INTERAÇÕES MEDICAMENTOSAS,"Inibidores fortes de CYP3A4 (por ex. cetoconazol, itraconazol, ritonavir) podem aumentar as concentrações plasmáticas do anlodipino por uma extensão superior ao diltiazem.",-1,-1.0,cetoconazol; itraconazol; anlodipino; diltiazem,13.0,
prednisona,INTERAÇÕES  MEDICAMENTOSAS,"A coadministração de prednisona com inibidores potentes da CYP3A4 (por exemplo, produtos que contenham cetoconazol, itraconazol, claritromicina, ritonavir e cobicistate) pode levar ao aumento da concentração plasmática dos corticosteroides e possibilitar o aumento do risco de efeitos colaterais sistêmicos dos corticosteroides.",-1,-1.0,claritromicina; cetoconazol; itraconazol; corticosteroides,13.0,
valsartana besilato de anlodipino,INTERAÇÕES MEDICAMENTOSAS,"Entretanto, os inibidores fortes da CYP3A4 (por ex.: cetoconazol, itraconazol e ritonavir) podem aumentar as concentrações plasmáticas de anlodipino para uma extensão maior que diltiazem.",-1,-1.0,cetoconazol; itraconazol; anlodipino; diltiazem,13.0,
pantoprazol sódico sesqui-hidratado,INTERAÇÕES MEDICAMENTOSAS,"Os estudos de interação com fármacos que também são metabolizados com estas vias, como a carbamazepina, diazepam, glibenclamida, nifedipino, fenitoína e um contraceptivo oral contendo levonorgestrel e etinilestradiol, não se observaram interações clínicas significativas.",-1,-1.0,diazepam; carbamazepina; glibenclamida; nifedipino,13.0,
levetiracetam,INTERAÇÕES MEDICAMENTOSAS,"O efeito do levetiracetam sobre o probenecida não foi estudado e o efeito de levetiracetam sobre outros medicamentos secretad os ativamente, como por exemplo, AINEs, sulfonamidas e metotrexato é desconhecido. - Contraceptivos orais e outras interações farmacocinéticas Levetiracetam 1000 mg por dia não influenciou a farmacocinética dos contraceptivos orais (etinilestradiol e levonorgestrel); os parâmetros endócrinos (hormônio luteinizante e progesterona) não sofreram alteração.",-1,-1.0,probenecida; metotrexato; contraceptivos; aines,13.0,
levetiracetam,INTERAÇÕES MEDICAMENTOSAS,"INTERAÇÕES MEDICAMENTOSAS - Medicamentos antiepilépticos Dados indicam que levetiracetam não influencia as concentrações séricas de medicamentos antiepilépticos existentes (fenitoína, carbamazepina, ácido valproico, fenobarbital, lamotrigina, gabapentina e primidona) e que estes medicamentos antiepilépticos não influenciam a farmacocinética de levetiracetam.",-1,-1.0,carbamazepina; fenobarbital; gabapentina; valproico,13.0,
levetiracetam,INTERAÇÕES MEDICAMENTOSAS,"O efeito do levetiracetam sobre o probenecida não foi estudado e o efeito de levetiracetam sobre outros medicamentos secretad os ativamente, exemplo, AINEs, sulfonamidas e metotrexato é desconhecido. - Contraceptivos orais e outras interações farmacocinéticas Levetiracetam 1000 mg por dia não influenciou a farmacocinética dos contraceptivos orais (etinilestradiol e levonorgestrel); os parâmetros endócrinos (hormônio luteinizante e progesterona) não sofreram alteração.",-1,-1.0,probenecida; metotrexato; contraceptivos; aines,13.0,
cloridrato de tramadol diclofenaco sódico,INTERAÇÕES MEDICAMENTOSAS,"A administração concomitante de cloridrato de tramadol + diclofenaco sódic o e diuréticos poupadores de potáss io, ciclosporina, tacrolimo ou trimetoprima pode estar associada à níveis aumentados de potássico sérico, que, portanto, devem ser monitorados frequentemente . - Possível aumento do risco de nefrotoxicidade quando AINEs são administrados com tacrolimo . - Colestipol e colestiramina: estes agentes podem induzir um atraso ou diminuição da absorção do diclofenaco.",-1,-1.0,ciclosporina; tramadol; aines; colestipol,13.0,
sinvastatina,CONTRAINDICAÇÕES,"ADVERTÊNCIAS E PRECAUÇÕES, Gravidez e lactaç ão); • Administração concomitante de inibidores potentes do CYP3A4 (por exemplo, itraconazol, cetoconazol, posaconazol, voriconazo l, inibidores da protease do HIV, boceprevir, telaprevir, eritromicina, claritromicina, telitromicina, nefazodona e medicament os contendo cobicistate) (veja os itens 5.",-1,-1.0,eritromicina; claritromicina; cetoconazol; itraconazol,13.0,
sinvastatina,CONTRAINDICAÇÕES,"ADVERTÊNCIAS E PRECAUÇÕES, Gravidez e lactaç ão); • Administração concomitante de inibidores potentes do CYP3A4 (por exemplo, itraconazol, cetoconazol, posaconazol, voriconazo l, inibidores da protease do HIV, boceprevir, telaprevir, eritromicina, claritromicina, telitromicina, nefazodona e medicament os contendo cobicistate) (veja os itens 5.",-1,-1.0,eritromicina; claritromicina; cetoconazol; itraconazol,13.0,
domperidona,CONTRAINDICAÇÕES,"A administração concomitante de domperidona com inibidores potentes do CYP3A4 que demonstraram causar um prolongamento do intervalo QT, tais como claritromicina, eritromicina, Modelo de bula – Profissional domperidona 10 mg itraconazol, cetoconazol oral, posaconazol, ritonavir, saquinavir, telitromicina, telaprevir e voriconazol, é contraindicada (vide “Advertências e Precauções” e “Interações Medicamentosas”).",-1,-1.0,eritromicina; claritromicina; cetoconazol; itraconazol,13.0,
cloridrato de donepezila,ADVERTÊNCIAS E PRECAUÇÕES,"O metabolismo do cloridrato de donepezila não é alterado pela administração concomitante de digoxina, cimetidina, tioridazina, risperidona e sertralina.",-1,-1.0,sertralina; digoxina; risperidona; cimetidina,13.0,
dicloridrato de levocetirizina,INTERAÇÕES MEDICAMENTOSAS,"INTERAÇÕES MEDICAMENTOSAS Não foram realizados estudos de interação com a levocetirizina (incluindo estudos com indutores da CYP 3A4); estudos realizados com o composto racêmico cetirizina demonstraram que não havia interações clinicamente relevantes com antipirina, pseudoefedrina, cimetidina, cetoconazol, eritromicina, azitromicina, glipizida e diazepam.",-1,-1.0,eritromicina; diazepam; cetoconazol; cimetidina,13.0,
divalproato de sodio,INTERAÇÕES MEDICAMENTOSAS,"Deve- se considerar a diminuição da dose de amitriptilina/nortriptilina na presença de valproato. carbamazepina (CBZ)/carbamazepina -10,11- epóxido (CBZ -E): os níveis séricos de CBZ diminuíram 17% enquanto que os de CBZ -E aumentaram em torno de 45% na coadministração de valproato e CBZ em pacientes epilépticos. clonazepam: o uso concomitante de ácido valproico e de clonazepam pode induzir estado de ausência em pacientes com história desse tipo de crises convulsivas. diazepam: o valproato desloca o diazepam de seus locais de ligação à albumina plasmática e inibe seu metabolismo.",-1,-1.0,diazepam; clonazepam; carbamazepina; valproico,13.0,
mesilato de imatinibe,INTERAÇÕES MEDICAMENTOSAS,"Outras interações que podem afetar a exposição ao mesilato de imatinibe ou outros medicamentos Medicamentos que podem aumentar as concentrações plasmáticas de imatinibe: As substâncias que inibem a atividade da isoenzima CYP3A4 do citocromo P450 (ex.: cetoconazol, itraconazol, eritromicina, claritromicina) poderiam diminuir o metabolismo e aumentar as concentrações de imatinibe.",-1,-1.0,eritromicina; claritromicina; cetoconazol; itraconazol,13.0,
fosfato de sitagliptina,ADVERTÊNCIAS E PRECAUÇÕES,"Avaliação In Vivo de Interações Medicamentosas Efeito da Sitagliptina sobre Outros Fármacos Nos estudos clínicos, como se descreve a seguir, a sitagliptina não alterou significativamente a farmacocinética da metformina, da glibenclamida, da sinvastatina, da rosiglitazona, da varfarina ou dos anticoncepcionais orais, fornecendo evidências in vivo de baixa propensão a causar interações medicamentosas com substratos do citocromo P450 3A4, citocromo P450 2C8, citocromo P450 2C9 e do transportador orgânico catiônico (TOC).",-1,-1.0,varfarina; metformina; sinvastatina; glibenclamida,13.0,
fosfato de sitagliptina,ADVERTÊNCIAS E PRECAUÇÕES,"Os medicamentos avaliados foram aqueles comumente administrados a pacientes com diabetes mellitus tipo 2, inclusive agentes hipolipemiantes (por exemplo, vastatinas, fibratos, ezetimiba), agentes antiplaquetários (por exemplo, clopidogrel), anti -hipertensivos (por exemplo, inibidores da ECA, bloqueadores do receptor da angiotensina, betabloqueadores, bloqueadores dos canais de cálcio, hi droclorotiazida), analgésicos e anti-inflamatórios não -esteroides (por exemplo, naproxeno, diclofenaco, celecoxibe), antidepressivos (por exemplo., bupropiona, fluoxetina, sertralina), anti -histamínicos (por exemplo, cetirizina), inibidores da bomba de prótons (por exemplo, omeprazol, lansoprazol) e medicamentos para disfunção erétil (por exemplo, sildenafila).",-1,-1.0,omeprazol; fluoxetina; sertralina; fibratos,13.0,
cloridrato de lurasidona,INTERAÇÕES MEDICAMENTOSAS,"A coadministração de lurasidona com medicamentos inibidores moderados da CYP3A4 (ex: diltiazem, eritromicina, fluconazol, verapamil) podem aumentar a exposição a lurasidona.",-1,-1.0,eritromicina; fluconazol; diltiazem; verapamil,13.0,
cloridrato de metformina,INTERAÇÕES MEDICAMENTOSAS,"A coadministração de metformina com: - Substratos/inibidores de OCT1 (como verapamil) podem reduzir a eficácia de metformina. - Indutores do OCT1 (como a rifampicina) podem aumentar a absorção gastrointestinal e a eficácia. - Substratos/inibidores de OCT2 (como cimetidina, dolutegravir, crizotinibe, olaparibe, daclatasvir, vandetanibe) podem diminui r a eliminação renal da metformina e assim levar a uma concentração aumentada de metformina no plasma.",-1,-1.0,metformina; rifampicina; verapamil; cimetidina,13.0,
cimetidina,INTERAÇÕES MEDICAMENTOSAS,"A inibição dessas enzimas pode resultar em aumento dos níveis plasmát icos de certas drogas, incluindo anticoagulantes cu marínicos (por exemplo, varfarina), antidepressivos tricíclicos (como amitriptilina), a ntiarrítmicos classe I (por exemplo, lidocaína, qui nidina), bloqueadores de canais de cálcio (como diltiazem), sulfonilureias (por exemplo, glip izida), fenitoína, teofilina, metoprolol, ciclospor ina, tacrolimus e diazepam; 2) Inibição da secreção tubular renal, via transpor te catiônico orgânico (TCO) de proteínas.",-1,-1.0,varfarina; diazepam; diltiazem; anticoagulantes,13.0,
fluconazol,INTERAÇÕES MEDICAMENTOSAS,"Podem ser necessários ajustes da dose da carbamazepina depe ndendo de deter minações da concentração/efeito ; – Bloqueadores do canal de cálcio: determinados antagonistas de canal de cálcio di -hidropiridínicos (nifedipino, isradipino, anlodipino , verapamil e felodipino) são metabolizados pela CYP3A4.",-1,-1.0,carbamazepina; nifedipino; anlodipino; verapamil,13.0,
pratifolin,INTERAÇÕES MEDICAMENTOSAS,"INTERAÇÕES MEDICAMENTOSAS Interação ácido fólico – medicamentos Fenitoína, fenobarbital, primidona, aspirina, colestipol, cicloserina, metotrexato e enzimas pancreáticas reduzem os níveis d e ácido fólico, enquanto que o ácido aminosalicílico, antiácidos, co lestiramina, estrogênios, bloqueadores H 2 e a carbamazepina reduzem sua absorção.",-1,-1.0,carbamazepina; metotrexato; fenobarbital; colestipol,13.0,
estolato de eritromicina,INTERAÇÕES MEDICAMENTOSAS,"Há relatos de elevações de concentrações séricas das seguintes drogas, quando administradas concomitantemente com a eritromicina: carbamazepina, ciclosporina, hexobarbital, fenitoína, alfentanil, disopiramida, inibidores da HMG -CoA redutase tais como sinvastatina, lovastatina e bromocriptina.",-1,-1.0,ciclosporina; eritromicina; sinvastatina; carbamazepina,13.0,
cloridrato de metformina,INTERAÇÕES MEDICAMENTOSAS,"A coadministração de metformina com: − Substratos/inibidores de OCT1 (como verapamil) pod em reduzir a eficácia de metformina; − Indutores do OCT1 (como a rifampicina) podem aumen tar a absorção gastrointestinal e a eficácia; − Substratos/inibidores de OCT2 (como cimetidina, do lutegravir, crizotinibe, olaparibe, daclatasvir, va ndetanibe) podem diminuir a eliminação renal da metformina e assim levar a uma concentração aumentada de metformina no plasma.",-1,-1.0,metformina; rifampicina; verapamil; cimetidina,13.0,
pantoprazol,INTERAÇÕES MEDICAMENTOSAS,"Os estudos de interação com fármacos que também são metabolizados com estas vias, como a carbamazepina, diazepam, glibenclamida, nifedipino, fenitoína e um contraceptivo oral contendo levonorgestrel e etinilestradiol, não se observaram interações clínicas significativas.",-1,-1.0,diazepam; carbamazepina; glibenclamida; nifedipino,13.0,
cloridrato de memantina,INTERAÇÕES MEDICAMENTOSAS,"Existe um relato de caso clínico publicado sobre um possível risco da combinação da memantina com a fenitoína. - Outras substâncias ativas como cimetidina, ranitidina, procainamida, quinidina, quinina e nicotina, que utilizam o mesmo sist ema de transporte renal de cátions que a amantadina, também poderão interagir com a memantina levando a um risco potencial de aument o dos seus níveis séricos. - É possível que haja uma redução dos níveis séricos da hidroclorotiazida (HCT) quando esta, ou qualquer combinação contendo hidroclorotiazida, é administrada concomitantemente com a memantina. - Na experiência pós -comercialização foram notificados casos isolados de aumento da relação normalizada internacional (RNI) em pacientes tratados concomitantemente com varfarina.",-1,-1.0,varfarina; hidroclorotiazida; cimetidina; ranitidina,13.0,
cloridrato de sertralina,INTERAÇÕES MEDICAMENTOSAS,"Entretanto, em 3 estudos formais de interação com diazepam, tolbutamida e varfarina respectivamente, a sertralina não apresentou efeitos significantes na ligação do substrato às proteínas (vide varfarina e interações com outros fármacos ). - medicamentos que afetam a função plaquetária: o risco de sangramento pode ser aumentado quando medicamentos que atuam na função plaquetária (ex: AINEs, ácido acetilsalicílico, heparina e ticlopidina) ou outros medicamentos que possam aumentar o risco de sangramento são administrados concomitantemente com ISRSs, incluindo sertralina (vide ADVERTÊNCIAS E PRECAUÇÕES ). - varfarina: a coadministração de 200 mg diários de sertralina com varfarina resultou em um aumento pequeno, mas estatisticamente significante, no tempo de protrombina; a significância clínica deste fato é desconhecida.",-1,-1.0,varfarina; sertralina; diazepam; aines,13.0,
leflunomida,INTERAÇÕES MEDICAMENTOSAS,"Para outros substratos da BCRP (por exemplo, metotrexato, topotecana, sulfassalazina, daunorrubicin a, doxorrubicina) e da família da OATP especialmente os inibidores da HMG -CoA redutase (por exemplo, sinvastatina, atorvastatina, pravastatina, metotrexato, nateglinida, repaglinida, rifampicina) a administração concomitante também deve ser feita com caute la.",-1,-1.0,sinvastatina; atorvastatina; metotrexato; rifampicina,13.0,
leflunomida,INTERAÇÕES MEDICAMENTOSAS,"Para outros substratos da BCRP (por exemplo, metotrexato, topotecana, sulfassalazina, daunorrubicina, doxorrubicina) e da família da OATP especialmente os inibidores da HMG -CoA redutase (por exemplo, sinvastatina, atorvastatina, pravastatina, metotrexato, nateglinida, repaglinida, rifampicina) a administração concomitante também deve ser feita com cautel a.",-1,-1.0,sinvastatina; atorvastatina; metotrexato; rifampicina,13.0,
leflunomida,INTERAÇÕES MEDICAMENTOSAS,"Para outros substratos da BCRP (por exemplo, metotrexato, topotecana, sulfassalazina, daunorrubici na, doxorrubicina) e da família da OATP especialmente os inibidores da HMG -CoA redutase (por exemplo, sinvastatina, atorvastatina, pravastatina, metotrexato, nateglinida, repaglinida, rifampicina) a administração concomitante também deve ser feita com caut ela.",-1,-1.0,sinvastatina; atorvastatina; metotrexato; rifampicina,13.0,
acetato de clormadinona etinilestradiol,ADVERTÊNCIAS E PRECAUÇÕES,"Da mesma forma, as concentrações plasmáticas e nos tecidos podem ser aumentadas ou reduzidas. - inibindo as enzimas microssomais hepáticas e, consequentemente, elevando a concentração sérica das substâncias ativas como diazepam (e outros benzodiazepínicos metabolizados por hidroxilação), ciclosporina, teofilina e prednisolona; - induzindo a glucuronidação hepática e, consequentemente, reduzindo as concentrações séricas de, por exemplo, lamotrigina, clofibrato, paracetamol, morfina e lorazepam.",-1,-1.0,ciclosporina; paracetamol; diazepam; morfina,13.0,
hemitartarato de zolpidem,INTERAÇÕES MEDICAMENTOSAS,"Outros medicamentos Quando o hemitartarato de zolpidem foi administrado junto com varfarina, digoxina, ranitidina ou cimetidina, nenhuma interaçã o farmacocinética foi observada.",-1,-1.0,varfarina; digoxina; cimetidina; ranitidina,13.0,
tosilato de edoxabana,CONTRAINDICAÇÕES,"Nos estudos farmacocinéticos (PK), a administração concomitante deste medicmaento com os inibidores da P - gp: ciclosporina, dronedarona, eritromicina, cetoconazol, quinidina ou verapamil resultou no aumento das concentrações plasmáticas de tosilato de edoxabana, exigindo a redução da dose para 30 mg uma vez por dia [ver 8.",-1,-1.0,ciclosporina; eritromicina; cetoconazol; verapamil,13.0,
sucrafilm,INTERAÇÕES MEDICAMENTOSAS,"INTERAÇÕES MEDICAMENTOSAS Os estudos laboratoriais indicam que o sucralfato consegue adsorver e, portan to, reduzir a biodisponibilidade de vários fármacos, incluindo a tetraciclin a, sulpirida, fenitoína, cimetidina, ranitidina, cetoconazol, ciprofloxacino, norfloxacino, ofloxacino e fluoroquinolonas em estudos animai s, e com digoxina e teofilina em estudos com seres humanos.",-1,-1.0,digoxina; cetoconazol; cimetidina; ranitidina,13.0,
sinvastatina,CONTRAINDICAÇÕES,"ADVERTÊNCIAS E PRECAUÇÕES, Gravidez e Lactação ); • Administração concomitante de inibidores potentes do CYP3A4 (por exemplo, itraconazol, cetoconazol, posaconazol, voriconazol, inibidores da protease do HIV, boceprevir, te laprevir, eritromicina, claritromicina, telitromicina, nefazodona e medicamentos contendo cobicistate) (veja os itens 5.",-1,-1.0,eritromicina; claritromicina; cetoconazol; itraconazol,13.0,
sinvastatina,CONTRAINDICAÇÕES,"ADVERTÊNCIAS E PRECAUÇÕES, Gravidez e Lactaçã o); • Administração concomitante de inibidores potentes do CYP3A4 (por exemplo, itraconazol, cetoconazol, posaconazol, voriconazol, inibidores da protease do HIV, boceprevir, telaprevir, eritromicina, claritromicina, telitromicina, nefazodona e medicamentos contendo cobicistate) (veja os itens 5.",-1,-1.0,eritromicina; claritromicina; cetoconazol; itraconazol,13.0,
sinvastatina,CONTRAINDICAÇÕES,"ADVERTÊNCIAS E PRECAUÇÕES, Gravidez e Lactação ); • Administração concomitante de inibidores potentes do CYP3A4 (por exemplo, itraconazol, cetoconazol, posaconazol, voriconazol, inibidores da protease do HIV, boceprevir, te laprevir, eritromicina, claritromicina, telitromicina, nefazodona e SINVASTATINA_V PS medicamentos contendo cobicistate) (veja os itens 5.",-1,-1.0,eritromicina; claritromicina; cetoconazol; itraconazol,13.0,
sinvastatina,CONTRAINDICAÇÕES,"O uso concomitante de medicamentos conhecidos por apresentarem um potent e efeito inibitório sobre a CYP3A4 (por exemplo, itraconazol, cetoconazol, posaconazol, voriconazol, eritromicina, claritromicina, telitromicina, inibidores da protease do HIV, boceprevir, telaprevir, nefazodona e medicamentos contendo cobicistate) é contr aindicado (veja os itens 4.",-1,-1.0,eritromicina; claritromicina; cetoconazol; itraconazol,13.0,
mesilato de imatinibe,ADVERTÊNCIAS E PRECAUÇÕES,"Tome cuidado ao utilizar mesilato de imatinibe com rifampicina ou outros indutores potentes de CYP3A4, cetoconazol ou outros inibidores potentes de CYP3A4, substratos de CYP3A4 com uma janela terapêutica estreita (por exemplo, ciclosporina ou pimozida) ou substratos de CYP2C9 com uma janela terapêutica estreita (por exemplo, varfarina e outros derivados cumarínicos) (vide “Interações medicamentosas”).",-1,-1.0,varfarina; ciclosporina; cetoconazol; rifampicina,13.0,
mesilato de imatinibe,INTERAÇÕES MEDICAMENTOSAS,"Outras interações que podem afetar a exposição ao mesilato de imatinibe ou outros medicamentos Medicamentos que podem aumentar as concentrações plasmáticas de imatinibe: Página 23 de 35 Bula mesilato de imatinibe - profissional de saúde/Versão: 0 3 As substâncias que inibem a atividade da isoenzima CYP3A4 do citocromo P450 (ex.: cetoconazol, itraconazol, eritromicina, claritromicina) poderiam diminuir o metabolismo e aumentar as concentrações de imatinibe.",-1,-1.0,eritromicina; claritromicina; cetoconazol; itraconazol,13.0,
lacosamida,ADVERTÊNCIAS  E PRECAUÇÕES,"Os estudos clínicos placebo -controlados em pacientes com crises focais/parciais mostraram que as concentrações plasmáticas no estado de equilíbrio de levetiracetam, carbamazepina, epóxido de carbamazepina, lamotrigina, topiramato, derivado de monohidróxi -oxcarbazepina (MHD), fenitoína, ácido valpróico, fenobarbital, gabapentina, clonazepam e zonisamida não foram afetados pela ingestão concomitante de lacosamida em qualquer dose.",-1,-1.0,clonazepam; carbamazepina; fenobarbital; gabapentina,13.0,
levetiracetam,INTERAÇÕES MEDICAMENTOSAS,"INTERAÇÕES MEDICAMENTOSAS - Medicamentos antiepilépticos Dados indicam que levetiracetam não influencia as concentrações séricas de medicamentos antiepilépticos existentes (fenitoína, carbamazepina, ácido valproico, fenobarbital, lamotrigina, gabapentina e primidona) e que estes medicamentos antiepilépticos não influenciam a farmacocinética de levetiracetam.",-1,-1.0,carbamazepina; fenobarbital; gabapentina; valproico,13.0,
levetiracetam,INTERAÇÕES MEDICAMENTOSAS,"O efeito do levetiracetam sobre o probenecida não foi estudado e o efeito de levetiracetam sobre outros medicamentos secretados ativamente, exemplo, AINEs, sulfonamidas e metotrexato é desconhecido. - Contraceptivos orais e outras interações farmacocinéticas Levetiracetam 1000 mg por dia não influenciou a farmacocinética dos contraceptivos orais (etinilestradiol e levonorgestrel); os parâmetros endócrinos (hormônio luteinizante e progesterona) não sofreram alteração.",-1,-1.0,probenecida; metotrexato; contraceptivos; aines,13.0,
levetiracetam,INTERAÇÕES MEDICAMENTOSAS,"INTERAÇÕES MEDICAMENTOSAS - Medicamentos antiepilépticos Dados indicam que levetiracetam não influencia as concentrações séricas de medicamentos antiepilépticos existentes (fenitoína, carbamazepina, ácido valproico, fenobarbital, lamotrigina, gabapentina e primidona) e que estes medicamentos antiepilépticos não influenciam a farmacocinética de levetiracetam.",-1,-1.0,carbamazepina; fenobarbital; gabapentina; valproico,13.0,
levetiracetam,INTERAÇÕES MEDICAMENTOSAS,"O efeito do levetiracetam sobre o probenecida não foi estudado e o efeito de levetiracetam sobre outros medicamentos secretados ativamente, exemplo, AINEs, sulfonamidas e metotrexato é desconhecido. - Contraceptivos orais e outras interações farmacocinéticas Levetiracetam 1000 mg por dia não influenciou a farmacocinética dos contraceptivos orais (etinilestradiol e levonorgestrel); os parâmetros endócrinos (hormônio luteinizante e progesterona) não sofreram alteração.",-1,-1.0,probenecida; metotrexato; contraceptivos; aines,13.0,
nevrix im,INTERAÇÕES MEDICAMENTOSAS,"Produtos contendo salicilatos, cloranfenicol, colchicina, isoniazida, aminoglicosídios, sulfametoxazol, metotrexato, eritromicina, anticonvulsionantes e suplementos de potássio, podem diminuir a absorção da vitamina B12.",-1,-1.0,eritromicina; metotrexato; isoniazida; colchicina,13.0,
nevrix,INTERAÇÕES MEDICAMENTOSAS,"Produtos contendo salicilatos, cloranfenicol, colchicina, isoniazida, aminoglicosídios, sulfametoxazol, metotrexato, eritromicina, anticonvulsionantes e suplementos de potássio, podem diminuir a absorção da vitamina B12.",-1,-1.0,eritromicina; metotrexato; isoniazida; colchicina,13.0,
tacrolimo monoidratado,ADVERTÊNCIAS E PRECAUÇÕES,"Uso com inibidores e indutores do CYP3A 4 Quando substâncias com potencial de interação , particularmente, fortes inibidores do CYP3A4 (por exemplo: telaprevir, boceprevir, ritonavir, cetoconazol, voriconazol, itraconazol, telitromicina ou claritromicina) ou indutores do CYP3A4 (por exemplo: rifampicina, rif abutina), são combinadas com tacroli mo, as concentrações sanguíneas de tacrolimo devem ser monitoradas para ver se há necessidade de ajuste da dose, de modo a manter uma exposição semelhante de tacrolimo.",-1,-1.0,claritromicina; cetoconazol; itraconazol; rifampicina,13.0,
bromidrato de citalopram,INTERAÇÕES MEDICAMENTOSAS,"Citalopram e desmetilcitalopram são insignificantes inibidores da CYP2C9, CYP2E1 e CYP3A4, e inibidores fracos da CYP1A2, CYP2C19 e CYP2D6 quando em comparação com outros ISRS estabelecidos como significantes inibidores Levomepromazina, digoxina, carbamazepina Nenhuma mudança ou apenas mudanças muito pequenas de pouca importância clínica foram observados quando o citalopram foi dado com substratos CYP1A2 (clozapina e teofilina), CYP2C9 (varfarina), CYP2C19 (imipramina e mephenytoin), CYP2D6 (esparteína, imipramina, amitriptilina, a risperidona) e CYP3A4 (varfarina, carbamazepina (e seu metabólito carbamazepina epoxidop) e triazolam.",-1,-1.0,varfarina; carbamazepina; digoxina; risperidona,13.0,
pantoprazol sódico sesqui-hidratado,INTERAÇÕES MEDICAMENTOSAS,"Os estudos de interação com fármacos que também são metabolizados com estas vias, como a carbamazepina, diazepam, glibenclamida, nifedipino, fenitoína e um contraceptivo oral contendo levonorgestrel e etinilestradiol, não se observaram interações clínicas significativas.",-1,-1.0,diazepam; carbamazepina; glibenclamida; nifedipino,13.0,
domperidona,CONTRAINDICAÇÕES,"A administração concomitante de domperidona com inibidores potentes do CYP3A4 que demonstraram causar um prolongamento do intervalo QT, tais como claritromicina, eritromicina, itraconazol, cetoconazol oral, posaconazol, ritonavir, saquinavir, telitromicina, telaprevir e voriconazol, é contraindicada (vide “Advertências e Precauções” e “Interações Medicamentosas”).",-1,-1.0,eritromicina; claritromicina; cetoconazol; itraconazol,13.0,
desogestrel etinilestradiol,INTERAÇÕES  MEDICAMENTOSAS,"A administração c oncomitante de inibidores fortes (por ex., cetoconazol, itraconazol, claritromicina) ou moderados (por ex., fluconazol, diltiazem, eritromicina) de CYP3A4 pode aumentar a concentração sérica de estrogênios e progestagênios, incluindo o etonogestrel, o met abólito ativo do desogestrel.",1,0.65,eritromicina; claritromicina; cetoconazol; fluconazol; itraconazol,11.8,
desogestrel etinilestradiol,INTERAÇÕES MEDICAMENTOSAS,"A administração concomitante de inibidores fortes (por ex., cetoconazol, itraconazol, claritromicina) ou moderados (por ex., fluconazol, diltiazem, erithromicina) de CYP3A4 pode aumentar a concentração sérica de estrogênios e progestagênios, incluindo o etonogestrel, o metabólito ativo do desogestrel.",1,0.65,claritromicina; cetoconazol; fluconazol; itraconazol; diltiazem,11.8,
cetoprofeno,ADVERTÊNCIAS E PRECAUÇÕES,"Associações medicamentosas que requerem precauções cetoprofeno_sol or _VP_ V06 - Categorias terapêuticas e medicamentos que podem promover hipercalemia (tais como, sais de potássio, diuréticos poupadores de potássio, inibidores da ECA e antagonistas da angiotensina II, AINEs, heparinas (de baixo peso molecular ou não fracionada), ciclosporina, tacrolimo e trimetoprima): O risco de hipercalemia pode aumentar quando os medicamentos mencionados acima são administrados concomitantemente (vide “Advertências e Precauções”). -Corticosteroides (ex. prednisona, prednisolona, dexametasona): aumento do risco de ulceração ou sangramento gastrintestinal -Diuréticos (ex. furosemida, hidroclorotiazida, clortalidona): pacientes utilizando diuréticos, particularmente os desidratados, apresentam maior risco de desenvolvimento de insuficiência renal devido a diminuição do fluxo sanguíneo nos rins.",1,0.65,ciclosporina; hidroclorotiazida; furosemida; corticosteroides; aines,11.8,
sulfato de hidroxicloroquina,ADVERTÊNCIAS,"Tome este medicamento com pelo menos 4 horas de intervalo destes medicamentos. - Alguns medicamentos e o Sulfato de hidroxicloroquina podem interferir um com o outro: isso inclui medicamentos usados para infecções por fungos (por exemplo, itraconazol), para infecções bacterianas (como rifampicina, claritromicina), para epilepsia (convulsões) (como fenitoína, carbamazepina), para distúrbios lipídicos (como genfibrozila, estatinas), para tratamento do HIV (como ritonavir), para transplante de órgãos ou distúrbios do sistema imunológico (como ciclosporina), para coágulos sanguíneos (como dabigatran, clopidogrel), para doenças do coração (como digoxina, flecainida, propafenona) e tratamento à base de plantas para a depressão: erva de São João. - Insulina e drogas antidiabéticas: Como a hidroxicloroquina pode aumentar os efeitos do tratamento hipoglicêmico (diminuição da taxa de açúcar no sangue), pode ser necessária uma diminuição nas doses de insulina ou drogas antidiabéticas.",1,0.65,ciclosporina; claritromicina; carbamazepina; digoxina; itraconazol,11.8,
alprazolam,INTERAÇÕES MEDICAMENTOSAS,"Os dados obtidos a partir de estudos clínicos com alprazolam, estudos in vitro com alprazolam e estudos clínicos com fármacos metabolizados similarmente ao alprazolam mostram interações de variados graus e possibilidade de inter ação com alprazolam para uma quantidade de fármacos. alpazolam_com_VPS _V04 VERSÃO 04 - Esta versão altera a VERSÃO 03 Baseando -se no grau de interação e no tipo de dados disponíveis, recomenda -se o seguinte: - A coadministração de alprazolam com cetoconazol, itraconazol e outros antifúngicos azólicos não é recomendada; - Recomenda- se cautela e consideração de redução de dose quando alprazolam é coadministrado com nefazodona, fluvoxamina e cimetidina; - Também se recomenda cautela quando alprazolam é coadministrado com fluoxetina, propoxifeno, anticoncepcionais orais, diltiazem, ou antibióticos macrolídeos como eritromicina e troleandomicina; - As interações envolvendo inibidores da protease do vírus da imunodeficiência humana (HIV) (por exemplo, ritonavir) e alprazolam são complexas e dependentes do tempo.",1,0.65,eritromicina; fluoxetina; cetoconazol; itraconazol; diltiazem,11.8,
glimepirida,ADVERTÊNCIAS E PRECAUÇÕES,"Potencialização do efeito hipoglicemiante e, portanto, em alguns casos, pode ocorrer hipoglicemia quando um dos seguintes fárma cos é administrado: Insulina ou outro antidiabético oral; inibidores da ECA; esteroides anabolizantes e hormônios sexuais masculinos; cloranfenicol ; derivados cumarínicos; ciclofosfamidas; disopiramida; fenfluramina; feniramidol; fibratos; fluoxetina; guanetidina; ifosfamida; inibidore s da MAO; miconazol; fluconazol; ácido para-aminosalicílico; pentoxifilina (uso parenteral em doses elevadas); fenilbutazona; azapropazon a; oxifembutazona; probenecida; quinolonas; salicilatos; sulfimpirazona; claritomicina; antibióticos sulfonamídicos; tetraciclinas; tritoqualina; trofosfamida.",1,0.65,probenecida; fluoxetina; fluconazol; insulina; fibratos,11.8,
etinilestradiol desogestrel,INTERAÇÕES  MEDICAMENTOSAS,"A administração concomitante de inibidores fortes (por ex., cetoconazol, itraconazol, claritromicina) ou moderados (por ex., fluconazol, diltiazem, erithromicina) de CYP3A4 pode aumentar a concentra ção sérica de estrogênios e progestagênios, incluindo o etonogestrel, o metabólito ativo do desogestrel.",1,0.65,claritromicina; cetoconazol; fluconazol; itraconazol; diltiazem,11.8,
risperidona,INTERAÇÕES MEDICAMENTOSAS,"No entanto, como o ritonavir é um inibidor forte de CYP3A4 e um inibidor fraco de CYP2D6, o ritonavir e inibidores de protease potencializados com ritonavir podem aumentar as concentrações da fração antipsicótica ativa da risperidona. - Betabloqueadores: Alguns betabloqueadores podem aumentar as concentrações plasmáticas da risperidona, mas não da fração antipsicótica ativa. - Bloqueadores de canal de cálcio: O verapamil, um inibidor moderado de CYP3A4 e um inibidor de P -gp, aumenta a concentração plasmática de risperidona e da fração antipsicótica ativa. - Glicosídeos digitálicos: A risperidona não demonstra efeito clinicamente significativo na farmacocinética da digoxina. - Diuréticos: risperidona 1 mg e 2 mg – comprimidos revestidos – VPS04 Furosemida: veja no item “ADVERTÊNCIAS E PRECAUÇÕES” o aumento da mortalidade em pacientes idosos com demência que estão recebendo tratamento concomitante com furosemida. - Medicamentos gastrintestinais: Antagonistas de receptor H2: a cimetidina e a ranitidina, ambas inibidores fracos de CYP2D6 e CYP3A4, aumentaram a biodisponibilidade da risperidona, mas apenas marginalmente aquela da fração antipsicótica ativa. - Lítio: A risperidona não demonstra efeito clinicamente relevante sobre a farmacocinética do lítio. - Antidepressivos tricíclicos e inibidores seletivos da recaptação de serotonina: A fluoxetina, um inibidor forte da CYP2D6, aumenta a concentração plasmática da risperidona, mas menos da f ração antipsicótica ativa.",1,0.65,fluoxetina; digoxina; furosemida; verapamil; cimetidina,11.8,
acido acetilsalicilico,INTERAÇÕES MEDICAMENTOSAS,"Interações que requerem precaução para o uso • metotrexato em doses inferiores a 15 mg/semana Aumento da toxicidade hematológica do metotrexato (diminuição da depuração renal do metotrexato por agentes anti-inflamatórios em geral e deslocamento do metotrexato, ligado às proteínas plasmáticas, pelos salicilatos). • anticoagulantes, trombolíticos/ outros inibidores da agregação plaquetária/ homeostasia Aumento do risco de sangramento. • outros anti -inflamatórios não -esteroides com salicilatos em altas doses Aumento do risco de úlceras e sangramento gastrintestinal devido ao efeito sinérgico. • inibidores seletivos da recaptação de serotonina (SSRIs) Aumento do risco de sangramento gastrintestinal alto devido a possível efeito sinérgico. • digoxina Aumento da concentração plasmática de digoxina devido a diminuição na excreção renal. • medicamentos para diabetes, como por exemplo, insulina e sulfonilureias Aumento do efeito hipoglicemiante por altas doses do ácido acetilsalicílico via ação hipoglicêmica do ácido acetilsalicílico e deslocamento da sulfonilureia de sua ligação à proteína plasmática. • diuréticos em associação com o ácido acetilsalicílico em altas doses Diminuição da filtração glomerular por diminuição da síntese das prostaglandinas renais. • glicocorticoides sistêmicos, exceto hidrocortisona usada como terapia de reposição na doença de Addison Diminuição dos níveis de salicilato plasmático durante o tratamento com corticosteroides e risco de sobredose de salicilato após interrupção do tratamento, por aumento da eliminação de salicilatos pelos corticosteroides. • inibidores da enzima conversora de angiotensina (ECA) em associação com o ácido acetilsalicílico em altas doses Diminuição da filtração glomerular por inibição das prostaglandinas vasodilatadoras.",1,0.65,digoxina; metotrexato; insulina; anticoagulantes; corticosteroides,11.8,
cetoprofeno,INTERAÇÕES MEDICAMENTOSAS,"Associações medicamentosas que requerem precauções - Categorias terapêuticas e medicamentos que podem promover hipercalemia (tais como, sais de potássio, diuréticos poupadores de potássio, inibidores da ECA e antagonistas da angiotensina II, AINEs, heparinas (de baixo peso molecular ou não fracionada), ciclosporina, tacrolimo e trimetoprima): O risco de hipercalemia pode aumentar quando os medicamentos mencionados acima são administrados concomitantemente (vide “ Advertências e precauções ”). - Corticosteroides (ex. prednisona, prednisolona, dexametasona): aumento do risco de ulceração ou sangramento gastrintestinal (vide “ Advertências e precauções ”). - Diuréticos (ex. furosemida, hidroclorotiazida, clortalidona): pacientes utilizando diuréticos, particularmente os desidratados, apresentam maior risco de desenvolvimento de insuficiência renal devido a diminuição do fluxo sanguíneo nos rins.",1,0.65,ciclosporina; hidroclorotiazida; furosemida; corticosteroides; aines,11.8,
omeprazol,INTERAÇÕES  MEDICAMENTOSAS,"Anticoagulantes, cumarina ou derivados da indandiona; diazepam, fenitoína e varfarina (medicamentos metabolizados por oxidação hepática) podem ter sua eliminação retardada pelo omeprazol; benzodiazepínicos, ciclosporinas ou dissulfiram; depressores da medula óssea (a administração concomitante pode aumentar os efeitos leucopênicos e/ou trombocitopênicos de ambas as medicações, se necessário o uso concomitante, devem ser considerados os efeitos tóxicos); estudos de interação de omeprazol com outros fármacos indicaram que não há influência sobre: cafeína, fenacetina, teofilina, piroxicam, diclofenaco, naproxeno, propranolol, metoprolol, ciclosporina, lidocaína, quinidina, estradiol, eritromicina e budesonida; durante o tratamento concomitante de omeprazol e claritromicina, foi observado aumento nas concentraçõe s plasmáticas de ambas as substâncias, mas não houve interação com o metronidazol ou a amoxicilina.",1,0.65,varfarina; amoxicilina; ciclosporina; eritromicina; claritromicina,11.8,
alprazolam,INTERAÇÕES MEDICAMENTOSAS,"Baseando -se no grau de interação e no tipo de dados disponíveis, recomenda -se o seguinte: - a coadministração de alprazol am com cetoconazol, itraconazol e outros antifúngicos azólicos não é recomendada; - recomenda -se cautela e consideração d a redução d e dose quando alprazolam é coadministrado com nefazodona, fluvoxamina e cimetidina; - também se recomenda cautela quando alp razolam é coadministrado com fluoxetina, propoxifeno , anticoncepcionais orais, diltiazem, ou antibióticos macrolídeos como eritromicina e troleandomicina; - as interações envolvendo inibidores da protease do vírus da imunodeficiência humana (HIV) (por exemplo, ritonavir) e alprazolam são complexas e dependentes do tempo.",1,0.65,eritromicina; fluoxetina; cetoconazol; itraconazol; diltiazem,11.8,
glimepirida,INTERAÇÕES MEDICAMENTOSAS,"Potencialização do efeito hipoglicemiante e, portanto, em alguns casos, pode ocorrer hipoglicemia quando um dos seguintes fármacos é administrado: A insulina ou outro antidiabético oral; inibidores da ECA; esteroides anabolizantes e hormônios sexuais masculinos; cloranfenicol; derivados cumarínicos ; ciclofosfamidas; disopiramida; fenfluramina; feniramidol; fibratos; fluoxetina; guanetidina; ifosfamida; inibidores da MAO; miconazol; fluconazol; ácido para mino ssalicílico ; pentoxifilina (uso parenteral em doses elevadas); fenilbutazona; azapropazona; oxifembutazona; probenecida; quinolonas; salicilatos; sulfimpirazona; clarit romicina ; antibióticos sulfonamídicos; tetraciclinas; tritoqualina; trofosfamida.",1,0.65,probenecida; fluoxetina; fluconazol; insulina; fibratos,11.8,
valsartana hidroclorotiazida,INTERAÇÕES MEDICAMENTOSAS,"Durante monoterapia com valsartana, não foram observadas interações de significância clínica com os seguintes fármacos: cimetidina, varfarina, furosemida, digoxina, atenolol, indometacina, hidroclorotiazida, anlodipino e glibenclamida. - hidroclorotiazida As seguintes interações medicamentosas potenciais podem ocorrer em função do componente tiazídico deste medicamento : Outros medicamentos anti -hipertensivos Os diuréticos tiazídicos potencializam a ação dos anti -hipertensivos e de outros medicamentos anti -hipertensivos (por ex.: guanetidina, metildopa, betabloqueadores, vasodilatadores, bloqueadores dos canais de cálcio, inibidores da ECA, bloqueadores dos receptores da angiotensina (BRA) e inibidores diretos da renina (IDR)).",1,0.65,varfarina; digoxina; glibenclamida; hidroclorotiazida; furosemida,11.8,
gliclazida,INTERAÇÕES  MEDICAMENTOSAS,"Associações que requerem precauções especiais: A potencialização do efeito da diminuição da glicose no sangue, em alguns casos, pode causar hipoglicemia em caso de tratamento concomitante com os seguintes fármacos: outros antidiabéticos (insulina, acarbose, metformina, tiazolidinediona, inibidores da dipeptil peptidase -4, agonistas dos receptores GLP -1), betabloqueadores, fluconazol, inibidores da enzima conversora de angiotensina (captopril, enalapril), antagonistas do receptor H2, IMAO, sulfonamidas, claritromicina e anti -inflamatórios não -esteroidais. 2) Produtos que podem aumentar os níveis de glicose no sangue Associação não recomendada: - danazol: efeito diabetogênico do danazol.",1,0.65,claritromicina; metformina; captopril; fluconazol; insulina,11.8,
gliclazida,INTERAÇÕES  MEDICAMENTOSAS,"Associações que requerem precauções especiais: A potencialização do efeito da diminuição da glicose no sangue, em alguns casos, pode causar hipoglicemia em caso de tratamento concomitante com os seguintes fármacos: outros antidiabéticos (insulina, acarbose, metformina, tiazolidinediona, inibidores da dipeptidil peptidase -4, agonistas dos receptores GLP -1), betabloqueadores, fluconazol, inibidores da enzima conversora de angiotensina (captopril, enalapril), antagonistas do receptor H2, IMAO, sulfonamidas, claritromicina e anti -inflamatórios não -esteroidais. 2) Produtos que podem aumentar os níveis de glicose no sangue Associação não recomendada: - danazol: efeito diabetogênico do danazol Se a combinação for inevitável, advertir o paciente e enfatizar a importância do monitoramento dos níveis de glicose no sangue e urina.",1,0.65,claritromicina; metformina; captopril; fluconazol; insulina,11.8,
