medicamento_alvo,medicamento_outro,contexto,classe,fonte,origem,confianca
dicloridrato de hidroxizina,cetoconazol,"Exemplos de medicamentos associad os ao prolongamento do intervalo QT e/ou Torsades de Pointes estão listados abaixo (mas não se limitam a apenas estes): - Antiarrítmicos classe IA (quinidina, procainamida, disopiramida); - Antiarrítmicos classe III (amiodarona, sotalol, bretílio); - Antiarrítmicos classe IC (flecainida, propafenona); - Antipsicóticos (clorpromazina, haloperidol, pimozida, droperidol, ziprasidona, risperidona, olanzapina); - Antidepressivos (fluoxetina, citalopram, venlafaxina, antidepressivos tricíclicos e tetracíclicos por exemplo amitriptilina, imipramina, maprotilina); - Opioides (metadona); - Antibióticos macrolídeos e análogos (eritromicina, claritromicina, azitromicina, tacrolim o); - Quinolonas (moxifloxacino, ciprofloxacino, levofloxacino); - pentamidina; - Antimaláricos (quinina, cloroquina); - Antifúngicos azólicos (cetoconazol, fluconazol, voriconazol); - domperidona; - Antagonistas dos receptores 5-HT 3 (ondansetrona); - trióxido de arsênio; - Inibidores da tirosin a quinase (vandetanibe, sunitinibe, nilotinibe); - vorinostat e (inibidor da histona deacetilase); - Agonista do receptor adrenérgico beta-2 (salmeterol, formoterol).",2,fonte1,manual,1.0
ciclosporina,eritromicina,"Interações que aumentam os níveis de ciclosporina Antibióticos macrolídeos (por exemplo, eritromicina – vide “Advertências e Precauções – precauções adicionais em dermatite atópica” - azitromicina e claritromicina), cetoconazol, fluconazol, itraconazol, voriconazol; diltiazem, nicardipin a, verapamil; metoclopramida; anticoncepcionais orais; danazol; metilprednisolona (doses elevadas), alopurinol, amiodarona, ácido cólico e derivados; inibidores de protease, imatinibe; colchicina; nefazodona.",1,fonte1,manual,1.0
sinvastatina,claritromicina,"ADVERTÊNCIAS E PRECAUÇÕES, Gravidez e Lactação); • Administração concomitante de inibidores potentes do CYP3A4 (por exemplo, itraconazol, cetoconazol, posaconazol, voriconazol, inibidores da protease do HIV, boceprevir, telaprevir, eritromicina, claritromicina, telitromicina, nefazodona e medicamentos contendo cobicistate) (veja item 5.",2,fonte1,manual,1.0
cloridrato de donepezila,sertralina,"O metabolis mo do cloridrato de done pezila não é alterado pela administração concomitante de digoxina, cimetidina, tioridazina, risperidona e sertralina.",0,fonte1,manual,1.0
hidrotheo,ranitidina,"Hidróxido de Alumínio não deve ser administrado concomitantemente aos antibióticos que contêm tetraciclina (ou qualquer um dos seus sais), e de drogas como: Antagonistas H2, benzodiazepínicos, fenotiazinas, diflunisal, digoxina, , fluorquinolonas, propanolol, penicilaminas, neurolépticos fenotiazínicos, metoprolol, , ranitidina, sais de lítio, sais de , cefdinir, cefpodoxima, cloroquina, ciclinas, bifosfonato, etambutol, fluoreto de sódio, glicocorticóides, , isoniazida, , levotiroxina, lincosamidas, rosuvastatina ou ácido acetilsalicílico, pois pode haver diminuição da absorção destes medicamentos.",2,fonte2,automatica,0.8
cloridrato de donepezila cloridrato de memantina,risperidona,"O cloridrato de donepezila e seus metabólitos não inibem o metabolismo da teofilina, varfarina, cimetidina, digoxina, tioridazina, risperidona e sertralina em humanos.",0,fonte1,manual,1.0
cloridrato de donepezila cloridrato de memantina,cimetidina,"Existe um relato de caso clínico publicado sobre um possível risco da combinação da memantina com a fenitoína. • Outras substâncias ativas como cimetidina, ranitidina, procaínamida, quinidina, quinina e nicotina, que utilizam o mesmo sistema de transporte renal de cátions que a amantadina, também poderão interagir com a memantina levando a um risco potencial de aumento dos seus níveis séricos. • É possível que haja uma redução dos níveis séricos da hidroclorotiazida (HCT) quando esta, ou qualquer combinação contendo hidroclorotiazida, é administrada concomitantemente com a memantina. • Na experiência pós -comercialização foram notificados casos isolados de aumento da relação normalizada internacional (RNI) em pacientes tratados concomitantemente com varfarina.",1,fonte1,manual,1.0
klaricid ud,claritromicina,Foram recebidos relatos de rabdomiólise em pacientes que administraram claritromicina junto com estas estatinas.,2,fonte2,automatica,0.8
bromidrato de citalopram,digoxina,"O citalopram e desmetilcitalopram são insignificantes inibidores da CYP2C9, CYP2E1 e CYP3A4, e inibidores fracos da CYP1A2, CYP2C19 e CYP2D6 quando em comparação com outros ISRS estabelecidos como inibidores significantes . levomepromazina, digoxina, carbamazepina Nenhuma mudança ou apenas mudanças muito pequenas de pouca importância clínica foram observad as quando o citalopram foi dado com substratos CYP1A2 (clozapina e teofilina), CYP2C9 (varfarina), CYP2C19 (imipramina e mefenitoína ), CYP2D6 (esparteína, imipramina, amitriptilina, a risperidona) e CYP3A4 (varfarina, carbamazepina e seu metabólito carbamazepina epóxido ) e triazolam.",0,fonte1,manual,1.0
dicloridrato de levocetirizina,cetoconazol,"INTERAÇÕES MEDICAMENTOSAS Não foram realizados estudos de interação com a levocetirizina (incluindo estudos com indutores da CYP 3A4); estudos realizados com o composto racêmico cetirizina demonstraram que não havia interações clinicamente relevantes com antipirina, pseudoefedrina, cimetidina, cetoconazol, eritromicina, azitromicina, glipizid a e diazepam.",0,fonte1,manual,1.0
hidroflux,hidroclorotiazida,"Betabloqueadores, diazóxido O uso concomitante de diuréticos tiazídicos, incluindo hidroclorotiazida, com betabloqueadores ou diazóxido, pode aumentar o risco de hiperglicemia.",1,fonte2,automatica,0.65
divalproato de sodio,olanzapina,"Medicamentos para os quais não foi detectada nenhuma int eração ou com interação sem relevância: antiácidos, cimetidina, ranitidina, clorpromazina, haloperidol, paracetamol, lítio, lorazepam, olanzapina, rufinamida.",0,fonte1,manual,1.0
ultracet,paracetamol,Risco aumentado de hepatotoxicidade (dano no fígado) com uso de álcool Alcoólatras crônicos podem estar sob risco aumentado de toxicidade hepática com o uso excessivo de paracetamol.,2,fonte2,automatica,0.8
drospirenona etinilestradiol,atorvastatina,"INTERAÇÕES MEDICAMENTOSAS Fármacos que reconhecidamente interagem com COCs incluem: - Indutores de enzimas hepáticas como rifampicina; - Fármacos antiepiléticos (DAEs), incluindo fenobarbital, fenitoína, primidona, carbamazepina, oxcarbazepina, topiramato e felbamato; - Fármacos que aumentam os parâmetros farmacocinéticos, incluindo atorvastatina (aumenta os valores da área sob a curva – ASC); - Antibacterianos/antifúngicos, incluindo ampicilina, tetraciclina e griseofulvina; modafinila; - Antirretrovirais (ritonavir); - E possivelmente, a fenilbutazona.",1,fonte1,manual,1.0
acido acetilsalicilico,corticosteroides,"Combinações que requerem precauções para o uso: · metotrexato em doses inferiores a 15 mg/semana: aumento da toxicidade hematológica do metotrexato (diminuição da depuração renal do metotrexato por agentes anti -inflamatórios em geral e deslocamento do metotrexato de sua ligação na proteína plasmática pelos salicilatos); · Anticoagulantes, trombolíticos/ outros inibidores da agregação plaquetária/ hemóstase : aumento do risco de sangramento; · Outros anti -inflamatórios não -esteroidais com salicilatos em doses elevadas: aumento do risco de úlceras e sangramento gastrintestinal devido ao efeito sinérgico; · Inibidores seletivos da recaptação de serotonina ( ISRSs ): aumento do risco de sangramento gastrintestinal superior possivelmente em razão do efeito sinérgico ; · digoxina: aumento das concentrações plasmáticas de digoxina em função da diminuição da excreção renal; · Antidiabéticos, por exemplo, insulina e sulfonilureias: aumento do efeito hipoglicêmico por altas doses do ácido acetilsalicílico por ação hipoglicêmica do ácido acetilsalicílico e deslocamento da sulfonilureia de sua ligação nas proteínas plasmáticas; · Diuréticos em combinação com ácido acetilsalicílico em altas doses: diminuição da filtração glomerular por diminuição da síntese renal de prostaglandina; · Glicocorticoides sistêmicos, exceto hidrocortisona usada como terapia de reposição na doença de Addison: diminuição dos níveis de salicilato plasmático durante o tratamento com corticosteroides e risco de superdose de salicilato após interrupção do tratamento, devido ao aumento da eliminação de salicilatos pelos corticosteroides; · Inibidores da enzima conversora de angiotensina (ECA) em combinação com ácido acetilsalicílico em altas doses: diminuição da filtração glomerular por inibição das prostaglandinas vasodilatadoras.",1,fonte1,manual,1.0
oroxadin,fibratos,"Associação não recomendada Como com outros fibratos, o risco de rabdomiólise e mioglobinúria pode ser aumentado se o ciprofibrato for utilizado em associação com inibidores da HMG CoA redutase.",2,fonte2,automatica,0.8
hidrotheo,levotiroxina,"Hidróxido de Alumínio não deve ser administrado concomitantemente aos antibióticos que contêm tetraciclina (ou qualquer um dos seus sais), e de drogas como: Antagonistas H2, benzodiazepínicos, fenotiazinas, diflunisal, digoxina, , fluorquinolonas, propanolol, penicilaminas, neurolépticos fenotiazínicos, metoprolol, , ranitidina, sais de lítio, sais de , cefdinir, cefpodoxima, cloroquina, ciclinas, bifosfonato, etambutol, fluoreto de sódio, glicocorticóides, , isoniazida, , levotiroxina, lincosamidas, rosuvastatina ou ácido acetilsalicílico, pois pode haver diminuição da absorção destes medicamentos.",2,fonte2,automatica,0.8
montelucaste de sodio dicloridrato de levocetirizina,diazepam,"Levocetirizina Não há estudos de interação com a levocetirizina, e resultados de estudos demonstraram que não houve interações medicamentosas clinicamente relevantes com uso concomitante do composto racêmico de cetirizina com pseudoefedrina, antipirina, cimetidina, cetoconazol, eritromicina, azitromicina, glipizida e diazepam.",0,fonte1,manual,1.0
ibuprofeno,insulina,"O uso concomitante de qualquer AINE com os seguintes fármacos deve ser evitado, especialmente nos casos de administração crônica: ácido acetilsalicílico, paracetamol, colchicina, iodetos, medicamen tos fotossensibilizantes, outros anti -inflamatórios não esteroides, corticosteroides, corticotrofina, uroquinase, hipoglicemiantes orais ou insulina, anti -hipertensivos e diuréticos, ácido valpr oico, plicamicina, sais de ouro, ciclosporina, lítio, probenec ida, inibidores da ECA, agentes anticoagulantes ou trombolíticos, inibidores de agregação plaquetária, cardiotônicos digitálicos, digoxina e metotrexato.",2,fonte1,manual,1.0
hemitartarato de zolpidem,ranitidina,"Outros medicamentos Quando o hemitartarato de zolpidem foi administrado junto com varfarina, digoxina, ranitidina ou cimetidina, nenhuma interaçã o farmacocinética foi observada.",0,fonte1,manual,1.0
fosfato de sitagliptina,metformina,"Avaliação In Vivo de Interações Medicam entosas Efeito da Sitagliptina sobre Outros Fá rmaco s Nos e studos clínicos, como se descreve a seguir, a sitagliptina não alterou significativamente a farmacocinética da metformina, da glibenclamida, da sinvastatina, da rosiglitazona, da varfarina ou dos an ticoncepcionais orais, fornecendo evidências i n viv o de ba ixa propensão a causar interações medicamentosas com substratos do citocromo P450 3A4, citocromo P450 2C8, citocromo P450 2C9 e do transportador orgânico catiônico (TOC).",0,fonte1,manual,1.0
cronobe complex,metotrexato,"Produtos contendo salicilatos, cloranfenicol, colchicina, isoniazida, aminoglicosídios, sulfametoxazol, metotrexato, eritromicina, anticonvulsionantes e suplementos de potássio, podem diminuir a absorção da vitamina B12. 7.",1,fonte1,manual,1.0
clopido gran,nifedipino,Não foram observadas interações clinicamente importantes quando o clopidogrel foi usado em associação com o ou com o ou ainda o clopidogrel usado junto com o atenolol e o nifedipino.,0,fonte2,automatica,0.85
cloridrato de donepezila,cimetidina,"O cloridrato de donepezila e seus metabólit os não inibem o metabolis mo da teofilina, varfarina, cimetidina, digoxina, tioridazina, risperidona e sertralina em humanos.",0,fonte1,manual,1.0
olanzapina zydus nikkho,olanzapina,O hábito de fumar pode interferir no tratamento com olanzapina.,1,fonte2,automatica,0.65
everolimo,itraconazol,"Interação com fortes inibidores, indutores da CYP3A4 Não é recomendada a coadministração com fortes inibidores da CYP3A4 (por exemplo, cetoconazol, itraconazol, voriconazol, claritromicina, telitromicina, ritonavir) e indutores (por exe mplo, rifampicina, rifabutina , erva de São João, carbamazepina, fenitoína ) a menos que os benefícios superem os possíveis riscos.",2,fonte1,manual,1.0
genfibrozila ems,colchicina,O risco de toxicidade neuromuscular (dano ao tecido nervoso e músculos) e rabdomiólise (destruição das células musculares) pode ser aumentado com a administração concomitante de colchicina e genfibrozila.,2,fonte2,automatica,0.8
sinvastatina,itraconazol,"O uso concomitante de medicamentos conhecidos por apresentarem um potent e efeito inibitório sobre a CYP3A4 (por exemplo, itraconazol, cetoconazol, posaconazol, voriconazol, eritromicina, claritromicina, telitromicina, inibidores da protease do HIV, boceprevir, telaprevir, nefazodona e medicamentos contendo cobicistate) é contr aindicado (veja os itens 4.",2,fonte1,manual,1.0
unimedrol,diltiazem,"O uso com anticonvulsivantes ( ), anticolinérgicos (substâncias antagonistas da ação de fibras nervosas parassimpáticas que liberam acetilcolina), anticolinesterásicos (drogas que inibem a ação da enzima colinesterase), antidiabéticos, antieméticos, antifúngicos, antivirais (inibidores da HIV-protease), inibidor da aromatase (droga usada no tratamento do câncer de mama e ovário), bloqueadores dos canais de cálcio (diltiazem), contraceptivos orais (etinilestradiol, noretindrona), imunossupressores ( ), antibióticos da classe dos macrolídeos (troleandomicina), anti-inflamatórios não esteroidais (ácido acetilsalicílico) e agentes depletores de potássio (drogas que aumentam a perda de potássio, como por exemplo, ) pode aumentar ou diminuir a quantidade de succinato sódico de metilprednisolona no sangue, o que poderá resultar em alteração na posologia do medicamento, conforme critério médico.",1,fonte2,automatica,0.65
cloridrato de donepezila,varfarina,"O cloridrato de donepezila e seus metabólito s não inibem o metabolis mo da teofilina, varfarina, cimetidina, digoxina, tioridazina, risperidona e sertralina em humanos.",0,fonte1,manual,1.0
besilato de anlodipino,digoxina,Estudos Especiais: Efeito do anlodipino sobre Outro s Agentes atorvastatina: a coadministração de doses múltiplas de 10 mg de an lodipino e 80 mg de atorvastatina não resultou em m udança significante nos parâmetros farmacocinéticos no est ado de equilíbrio ( steady state ) da atorvastatina. digoxina: a coadministração de anlodipino e digoxina não alte rou os níveis séricos ou o clearance renal de digoxina nos voluntários sadios. etanol (Álcool): dose única e doses múltiplas de 10 mg de anlodipino não tiveram efeito significante na farmacocinética do etanol. varfarina: a coadministração de anlodipino com varfarina não a lterou o tempo de resposta de protrombina da varfar ina. ciclosporina: nenhum estudo de interação medicamentosa foi conduz ido com a ciclosporina e o anlodipino em voluntário s saudáveis ou outras populações com exceção dos paci entes com transplante renal.,0,fonte1,manual,1.0
pyloripac,sinvastatina,"É contraindicado o uso de claritromicina em conjunto com lovastatina ou sinvastatina, o que aumenta a concentração de claritromicina no sangue e aumenta o risco de miopatia (doença muscular), incluindo a rabdomiólise (necrose ou desintegração no músculo esquelético).",2,fonte2,automatica,0.9
zyvalprex,metotrexato,"Os prescritores devem monitorar a resposta clínica (controle da convulsão ou controle do humor) e considerar o monitoramento dos níveis séricos de valproato conforme apropriado. : Alguns relatos de casos descrevem uma diminuição significativa dos níveis séricos de valproato após a administração de metotrexato, com ocorrência de convulsões.",1,fonte2,automatica,0.75
effient,anticoagulantes,"Você deve informar ao seu médico todos os medicamentos que estiver usando. deve ser administrado com cautela em pacientes tomando os seguintes medicamentos: Varfarina (ou outros medicamentos anticoagulantes) e anti-inflamatórios não esteroidais. pode ser administrado concomitantemente com os seguintes medicamentos: Estatinas, ácido acetilsalicílico, heparina, e antiácidos.",1,fonte2,automatica,0.65
empagliflozina,varfarina,"A empagliflozina não teve efeito clinicamente relevante sobre a farmacocinética da glimepirida, pioglitazona, sitagliptina, varfarina, digoxina, ramipril, sinvastatina, hidroclorotiazida, torasemida e contraceptivos orais, quando coadministradas em voluntários sadios.",0,fonte1,manual,1.0
losartana potassica hidroclorotiazida,losartana,"INTERAÇÕES MEDICAMENTOSAS Losartana Losartana potássica_Hidroclorotiazida_bula_profissi onal 10 Não foram identificadas interações medicamentosas d e significado clínico com os seguintes compostos av aliados nos estudos de farmacocinética clínica: hidroclorotiazida, digoxin a, varfarina, cimetidina, fenobarbital (vide Hidroclorotiazida - Álcool, barbituratos ou narcóticos, a seguir), cetoconazol e eritromicina.",0,fonte1,manual,1.0
losartana potassica hidroclorotiazida,digoxina,"INTERAÇÕES MEDICAMENTOSAS Losartana Não foram identificadas interações medicamentosas de significado clínico com os seguintes compostos avaliados nos estudos de farmacocinética clínica: hidroclorotiazida, digoxina, varfarina, cimetidina, fenobarbital (veja Hidroclorotiazida, Álcool, Barbituratos ou Narcóticos , a seguir), cetoconazol e eritromicina.",0,fonte1,manual,1.0
fosfato de sitagliptina,varfarina,"Avaliação In Vivo de Interações Medicam entosas Efeito da Sitagliptina sobre Outros Fá rmaco s Nos e studos clínicos, como se descreve a seguir, a sitagliptina não alterou significativamente a farmacocinética da metformina, da glibenclamida, da sinvastatina, da rosiglitazona, da varfarina ou dos an ticoncepcionais orais, fornecendo evidências i n viv o de ba ixa propensão a causar interações medicamentosas com substratos do citocromo P450 3A4, citocromo P450 2C8, citocromo P450 2C9 e do transportador orgânico catiônico (TOC).",0,fonte1,manual,1.0
cabazitaxel,claritromicina,"INTERAÇÕES MEDICAMENTOSAS Medicamento -medicamento O metabolismo de cabazitaxel é modificado pela administração concomitante de substâncias conhecidas como fortes inibidores (ex: cetoconazol, itraconazol, claritromicina, atazanavir, indinavir, nefazodona, nelfinavir, ritonavir, saquinavir, telitromicina, voriconazol) ou fortes indutores (ex: rifampicina, carbamazepina ou fenitoína) da CYP3A.",1,fonte1,manual,1.0
claritromicina,varfarina,"São ex emplos, mas não se resume a: anticoagulantes orais (ex. varfarina, rivaroxabana, apixabana), antipsicóticos atípicos (ex. quetiapina, lurasidona) alcaloides do ergot, alprazolam, astemizol, carbamazepina, cilostazol, cisaprida, metilprednisolona, omeprazol , pimozida, quinidina, sildenafila, sinvastatina, terfenadina, triazolam, sirolimo, tacrolimo, lovastatina, disopiramida, midazolam, ciclosporina, hidroxicloroquina, cloroquina, vimblastina, rifabutina, ticagrelor, ivabradina e ranolazina.",2,fonte1,manual,1.0
levitra,eritromicina,"O uso de Levitra comprimido orodispersível é contraindicado para pacientes sob tratamento com cobicistate, eritromicina, cetoconazol, itraconazol, claritromicina, indinavir ou ritonavir.",2,fonte2,automatica,0.9
alprazolam,eritromicina,"Baseando -se no grau de interação e no tipo de dados disponíveis, recomenda -se o seguinte: - a coadministração de alprazol am com cetoconazol, itraconazol e outros antifúngicos azólicos não é recomendada; - recomenda -se cautela e consideração d a redução d e dose quando alprazolam é coadministrado com nefazodona, fluvoxamina e cimetidina; - também se recomenda cautela quando alp razolam é coadministrado com fluoxetina, propoxifeno , anticoncepcionais orais, diltiazem, ou antibióticos macrolídeos como eritromicina e troleandomicina; - as interações envolvendo inibidores da protease do vírus da imunodeficiência humana (HIV) (por exemplo, ritonavir) e alprazolam são complexas e dependentes do tempo.",2,fonte1,manual,1.0
pravacol,fibratos,"Um aumento do risco de eventos adversos relacionados com os músculos, incluindo rabdomiólise, têm sido relatados quando os fibratos são coadministrados com outras estatinas.",2,fonte2,automatica,0.8
telmisartana hidroclorotiazida,ibuprofeno,"A coadministração de telmisartana não resultou em interações clinicamente significativas com a varfarina, a hidroclorotiazida, a glibenclamida, o ibuprofeno, o paracetam ol, a sinvastatina e o anlodipino.",0,fonte1,manual,1.0
cloridrato de tansulosina,diazepam,"In vitro, nem diazepam, propranolol, triclormetiazida, clormadinona, amitriptilina, diclofenaco, glibenclamida ou sinvastatina e varfarina modificam a fração livre d e tansulosina no plasma humano.",0,fonte1,manual,1.0
rapamune,ciclosporina,Os pacientes que recebem Rapamune e ciclosporina e/ ou inibidores de H MG-CoA redutase e/ou fibratos devem ser monitorados quanto ao desenvolvimento de rabdomiólise (quebra das fibras musculares).,2,fonte2,automatica,0.8
dienogeste,eritromicina,"Inibi dores potentes e moderados do CYP3A4, tais como antifúngicos azólicos (por exemplo, itraconazol, voriconazol, fluconazol), verapamil, macrolídeos (por exemplo, claritromicina, eritromicina), diltiazem e suco de toranja (“grapefruit”) podem aumentar as conc entrações plasmáticas desta progestina.",1,fonte1,manual,1.0
glimepirida,probenecida,"Potencialização do efeito hipoglicemiante e, portanto, em alguns casos, pode ocorrer hipoglicemia quando um dos seguintes fárma cos é administrado: Insulina ou outro antidiabético oral; inibidores da ECA; esteroides anabolizantes e hormônios sexuais masculinos; cloranfenicol ; derivados cumarínicos; ciclofosfamidas; disopiramida; fenfluramina; feniramidol; fibratos; fluoxetina; guanetidina; ifosfamida; inibidore s da MAO; miconazol; fluconazol; ácido para-aminosalicílico; pentoxifilina (uso parenteral em doses elevadas); fenilbutazona; azapropazon a; oxifembutazona; probenecida; quinolonas; salicilatos; sulfimpirazona; claritomicina; antibióticos sulfonamídicos; tetraciclinas; tritoqualina; trofosfamida.",1,fonte1,manual,1.0
fluconazol,nifedipino,"Podem ser necessários ajustes da dose da carbamazepina dependendo de determin ações da concentração/efeito. bloqueadores do canal de cálcio: determinados antagonistas de canal de cálcio di -hidropiridínicos (nifedipino, isradipino, anlodipino, verapamil e felodipino) são metabolizados pela CYP3A4.",1,fonte1,manual,1.0
pantozol,digoxina,"Não há interação medicamentosa clinicamente importante de Pantozol com as seguintes substâncias testadas: Carbamazepina, cafeína, diazepam, diclofenaco, digoxina, etanol, glibenclamida, metoprolol, naproxeno, nifedipina, fenitoína, teofilina, piroxicam e contraceptivos orais contendo levonorgestrel e etinilestradiol.",0,fonte2,automatica,0.85
xolair,corticosteroides,"Solução injetável / Pó liofilizado Informe seu médico ou farmacêutico se você está tomando ou tomou recentemente qualquer outro medicamento, mesmo aqueles sem prescrição médica. pode ser usado junto com corticosteroides inalatórios e/ou intranasais e outros medicamentos para asma alérgica e/ou rinossinusite crônica com pólipos nasais, bem como com anti-histamínicos H1 e H2 e LTRAs (antagonistas do receptor de leucotrienos) para urticária crônica espontânea, mas mesmo assim é importante informar o seu médico que você está tomando estes medicamentos antes da administração de Xolair Informe ao seu médico ou cirurgião-dentista se você está fazendo uso de algum outro medicamento.",0,fonte2,automatica,0.85
pantoprazol sódico sesqui hidratado medley,digoxina,"Não há interação medicamentosa clinicamente importante com as seguintes substâncias testadas: Carbamazepina, cafeína, diazepam, diclofenaco, digoxina, etanol, glibenclamida, metoprolol, naproxeno, nifedipino, fenitoína, teofilina, piroxicam e contraceptivos orais contendo levonorgestrel e etinilestradiol.",0,fonte2,automatica,0.85
levitra,cetoconazol,Levitra não deve ser administrado com doses de cetoconazol ou itraconazol maiores que 200 mg.,2,fonte2,automatica,0.8
pantoprazol sodico sesqui-hidratado,carbamazepina,"Os estudos de interação com fármacos que também são metabolizados com estas vias, como a carbamazepina, diazepam, glibenclamida, nifedipino, fenitoína e um contraceptivo oral contendo levonorgestrel e etinilestradiol, não se observaram interações clínicas significativas.",0,fonte1,manual,1.0
sinvastatina,eritromicina,"ADVERTÊNCIAS E PRECAUÇÕES, Gravidez e Lactação ); • Administração concomitante de inibidores potentes do CYP3A4 (por exemplo, itraconazol, cetoconazol, posaconazol, voriconazol, inibidores da protease do HIV, boceprevir, telaprevir, eritromicina, claritromicina, telitromicina, nefazodona e medicamentos contendo cobicistate) (veja o item 5.",2,fonte1,manual,1.0
empagliflozina,hidroclorotiazida,"A empagliflozina não teve efeito clinicamente relevante sobre a farmacocinética da glimepirida, pioglitazona, sitagliptina, varfarina, digoxina, ramipril, sinvastatina, hidroclorotiazida, torasemida e contraceptivos orais, quando coadministradas em voluntários sadios.",0,fonte1,manual,1.0
cloridrato de moxifloxacino,probenecida,"INTERAÇÕES MEDICAMENTOSAS Para as seguintes substâncias foi comprovada a ausência de interação clinicamente relevante com cloridrato de moxifloxacino: atenolol, ranitidina, suplementos de cálcio, teofilina, ciclosporina, contraceptivos orais, glibenclamida, itraconazol, digoxina, m orfina, probenecida.",0,fonte1,manual,1.0
sinvastatina,cetoconazol,"ADVERTÊNCIAS E PRECAUÇÕES, Gravide z e Lactação ); • Administração concomitante de inibidores potentes do CYP3A4 (por exemplo, itraconazol, cetoconazol, posaconazol, voriconazol, inibidores de protease do HIV, boceprevir, telaprevir, eritromicina, claritromicina, telitromicina, nefazodona e medicamentos contendo cobicistate) (veja os itens 5.",2,fonte1,manual,1.0
claritromicina,omeprazol,"São ex emplos, mas não se resume a: anticoagulantes orais (ex. varfarina, rivaroxabana, apixabana), antipsicóticos atípicos (ex. quetiapina, lurasidona) alcaloides do ergot, alprazolam, astemizol, carbamazepina, cilostazol, cisaprida, metilprednisolona, omeprazol , pimozida, quinidina, sildenafila, sinvastatina, terfenadina, triazolam, sirolimo, tacrolimo, lovastatina, disopiramida, midazolam, ciclosporina, hidroxicloroquina, cloroquina, vimblastina, rifabutina, ticagrelor, ivabradina e ranolazina.",2,fonte1,manual,1.0
mecobe,aines,"INTERAÇÕES MEDICAMENTOSAS Antibióticos (penicilina, cefalexina, ciprofloxacina), metformina, óxido nitroso, colchicina e outros anti -inflamatórios não esteroidais – AINEs (ibuprofeno, ácido acetilsalicílico e sulfassalazina), diminuem a absorção dos análogos de vitamina B12 e induzem condição de má absorção reversível do micronutriente ao alterarem a função gastrointestinal.",1,fonte1,manual,1.0
hemitartarato de zolpidem,cimetidina,"Outros medicamentos Quando o hemitartarato de zolpidem foi administrado junto com varfarina, digoxina, ranitidina ou cimetidina, nenhuma interaçã o farmacocinética foi observada.",0,fonte1,manual,1.0
ramelteona,sertralina,"Outras informações relevantes de estudos de interação medicamentosa: Os estudos de interação da administração concomitante de ramelteona com fluoxetina (inibidor da CYP2D6), omeprazol (indutor da CYP1A2/inibidor da CYP2C19), teofilina (substrato da CYP1A2), dextrometorfano (substrato da CYP2D6), sertralina, venlafaxina, escitalopram, gabapentina, lorazepam e zolpidem não produziram alterações clinicamente significativas nas exposições máxima e total à ramelteona ou ao metabólito M -II.",0,fonte1,manual,1.0
besilato de anlodipino losartana potassica,fluconazol,"Efeito de interação: aumento da concentração sérica de anlodipino e toxicidade (tontura, hipotensão, rubor, cefaleia , edema periférico) Medicamento: fluconazol, cetoconazol, itraconazol Efeito de interação: aumento da concentração sérica dos bloqueadores dos canais de cálcio.",1,fonte1,manual,1.0
atorvastatina calcica,fibratos,"INTERAÇÕES MEDICAMENTOSAS O risco de miopatia durante o tratamento com inib idores da HMG-CoA redutase se apresenta aumentado com a administração concomitante de ciclosporina, fibratos, niacina em do ses que alteram o perfil lipídico ou inibidores de citocromo P450 3A4/ transportadores, (por exemplo, eritromicina e antifúngicos azólicos) (vide “POSOLOGIA E MODO DE USAR: Uso combinado com outros medicamentos” e “Advertências e Precauções: Efeitos na Musculatura Esquelética”).",1,fonte1,manual,1.0
cloridrato de lercanidipino,itraconazol,"A coadministração do lercanidipino com inibidores do CYP3A4 deve ser evitada (por exemplo, o cetoconazol, itraconazol, ritonavir, eritromicina, troleandomicina, claritromicina) (vide “Contraindicações”). ciclosporina A ciclosporina e o lercanidipino não devem ser administrados juntamente (vide “Contraindicações”).",2,fonte1,manual,1.0
lamotrigina,olanzapina,"Tabela 1: Efeito de drogas na concentração da lamotrigina (ver Posologia e Modo de Usar): Drogas que aumentam a concentração da lamotrigina Drogas que reduzem a concentração da lamotrigina Drogas que têm pouco ou nenhum efeito na concentração da lamo trigina Valproato carbamazepina lítio fenitoína bupropiona primidona olanzapina fenobarbitona oxcarbazepina rifampicina felbamato lopinavir/ritonavir gabapentina atazanavir/ritonavir* levetiracetam Associação de etinilestradiol/levonorgestrel** pregabalina topiramato zonisamida aripiprazol lacosamida perampanel paracetamol *Para orientações de dosagem, ver Posologia e Modo de Usar – Recomendações gerais para populações de pacientes especiais, adicionalmente para mulheres tomando contraceptivos orais ver também Advertências e Precauções – Contraceptivos hormonais.",1,fonte1,manual,1.0
zitromil,cimetidina,"Foi realizado um estudo de farmacocinética para avaliar os efeitos de dose única de cimetidina administrada duas horas antes da Azitromicina Di-Hidratada, neste estudo não foram observadas quaisquer alterações na farmacocinética da Azitromicina Di-Hidratada. orais do tipo cumarínicos Em um estudo de interação farmacocinética, a Azitromicina Di-Hidratada não alterou o efeito anticoagulante de uma dose única de 15 mg de varfarina, quando administrada a voluntários sadios.",0,fonte2,automatica,0.85
empagliflozina,sinvastatina,"A empagliflozina não teve efeito clinicamente relevante sobre a farmacocinética da glimepirida, pioglitazona, sitagliptina, varfarina, digoxina, ramipril, sinvastatina, hidroclorotiazida, torasemida e contraceptivos orais, quando coadministradas em voluntários sadios.",0,fonte1,manual,1.0
cloridrato de donepezila,cimetidina,"O cloridrato de donepezila e seus metabólitos não i nibem o metabolismo da teofilina, varfarina, cimetidina, digoxina, tioridazina, risperidona e se rtralina em humanos.",0,fonte1,manual,1.0
cloridrato de donepezila,sertralina,"O cloridrato de donepezila e seus metabólit os não inibem o metabolis mo da teofilina, varfarina, cimetidina, digoxina, tioridazina, risperidona e sertralina em humanos.",0,fonte1,manual,1.0
paracetamol cloridrato de pseudoefedrina ems,paracetamol,"O paracetamol + cloridrato de pseudoefedrina não deve ser administrado a pacientes que estejam usando bicarbonato de sódio, pois pode levar a agitação, hipertensão (aumento da pressão arterial) e taquicardia (aumento do batimento cardíaco).",2,fonte2,automatica,0.8
klaricid,claritromicina,"Inibidores da HMG-CoA redutase (estatinas): O uso concomitante de claritromicina com lovastatina ou sinvastatina é contraindicado (ver Contraindicações), devido ao possível aumento do risco de miopatia (doença muscular), incluindo rabdomiólise (destruição do músculo esquelético).",2,fonte2,automatica,0.9
telmisartana,ibuprofeno,"A coadministração de telmisartana não resultou em interações clinicamente significativas com digoxina, varfarina, hidroclorotiazida, glibenclamida, ibuprofeno, paracetamol, sinvastatina e anlodipino.",0,fonte1,manual,1.0
zelix,atorvastatina,"Medicamentos inibidores da HMG-CoA redutase (p. ex.: , atorvastatina) usados com Zelix 150 mg podem aumentar o risco do paciente evoluir com dor muscular (miopatia) e morte das células musculares (rabdomiólise); deve ter sua dose reduzida quando coadministrado com Zelix 150 mg, conforme instruído na bula e recomendado pelo seu médico;",2,fonte2,automatica,0.8
ramelteona,digoxina,"A administração concomitante de ramelteona com omeprazol (substrato da CYP2C19), dextrometorfano (substrato da CYP2D6), midazolam (substrato da CYP3A4), teofilina (substrato da CYP1A2), digoxina (substrato da p- glicoproteína), varfarina (substrato da CYP2C 9 [S]/CYP1A2 [R]), venlafaxina, fluvoxamina, donepezila, doxepina, sertralina, escitalopram, zolpidem, lorazepam, gabapentina ou contraceptivo oral combinado contendo estradiol e levonorgestrel não produziu alterações clinicamente significativas nas exposi ções máxima e total a essas drogas.",0,fonte1,manual,1.0
sulfato de hidroxicloroquina,ciclosporina,"Alguns medicamentos e sulfato de hidroxicloroquina podem interferir um com o outro: isso inclui medicamentos usados para infecções por fungos (por exemplo, itraconazol), para infecções bacterianas (como rifampicina, claritromicina), para epilepsia (convulsões) (como fenitoína, carbamazepina), para distúrbios lipídicos (como genfibrozila, estatinas), para tratamento do HIV (como ritonavir), para transplante de órgãos ou distúrbios do sistema imunológico (como ciclosporina), para coágulos sanguíneos (como dabigatran, clopidogrel), para doenças do coração (como digoxina, flecainida, propafenona) e tratamento à base de plantas para a depressão: erva de São João.",1,fonte1,manual,1.0
klaricid,claritromicina,"O uso concomitante de claritromicina e colchicina é contraindicado. : quando claritromicina e digoxina são administradas concomitantemente, pode elevar a um aumento da exposição à digoxina.",2,fonte2,automatica,0.9
desogestrel,itraconazol,"A administração concomitante de inibidores fortes (por exemplo, cetoconazol, itraconazol, claritromicina) ou moderados (por exemplo, fluconazol, diltiazem, eritromicina) da CYP3A4 podem aumentar as concentrações séricas dos progestagênios, incluindo o eton ogestrel, o metabólito ativo do desogestrel.",1,fonte1,manual,1.0
besilato de anlodipino ranbaxy,anlodipino,"A fim de evitar a toxicidade do tacrolimo, a administração de besilato de anlodipino em um paciente tratado com tacrolimo exige monitoramento dos níveis de tacrolimo no sangue e ajuste da dose do tacrolimo, quando apropriado.",1,fonte2,automatica,0.65
levofloxacino,ranitidina,"A farmacocinética do levofloxacino não foi afetada em qualquer proporção clinicamente significante quando esta foi administrada concomitantemente às seguintes drogas: carbonato de cálcio, digoxina, glibenclamida, ranitidina e varfarina.",0,fonte1,manual,1.0
pantoprazol sodico sesqui-hidratado,glibenclamida,"Os estudos de interação com fármacos que também são metabolizados com estas vias, como a carbamazepina, diazepam, glibenclamida, nifedipino, fenitoína e um contraceptivo oral contendo levonorgestrel e etinilestradiol, não se observaram interações clínicas significativas.",0,fonte1,manual,1.0
tacrolimo monoidratado,rifampicina,"Uso com inibidores e indutores do CYP3A 4 Quando substâncias com potencial de interação , particularmente, fortes inibidores do CYP3A4 (por exemplo: telaprevir, boceprevir, ritonavir, cetoconazol, voriconazol, itraconazol, telitromicina ou claritromicina) ou indutores do CYP3A4 (por exemplo: rifampicina, rif abutina), são combinadas com tacroli mo, as concentrações sanguíneas de tacrolimo devem ser monitoradas para ver se há necessidade de ajuste da dose, de modo a manter uma exposição semelhante de tacrolimo.",1,fonte1,manual,1.0
lopid,colchicina,O risco de toxicidade neuromuscular e rabdomiólise pode ser aumentado com a administração concomitante de colchicina e Genfibrozila.,2,fonte2,automatica,0.8
fosfato de sitagliptina,glibenclamida,"Avaliação In Vivo de Interações Medicamentosas Efeito da Sitagliptina sobre Outros Fármacos Nos estudos clínicos, como se descreve a seguir, a sitagliptina não alterou significativamente a farmacocinética da metformina, da glibenclamida, da sinvastatina, da rosiglitazona, da varfarina ou dos anticoncepcionais orais, fornecendo evidências in vivo de baixa propensão a causar interações medicamentosas com substratos do citocromo P450 3A4, citocromo P450 2C8, citocromo P450 2C9 e do transportador orgânico catiônico (TOC).",0,fonte1,manual,1.0
losartana potassica,hidroclorotiazida,"INTERAÇÕES MEDICAMENTOSAS Nos estudos clínicos de farmacocinética realizados com hidroclorotiazida, digoxina, varfarina, cimetidina, fenobarbital, ceto conazol e eritromicina, não foram identificadas interações medicamentosas de importância clínica.",0,fonte1,manual,1.0
losartana potassica,digoxina,"INTERAÇÕES MEDICAMENTOSAS Nos estudos clínicos de farmacocinética realizados com hidroclorotiazida, digoxina, varfarina, cimetidina, fenobarbital, cetoconazol e eritromicina, não foram identificadas interações medicamentosas de importância clínica.",0,fonte1,manual,1.0
hemitartarato de zolpidem,varfarina,"Outros medicamentos : Quando o zolpidem foi administrado junto com a varfarina, a digoxina, a ranitidina ou a cimetidina, nenhuma int eração farmacocinética foi observada.",0,fonte1,manual,1.0
pantoprazol sódico sesqui hidratado medley,amoxicilina,"Exclusivo Comprimido revestido de liberação retardada 40 mg: A administração de pantoprazol simultaneamente com os antibióticos claritromicina, metronidazol e amoxicilina não revelou nenhuma interação clinicamente significativa.",0,fonte2,automatica,0.85
beserol,paracetamol,"Interações medicamentosas relacionadas ao paracetamol Interação Medicamento- Medicamento Gravidade: Moderada Medicamentos como a , diflunisal e em associação com o paracetamol apresentam risco de hepatotoxicidade e neutropenia, assim como a também pode apresentar risco aumentado de hepatoxicidade e diminuição de eficácia do paracetamol.",2,fonte2,automatica,0.8
capoten,captopril,"Em pacientes idosos com depleção de volume (incluindo aqueles em tratamento com diuréticos), ou com comprometimento da função renal, a administração concomitante de antiinflamatórios não esteroidais, incluindo inibidores seletivos de COX-2, com inibidores da ECA, incluindo o captopril, pode resultar na deterioração da função renal, incluindo possível insuficiência renal aguda .",2,fonte2,automatica,0.8
empagliflozina,hidroclorotiazida,"A farmacocinética da empagliflozina foi semelhante com e sem a coadministração de glimepirida, pioglitazona, sitagliptina, varfarina, verapamil, ramipril e sinvastatina em voluntários sadios e com ou sem coadministração de torasemida e hidroclorotiazida em pacientes com diabetes mellitus tipo 2.",0,fonte1,manual,1.0
ezetimiba sinvastatina,claritromicina,"CONTRAINDICAÇÕES • Hipersensibilidade aos princípios ativos ou a qualquer dos excipientes. • Hepatopatia ativa ou elevações persistentes e inexplicadas das transaminases séricas. • Quando houver necessidade de administrar ezetimiba + sinvastatina com fenofibrato, consulte a Circular aos Médicos (bula) de fenofibrato. • Administração concomitante de inibidores potentes do CYP3A4 (p. ex., itraconazol, cetoconazol, posaconazol, voriconazol, inibidores da protease do HIV, boceprevir, telaprevir, eritromicina, claritromicina, telitromicina, nefazodona e medicamentos contendo cobicistate) (vide 5.",2,fonte1,manual,1.0
sinvastatina,cetoconazol,"ADVERTÊNCIAS E PRECAUÇÕES, Gravidez e Lactação ); • Administração concomitante de inibidores potentes do CYP3A4 (por exemplo, itraconazol, cetoconazol, posaconazol, voriconazol, inibidores da protease do HIV, boceprevir, telaprevir, eritromicina, claritromicina, telitromicina, nefazodona e medicamentos contendo cobicistate) (veja o item 5.",2,fonte1,manual,1.0
cloridrato de hidroxizina,fluconazol,"Exemplos de drogas associadas ao prolongamento do intervalo QT e/ou Torsades de Pointes estão listados abaixo (mas não se limitam a apenas essas): - Antiarrítmicos classe IA (quinidina, procainamida, disopiramida); - Antiarrítmicos classe III (amiodarona, sotalol, bretílio); - Antiarrítmicos classe IC (flecainida, propafenona); - Antipsicóticos (clorpromazina, haloperidol, pimozida, droperidol, ziprasidona, risperidona, olanzapina); - Antidepressivos (fluoxetina, citalopram, venlafaxina, antidepressivos tricíclicos e tetracíclicos, por exemplo, amtriptilina, imipramina, maprotilina); dicloridrato_hidroxizina_sol_oral_VPS_V02 - Opioides (metadona); - Antibióticos macrolídeos e análogos (eritromicina, claritromicina, azitromicina, tacrolimus); - Quinolonas (moxifloxacino, ciprofloxacino, levofloxacino); - Pentamidina; - Antimaláricos (quinina, cloroquina); - Antifúngicos azólicos (cetoconazol, fluconazol, voriconazol); - Domperidona; - Antagonistas dos receptores 5-HT 3 (ondansetrona); - Trióxido de arsênio; - Inibidores da tirosinoquinase (vandetanibe, sunitinibe, nilotinibe); - Vorinostat (inibidor da histona deacetilase); - Agonista do receptor adrenérgico beta-2 (salmeterol, formoterol).",2,fonte1,manual,1.0
losartana potassica hidroclorotiazida,eritromicina,"INTERAÇÕES MEDICAMENTOSAS losartana Não foram identificadas interações medicamentosas de significado clínico com os seguintes c ompostos avaliados nos estudos de farmacocinética clínica: hidroclorotiazida, digoxina, varfarina, cimetidina, fenobarbital (vide Hidroclorotiazida, Álcool, Barbituratos ou Narcóticos , a seguir), cetoconazol e eritromicina.",0,fonte1,manual,1.0
drospirenona etinilestradiol,diltiazem,"Substâncias que diminuem a depuração dos COCs (inibidores enzimáticos): Inibidores potentes e moderados do CYP 3A4 tais como antifúngicos azólicos (como por exemplo, itraconazol, voriconazol, fluconazol), verapamil, macrolídeos (como por exemplo, claritromicina, eritromicina), diltiazem e suco de toranja (grapefruit) podem aumentar as concentrações plasmáticas do estrogênio ou progestógeno ou de ambos.",1,fonte1,manual,1.0
cloridrato de donepezila,varfarina,"O cloridrato de donepezila e seus metabólit os não inibem o metabolis mo da teofilina, varfarina, cimetidina, digoxina, tioridazina, risperidona e sertralina em humanos.",0,fonte1,manual,1.0
cloridrato de hidroxizina,cetoconazol,"Exemplos de drogas associadas ao prolongamento do intervalo QT e/ou Torsades de Pointes estão listados abaixo (mas não se limitam a apenas essas): - Antiarrítmicos classe IA (quinidina, procainamida, disopiramida); - Antiarrítmicos classe III (amiodarona, sotalol, bretílio); - Antiarrítmicos classe IC (flecainida, propafenona); - Antipsicóticos (clorpromazina, haloperidol, pimozida, droperidol, ziprasidona, risperidona, olanzapina); - Antidepressivos (fluoxetina, citalopram, venlafaxina, antidepressivos tricíclicos e tetracíclicos, por exemplo, amtriptilina, imipramina, maprotilina); dicloridrato_hidroxizina_sol_oral_VPS_V02 - Opioides (metadona); - Antibióticos macrolídeos e análogos (eritromicina, claritromicina, azitromicina, tacrolimus); - Quinolonas (moxifloxacino, ciprofloxacino, levofloxacino); - Pentamidina; - Antimaláricos (quinina, cloroquina); - Antifúngicos azólicos (cetoconazol, fluconazol, voriconazol); - Domperidona; - Antagonistas dos receptores 5-HT 3 (ondansetrona); - Trióxido de arsênio; - Inibidores da tirosinoquinase (vandetanibe, sunitinibe, nilotinibe); - Vorinostat (inibidor da histona deacetilase); - Agonista do receptor adrenérgico beta-2 (salmeterol, formoterol).",2,fonte1,manual,1.0
ibuliv cápsula,ibuprofeno,"Ácido valproico (auranofina, aurotiomalato de sódio); , lítio, probenecida e Recomenda-se precaução quando do uso concomitante do ibuprofeno com medicamentos para depressão (fluoxetina, sertralina, paroxetina, citalopram), pelo risco aumentado de sangramento gastrintestinal.",1,fonte2,automatica,0.65
pantoprazol sodico,nifedipino,"Os estudos de interação com fármacos que também são metabolizados com estas vias, como a carbamazepina, diazepam, glibenclamida, nifedipino, fenitoína e um contraceptivo oral contendo levonorgestrel e etinilestradiol, não se observaram interações clínicas significativas.",0,fonte1,manual,1.0
pantoprazol sódico sesqui hidratado germed pharma,contraceptivos,"Não há interação medicamentosa clinicamente importante com as seguintes substâncias testadas: , cafeína, , etanol, , metoprolol, , fenitoína, e contraceptivos orais contendo e etinilestradiol.",0,fonte2,automatica,0.85
acebrofilina,ranitidina,"O uso concomitante de acebrofilina com antibióticos macrolídeos (eritromicina), algumas quinolonas como norfloxacino e ciprofloxacino, antihistamínicos H2 (cimetidina, ranitidina, famotidina), alopurinol, diltiazem e ipriflavona, pode retardar a eliminação da teofilina, aumentando o risco de intoxicação pela mesma.",1,fonte1,manual,1.0
lasilactona,furosemida,A furosemida pode aumentar a toxicidade do salicilato.,1,fonte2,automatica,0.65
estradiol acetato de noretisterona,itraconazol,"Em alguns casos estas alterações podem ser clinicamente relevantes. - Substâncias que diminuem a depuração de hormônios sexuais (inibidores enzimáticos): Inibidore s potentes e moderados de CYP3A4, tais como, antifúngicos azólicos (por exemplo, fluconazol, itraconazol, cetoconazol, voriconazol), macrolídeos (por exemplo, claritromicina, eritromicina), verapamil, diltiazem e suco de toranja ( grapefruit ) podem aumentar as concentrações plasmáticas de estrogênio, de progestógeno ou de ambos.",1,fonte1,manual,1.0
zoltec,eritromicina,"Cisaprida, astemizol, pimozida, quinidina, eritromicina e terfenadina são contraindicados para uso concomitante com Zoltec .",2,fonte2,automatica,0.9
dapagliflozina,varfarina,"Em estudos de interação conduzidos em indivíduos sadios, utilizando principalmente o desenho de dose única, a dapagliflozina não alterou significativamente a farmacocinética da metformina, pioglitazona, sitagliptina, glimepirida, hidroclorotiazida, bumetanida, valsartana, sinvastatina, digoxina (um substrato da gp -P) ou varfarina (a varfarina é um substrato do CYP 2C).",0,fonte1,manual,1.0
fosfato de sitagliptina cloridrato de metformina,varfarina,"Fosfato de sitagliptina Nos estudos de interação medicamentosa, a sitagliptina não exerceu efeitos clinicamente significativos na farmacocinética dos seguintes fármacos: metformina, rosiglitazona, glibenclamida, sinvastatina, varfarina e anticoncepcionais orais.",0,fonte1,manual,1.0
klaricid,claritromicina,"Anticoagulantes orais de ação direta (DOACs): Recomenda-se precaução quando a claritromicina é administrada concomitantemente com a dabigatrana, rivaroxabana e apixabana, especialmente em pacientes com maior risco de sangramentos.",1,fonte2,automatica,0.65
drospirenona etinilestradiol,claritromicina,"Essas alterações podem ser clinicamente relevantes em alguns casos. - Substâncias que diminuem a depuração dos COCs (inibidores enzimáticos) Inibidores potentes e moderados do CYP 3A4 tais como antifúngicos azólicos (como por exemplo, itraconazol, voriconazol, fluconazol), verapamil, macrolídeos (como por exemplo, claritromicina, eritromicina), diltiazem e suco de toranja (grapefruit) podem aumentar as concentrações plasmáticas do estrogênio ou progestógeno ou de ambos.",1,fonte1,manual,1.0
besilato de anlodipino,anlodipino,Estudos Especiais: Efeito do anlodipino sobre Outros A gentes atorvastatina: a coadministração de doses múltiplas de 10 mg de anlodipino e 80 mg de atorvastatina não resultou em mudança significante nos parâmetros farmacocinéticos no estado de equilíbrio ( steady -state) da atorvastatina. digoxina: a coadministração de anlodipino e digoxina não alterou os níveis séricos ou o clearance renal de digoxina nos voluntários sadios. etanol (á lcool): dose única e doses múltiplas de 10 mg de anlodipino não tiveram efeito significante na farmacocinética do etanol. varfarina: a coadministração de anlodipino com varfarina não alterou o tempo de resposta de protrombina da varfarina. ciclosporina: nenhum estudo de interação medicamentosa foi conduzido com a ciclosporina e o anlodipino em voluntários saudáveis ou outras populações com exceção dos pacientes com transplante renal.,0,fonte1,manual,1.0
sinvastatina,cetoconazol,"ADVERTÊNCIAS E PRECAUÇÕES, Gravidez e Lactação); • Administração concomitante de inibidores potentes do CYP3A4 (por exemplo, itraconazol, cetoconazol, posaconazol, voriconazol, inibidores da protease do HIV, boceprevir, telaprevir, eritromicina, claritromicina, telitromicina, nefazodona e medicamentos contendo cobicistate) (veja item 5.",2,fonte1,manual,1.0
jardiance duo,metformina,"A metformina se liga aos transportadores de cátions orgânicos (OCT) e sua administração com outras substâncias que interferem nesses transportadores pode alterar a ação da metformina, como, por exemplo: O uso de metformina juntamente com o medicamento verapamil, pode diminuir o efeito da metformina; a pode aumentar a absorção de metformina no estômago e intestino, e assim aumentar o efeito da metformina; medicamentos como , dolutegravir, , trimetoprima, vendetanibe e podem diminuir a eliminação de metformina pelos rins e, assim, aumentar a concentração de metformina no sangue; os medicamentos podem interferir no efeito da metformina e também na sua eliminação pelos rins.",1,fonte2,automatica,0.65
fenitoina,cimetidina,"Eslicarbazepina, topiramato, cimetidina, omeprazol, estiripentol e fluoxetina podem levar a uma exposição elevada de fenitoína. -ácido valproico: quando coadministrado com a fenitoína, o ácido valp roico reduz a concentração plasmática total de fenitoína.",1,fonte1,manual,1.0
mecobalamina,metformina,"INTERAÇÕES MEDICAMENTOSAS Medicamentos como antibióticos (penicilina, cefalexina, ciprofloxacina , sulfasalazina , aminoglicosídeos ), metformina, óxido nitroso, inibidores da bomba de prótons , antagonistas de receptores H 2, colchicina, anti- inflamatórios não esteroidais ( AINEs ) (ibuprofeno, ácido aminossalicílico) diminuem a absorção de mecobalamina .",1,fonte1,manual,1.0
dienogeste,fluconazol,"Inibi dores potentes e moderados do CYP3A4, tais como antifúngicos azólicos (por exemplo, itraconazol, voriconazol, fluconazol), verapamil, macrolídeos (por exemplo, claritromicina, eritromicina), diltiazem e suco de toranja (“grapefruit”) podem aumentar as conc entrações plasmáticas desta progestina.",1,fonte1,manual,1.0
pantoprazol sódico sesqui hidratado medley,glibenclamida,"Não há interação medicamentosa clinicamente importante com as seguintes substâncias testadas: Carbamazepina, cafeína, diazepam, diclofenaco, digoxina, etanol, glibenclamida, metoprolol, naproxeno, nifedipino, fenitoína, teofilina, piroxicam e contraceptivos orais contendo levonorgestrel e etinilestradiol.",0,fonte2,automatica,0.85
palbociclibe,eritromicina,"Deve -se evitar o uso concomitante de potentes inibidores da CYP3A incluindo, mas não limitado a: amprenavir, atazanavir, boceprevir, claritromicina, conivaptana, delavirdina, diltiazem, eritromicina, fosamprenavir, indinavir, itraconazol, cetoconazol, lopinavir, mibefradil, m iconazol, nefazodona, nelfinavir, posaconazol, ritonavir, saquinavir, telaprevir, telitromicina, voriconazol e toranja ou suco de toranja (grapefruit).",2,fonte1,manual,1.0
ibuprofeno comprimido cimed,aines,Os AINEs podem potencializar os efeitos das sulfonilureias.,1,fonte2,automatica,0.65
pyloripac,colchicina,"Se a administração concomitante de claritromicina e colchicina for necessária, seu médico deverá monitorar quanto à ocorrência de sintomas clínicos de toxicidade por colchicina.",1,fonte2,automatica,0.75
pantoprazol sódico sesqui hidratado medley,carbamazepina,"Não há interação medicamentosa clinicamente importante com as seguintes substâncias testadas: Carbamazepina, cafeína, diazepam, diclofenaco, digoxina, etanol, glibenclamida, metoprolol, naproxeno, nifedipino, fenitoína, teofilina, piroxicam e contraceptivos orais contendo levonorgestrel e etinilestradiol.",0,fonte2,automatica,0.85
losartana potassica hidroclorotiazida,losartana,"INTERAÇÕES MEDICAMENTOSAS Losartana Não foram identificadas interações medicamentosas de significado clínico com os seguintes compostos avaliados nos estudos de farmacocinética clínica: hidroclorotiazida, digoxina, varfarina, cimetidina, fenobarbital (veja Hidroclorotiazida, Álcool, Barbituratos ou Narcóticos , a seguir), cetoconazol e eritromicina.",0,fonte1,manual,1.0
besilato de anlodipino biolab genéricos,anlodipino,Deve-se considerar o monitoramento dos níveis de ciclosporina em pacientes com transplante renal que recebem anlodipino.,1,fonte2,automatica,0.65
ibuprofan,ibuprofeno,"Estudos clínicos, bem como observações randômicas, mostraram que o Ibuprofeno pode reduzir o efeito natriurético da furosemida, tiazidas ou outros diuréticos em alguns pacientes.",1,fonte2,automatica,0.65
telmisartana,digoxina,"A coadministração de telmisartana não resultou em interações clinicamente significativas com digoxina, varfarina, hidroclorotiazida, glibenclamida, ibuprofeno, paracetamol, sinvastatina e anlodipino.",0,fonte1,manual,1.0
karvil,verapamil,"Se o carvedilol for administrado por via oral com bloqueadores do canal de cálcio não diidropiridina do tipo verapamil ou diltiazem, amiodarona ou outros antiarrítmicos recomenda-se o monitoramento do ECG (eletrocardiograma) e da pressão sanguínea A administração de clonidina associada à Karvil pode potencializar os efeitos de redução de pressão sanguínea e frequência cardíaca Carvedilol pode potencializar o efeito de outros fármacos com ação antihipertensiva (por exemplo, antagonistas de receptor alfa-1) ou que tenham hipotensão como parte de seu perfil de efeitos adversos Agentes anestésicos Monitorar cuidadosamente os sinais vitais durante anestesia O uso concomitante de anti-inflamatórios não esteroides (AINEs) e bloqueadores betaadrenérgicos pode resultar em aumento de pressão arterial e menor controle da pressão arterial Broncodilatadores beta-agonistas age de forma contrária aos medicamentos desta classe Informe ao seu médico ou cirurgião-dentista se você está fazendo uso de algum outro medicamento.",1,fonte2,automatica,0.75
everolimo,carbamazepina,"Interação com fortes inibidores, indutores da CYP3A4 Não é recomendada a coadministração com fortes inibidores da CYP3A4 (por exemplo, cetoconazol, itraconazol, voriconazol, claritromicina, telitromicina, ritonavir) e indutores (por exe mplo, rifampicina, rifabutina , erva de São João, carbamazepina, fenitoína ) a menos que os benefícios superem os possíveis riscos.",2,fonte1,manual,1.0
genfibrozila legrand,atorvastatina,"Foram relatados casos de miosite grave e mioglobinúria (rabdomiólise) quando Genfibrozila e outros inibidores da HMG-CoA redutase, (como lovastatina, atorvastatina e rosuvastatina), foram empregados concomitantemente.",2,fonte2,automatica,0.8
clorana,hidroclorotiazida,A metformina deve ser utilizada com precaução devido ao risco de acidose láctica induzida por uma possível insuficiência renal funcional associada à hidroclorotiazida.,1,fonte2,automatica,0.65
klaricid ud,claritromicina,"Inibidores da HMG-CoA redutase (estatinas): O uso concomitante de claritromicina com lovastatina ou sinvastatina é contraindicado (ver Contraindicações), devido ao possível aumento do risco de miopatia (doença muscular), incluindo rabdomiólise (destruição do músculo esquelético).",2,fonte2,automatica,0.9
klaricid,digoxina,"O uso concomitante de claritromicina e colchicina é contraindicado. : quando claritromicina e digoxina são administradas concomitantemente, pode elevar a um aumento da exposição à digoxina.",2,fonte2,automatica,0.9
cloridrato de tansulosina,glibenclamida,"In vitro, nem diazepam, propranolol, triclormetiazida, clormadinona, amitriptilina, diclofenaco, glibenclamida ou sinvastatina e varfarina modificam a fração livre d e tansulosina no plasma humano.",0,fonte1,manual,1.0
alprazolam,eritromicina,"Os dados obtidos a partir de estudos clínicos com alprazolam, estudos in vitro com alprazolam e estudos clínicos com fármacos metabolizados similarmente ao alprazolam mostram interações de variados graus e possibilidade de inter ação com alprazolam para uma quantidade de fármacos. alpazolam_com_VPS _V04 VERSÃO 04 - Esta versão altera a VERSÃO 03 Baseando -se no grau de interação e no tipo de dados disponíveis, recomenda -se o seguinte: - A coadministração de alprazolam com cetoconazol, itraconazol e outros antifúngicos azólicos não é recomendada; - Recomenda- se cautela e consideração de redução de dose quando alprazolam é coadministrado com nefazodona, fluvoxamina e cimetidina; - Também se recomenda cautela quando alprazolam é coadministrado com fluoxetina, propoxifeno, anticoncepcionais orais, diltiazem, ou antibióticos macrolídeos como eritromicina e troleandomicina; - As interações envolvendo inibidores da protease do vírus da imunodeficiência humana (HIV) (por exemplo, ritonavir) e alprazolam são complexas e dependentes do tempo.",2,fonte1,manual,1.0
valproato de sodio,clonazepam,"Considerar a diminuição da dose de amitriptilina/nortriptilina na presença de valproato. -carbamazepina (CBZ)/carbamazepina -10,11 -epóxido (CBZ -E): níveis sanguíneos de CBZ diminuíram 17% enquanto que os de CBZ -E aumentaram em torno de 45% na administração em conjunto do valp roato de sódio e da CBZ em pacientes epilépticos. -clonazepam: o uso concomitante de valproato de sódio e de clonazepam pode levar a estado de ausência em pacientes com história desse tipo de crises convulsivas. -diazepam: a administração conjunta de valproato de sódio aumentou a fração livre de diazepam. -etossuximida: o valproato de sódio inibe o metabolismo de etossuximida. -lamotrigina: sua dose deverá ser reduzida quando administrada em conjunto com valproato de sódio. -fenobarbital: o valproato d e sódio inibe o metabolismo do fenobarbital.",1,fonte1,manual,1.0
warfarin,varfarina,"A atividade da varfarina pode ser potencializada por esteroides anabólicos (como: etilestranol, metandrostenolona, noretrandolona), amiodarona, amitriptilina/nortriptilina, azapropazona, , benzafibrato, cefamandol, , hidrato de coral, , ciprofloxacino, clofibrato, cotrimoxazol, , destropropoxifeno, destrotiroxina, , neomicina, feprazona, , oxifenilbutazona, fenformina, fenilbutazona, feniramidol, quinidina, salicilatos, tolbutamida, sulfonamidas (ex: sulfafenazol, sulfinpirazona), tamoxifeno, triclofos, diflunisal, , ácido mefenâmico, , sulindaco e, possivelmente, outros analgésicos anti-inflamatórios, , ácido nalidíxico, , tetraciclinas e outros antibióticos de largo espectro, , metilfenidato, , fármacos para tratamento de disfunções da tireoide e qualquer fármaco potencialmente tóxico ao fígado;",1,fonte2,automatica,0.65
cloridrato de donepezila cloridrato de memantina,digoxina,"O metabolismo do cloridrato de donepezila não é alterado pela administração concomitante de digoxina, cimetidina, tioridazina, risperidona e sertralina.",0,fonte1,manual,1.0
losartana potassica,eritromicina,"INTE RAÇÕES MED ICAMENTO SAS Nos est udos clínicos de farmacocinética realiza dos com hidroclorotiazida, digoxina, varfarina, cimetidina, fe nobarbital, cetoconazol e eritromicina, não foram identificadas interações me dicamentosas de importância clínica.",0,fonte1,manual,1.0
lopril d,captopril,"Em pacientes idosos com depleção de volume (incluindo aqueles em tratamento com diuréticos), ou com comprometimento da função renal, a administração concomitante de antiinflamatórios não esteroidais, incluindo inibidores seletivos de COX-2, com inibidores da ECA, incluindo o captopril, pode resultar na deterioração da função renal, incluindo possível insuficiência renal aguda .",2,fonte2,automatica,0.8
ezetimiba sinvastatina,eritromicina,"4.CONTRAINDICAÇÕES • Hipersensibilidade aos princípios ativos ou a qualquer dos excipientes. • Hepatopatia ativa ou elevações persistentes e inexplicadas das transaminases séricas. • Quando houver necessidade de administrar ezetimiba+sinvastatina com fenofibrato, consulte a Circular aos Médicos (bula) de fenofibrato. • Administração concomitante de inibidores potentes do CYP3A4 (p. ex., itraconazol, cetoconazol, posaconazol, voriconazol, inibidores da protease do HIV, boceprevir, telaprevir, eritromicina, claritromicina, telitromicina, nefazodona e medicamentos contendo cobicistate) (veja os itens 5.",2,fonte1,manual,1.0
glibenclamida biosintética aché,fluoxetina,"Potencialização do efeito hipoglicemiante de glibenclamida, em alguns casos hipoglicemia, pode ocorrer quando se usa os seguintes medicamentos: Insulina e outros hipoglicemiantes orais, inibidores da ECA, esteroides anabolizantes e hormônios sexuais masculinos, , derivados cumarínicos, , disopiramida, fenfluramina, feniramidol, fibratos, fluoxetina, ifosfamidas, inibidores da MAO, , ácido paraminossalicílico, (uso parenteral em altas doses), fenilbutazona, azapropazone, oxifembutazona, probenecida, quinolonas, salicilatos, sulfimpirazona, sulfonamidas, agentes simpatolíticos tais como betabloqueadores, guanetidina, , tetraciclina, tritoqualina e trofosfamida.",1,fonte2,automatica,0.65
hidroclorotiazida germed pharma,metformina,A metformina deve ser utilizada com precaução devido ao risco de acidose láctica induzida por uma possível insuficiência renal funcional associada à hidroclorotiazida.,1,fonte2,automatica,0.65
besilato de anlodipino,atorvastatina,Estudos Especiais: Efeito do anlodipino sobre Outros A gentes atorvastatina: a coadministração de doses múltiplas de 10 mg de anlodipino e 80 mg de atorvastatina não resultou em mudança significante nos parâmetros farmacocinéticos no estado de equilíbrio ( steady -state) da atorvastatina. digoxina: a coadministração de anlodipino e digoxina não alterou os níveis séricos ou o clearance renal de digoxina nos voluntários sadios. etanol (á lcool): dose única e doses múltiplas de 10 mg de anlodipino não tiveram efeito significante na farmacocinética do etanol. varfarina: a coadministração de anlodipino com varfarina não alterou o tempo de resposta de protrombina da varfarina. ciclosporina: nenhum estudo de interação medicamentosa foi conduzido com a ciclosporina e o anlodipino em voluntários saudáveis ou outras populações com exceção dos pacientes com transplante renal.,0,fonte1,manual,1.0
fosfato de sitagliptina cloridrato de metformina,sinvastatina,"Fosfato de sitagliptina Nos estudos de interação medicamentosa, a sitagliptina não exerceu efeitos clinicamente significativos na farmacocinética dos seguintes fármacos: metformina, rosiglitazona, glibenclamida, sinvastatina, varfarina e anticoncepcionais orais.",0,fonte1,manual,1.0
dapagliflozina propanodiol,varfarina,"Em estudos de interação conduzidos em indivíduos sadios, utilizando principalmente o desenho de dose única, a dapagliflozina não alterou significativamente a farmacocinética da metformina, pioglitazona, sitagliptina, glimepirida, hidroclorotiazida, bumetanida, valsartana, sinvastatina, digoxina (um substrato da gp-P) ou varfarina (a varfarina é um substrato do CYP2C).",0,fonte1,manual,1.0
acido acetilsalicilico,anticoagulantes,"Interações que requerem precaução para o uso • metotrexato em doses inferiores a 15 mg/semana Aumento da toxicidade hematológica do metotrexato (diminuição da depuração renal do metotrexato por agentes anti-inflamatórios em geral e deslocamento do metotrexato, ligado às proteínas plasmáticas, pelos salicilatos). • anticoagulantes, trombolíticos/ outros inibidores da agregação plaquetária/ homeostasia Aumento do risco de sangramento. • outros anti -inflamatórios não -esteroides com salicilatos em altas doses Aumento do risco de úlceras e sangramento gastrintestinal devido ao efeito sinérgico. • inibidores seletivos da recaptação de serotonina (SSRIs) Aumento do risco de sangramento gastrintestinal alto devido a possível efeito sinérgico. • digoxina Aumento da concentração plasmática de digoxina devido a diminuição na excreção renal. • medicamentos para diabetes, como por exemplo, insulina e sulfonilureias Aumento do efeito hipoglicemiante por altas doses do ácido acetilsalicílico via ação hipoglicêmica do ácido acetilsalicílico e deslocamento da sulfonilureia de sua ligação à proteína plasmática. • diuréticos em associação com o ácido acetilsalicílico em altas doses Diminuição da filtração glomerular por diminuição da síntese das prostaglandinas renais. • glicocorticoides sistêmicos, exceto hidrocortisona usada como terapia de reposição na doença de Addison Diminuição dos níveis de salicilato plasmático durante o tratamento com corticosteroides e risco de sobredose de salicilato após interrupção do tratamento, por aumento da eliminação de salicilatos pelos corticosteroides. • inibidores da enzima conversora de angiotensina (ECA) em associação com o ácido acetilsalicílico em altas doses Diminuição da filtração glomerular por inibição das prostaglandinas vasodilatadoras.",1,fonte1,manual,1.0
tracleer,fluconazol,Fluconazol (para ) (uma vez que este medicamento pode aumentar as concentrações de Tracleer no sangue);,1,fonte2,automatica,0.65
drospirenona etinilestradiol,fluconazol,"Substâncias que diminuem a depuração dos COCs (inibidores enzimáticos) Inibidores potentes e moderados do CYP 3A4 tais como antifúngicos azólicos (como por exemplo, itraconazol, voriconazol, fluconazol), verapamil, antibióticos macrolídeos (como por exemplo, claritromicina, eritromicina), diltiazem e suco de toronja ( grapefruit ) podem aumentar as concentrações plasmáticas do estrogênio ou progestógeno ou de ambos.",1,fonte1,manual,1.0
prednisolona ems,anticoagulantes,"Entretanto o uso concomitante de anti-inflamatórios não esteroidais no tratamento de deve promover benefício terapêutico aditivo e permitir redução de dosagem de glicocorticoide Severidade moderada Efeito da interação Anticolinérgicos, especialmente e compostos relacionados O uso concomitante a longo prazo com glicocorticoides pode aumentar a pressão intraocular Anticoagulantes, derivados cumarínicos ou indandionas, heparina, ou uroquinase Os efeitos dos derivados cumarínicos ou da indandiona geralmente diminuem (mas podem aumentar em alguns pacientes), quando estes medicamentos são utilizados concomitantemente com glicocorticoides.",1,fonte2,automatica,0.65
zotecan,cetoconazol,O cetoconazol deve ser descontinuado pelo menos 1 semana antes de iniciar o tratamento com Zotecan e não deve ser administrado durante a terapia com irinotecano.,2,fonte2,automatica,0.8
concor,aines,"Medicamentos anti-inflamatórios não esteroidais (AINEs), utilizados para tratar , dor ou inflamação (tais como , medicamento usado para tratar reações alérgicas graves com risco de vida e paradas cardíacas;",2,fonte2,automatica,0.8
sinvastatina,claritromicina,"O uso concomitante de medicamentos conhecidos por apresentarem um potent e efeito inibitório sobre a CYP3A4 (por exemplo, itraconazol, cetoconazol, posaconazol, voriconazol, eritromicina, claritromicina, telitromicina, inibidores da protease do HIV, boceprevir, telaprevir, nefazodona e medicamentos contendo cobicistate) é contr aindicado (veja os itens 4.",2,fonte1,manual,1.0
ezetimiba sinvastatina,eritromicina,"CONTRAINDICAÇÕES • Hipersensibilidade aos princípios ativos ou a qualquer dos excipientes. • Hepatopatia ativa ou elevações persistentes e inexplicadas das transaminases séricas. • Quando houver necessidade de administrar ezetimiba + sinvastatina com fenofibrato, consulte a Circular aos Médicos (bula) de fenofibrato. • Administração concomitante de inibidores potentes do CYP3A4 (p. ex., itraconazol, cetoconazol, posaconazol, voriconazol, inibidores da protease do HIV, boceprevir, telaprevir, eritromicina, claritromicina, telitromicina, nefazodona e medicamentos contendo cobicistate) (vide 5.",2,fonte1,manual,1.0
desogestrel,claritromicina,"A administração concomitante de inibidores fortes (por exemplo, cetoconazol, itraconazol, claritromicina) ou moderados (por exemplo, fluconazol, diltiazem, eritromicina) da CYP3A4 podem aumentar as concentrações séricas dos progestagênios, incluindo o eton ogestrel, o metabólito ativo do desogestrel.",1,fonte1,manual,1.0
dicloridrato de hidroxizina,amiodarona,"Exemplos de medicamentos associad os ao prolongamento do intervalo QT e/ou Torsades de Pointes estão listados abaixo (mas não se limitam a apenas es tes): - Antiarrítmicos classe IA (quinidina, procainamida, disopiramida) ; - Antiarrítmicos classe III (amiodarona, sotalol, bretílio); - Antiarrítmicos classe IC (flecainida, propafenona); - Antipsicóticos (clorpromazina, haloperidol, pimozida, droperidol, ziprasidona, risperidona, olanzapina); - Antidepressivos (fluoxetina, c italopram, venlafaxina , antidepressivos tricíclicos e tetracíclicos por exemplo amitriptilina, imipramina, maprotilina) ; - Opioides (metadona); - Antibióticos macrolídeos e análogos (eritromicina, claritromicina, azitromicina, tacrolimo ); - Quinolonas (moxifloxacino, ciprofloxacino, levofloxacino); - pentamidina; - Antimaláricos (quinin a, cloroquina); - Antifúngicos azólicos (c etoconazol, fluconazol, voriconazol); - domperidona; - Antagonistas dos receptores 5-HT 3 (ondansetron a); - trióxido de arsênio; - Inibidores da tirosina quinase (vandetanib e, sunitinib e, nilotinib e); - vorinostat e (inibidor da histona deacetilase); - Agonista do receptor adrenérgico beta -2 (salmeterol, formoterol).",2,fonte1,manual,1.0
omeprazol sódico eurofarma momenta,omeprazol,"Relate ao seu médico todos os medicamentos que vem utilizando, pois omeprazol sódico pode interferir na absorção ou eliminação de diversas substâncias.",1,fonte2,automatica,0.65
cloridrato de donepezila,cimetidina,"O cloridrato de donepezila e seus metabólitos não inibem o metabolismo da teofilina, varfarina, cimetidina, digoxina, tioridazina, risperidona e sertralina em humanos.",0,fonte1,manual,1.0
levofloxacino hemiidratado,ranitidina,"A farmacocinética do levofloxacino não foi afetada em qualquer proporção clinicamente significante quando esta foi administrada concomitantemente às seguintes drogas: carbonato de cálcio, digoxina, glibenclamida, ranitidina e varfarina.",0,fonte1,manual,1.0
cloridrato de tiamina cloridrato de piridoxina cianocobalamina fosfato dissodico de dexametasona,rifampicina,"INTERAÇÕES MEDICAMENTOSAS Com o fosfato de dexametasona Rifampicina, rifabutina, carbamazepina, fenobarbital, fenitoína, primidona e aminoglutetimida potenciam o metabolismo dos corticosteroides e os efeitos terapêuticos podem ser reduzidos.",1,fonte1,manual,1.0
valsartana besilato de anlodipino,cimetidina,"Em monoterapia, o anlodipino é seguramente administrado com diuréticos tiazídicos, betabloqueadores, inibidores da enzima conversora de angiotensina, nitratos de longa ação, nitroglicerinas sublinguais, digoxina, varfarina, atorvastatina, sildenafila, Maalox ® (hidróxido de alumínio gel, hidróxido de magnésio e simeticona), cimetidina, medicamentos anti -inflamatórios não -esteroidais, antibióticos e medicamentos hipoglicemiantes orais. valsartana Duplo bloqueio do Sistema Renina -Angiotensina (SRA) com BRAs, IECAs ou alisquireno: o uso concomitante de BRAs, incluindo valsartana, com outros medicamentos que agem no SRA é associado com o aumento da incidência de hipotensão, hipercalemia e alterações na função renal em comparação com à monoterapia.",1,fonte1,manual,1.0
klaricid,sinvastatina,"Inibidores da HMG-CoA redutase (estatinas): O uso concomitante de claritromicina com lovastatina ou sinvastatina é contraindicado (ver Contraindicações), devido ao possível aumento do risco de miopatia (doença muscular), incluindo rabdomiólise (destruição do músculo esquelético).",2,fonte2,automatica,0.9
lanexat,diazepam,"Não há interação farmacocinética entre Lanexat e etanol, midazolam ou diazepam.",0,fonte2,automatica,0.85
divalproato de sodio,cimetidina,"Medicamentos para os quais não foi detectada nenhuma int eração ou com interação sem relevância: antiácidos, cimetidina, ranitidina, clorpromazina, haloperidol, paracetamol, lítio, lorazepam, olanzapina, rufinamida.",0,fonte1,manual,1.0
besilato de anlodipino,ciclosporina,Estudos Especiais: Efeito do anlodipino sobre Outros Agentes atorvastatina: a coadministração de doses múltiplas de 10 mg de anlodipino e 80 mg de atorvastatina não resultou em mudança significante nos parâmetros farmacocinéticos no estado de equilíbrio (steady state ) da atorvastatina. digoxina: a coadministração de anlodipino e digoxina não alterou os níveis séricos ou o clearance renal de digoxina nos voluntários sadios. etanol (Álcool): dose única e doses múltiplas de 10 mg de anlodipino não tiveram efeito significante na farmacocinética do etanol. varfarina: a coadministração de anlodipino e com varfarina não alterou o tempo de resposta de protombina da varfarina. besilato de anlodipino 5 mg e 10 mg - comprimidos – VPS08 ciclosporina: nenhum estudo de interação medicamentosa foi conduzido com a ciclosporina e o anlodipino em voluntários saudáveis ou outras populações com exceção dos pacientes com transplante renal.,0,fonte1,manual,1.0
domperidona,claritromicina,"A administração concomitante de domperidona com inibidores potentes do CYP3A4 que demonstraram causar um prolongamento do intervalo QT, tais como claritromicina, eritromicina, itraconazol, cetoconazol oral, posaconazol, ritonavir, saquinavir, telitromicina, telaprevir e voriconazol, é contraindicada (vide itens 5“ADVERTÊNCIAS E PRECAUÇÕES” e “6.",2,fonte1,manual,1.0
pratifolin,metotrexato,"INTERAÇÕES MEDICAMENTOSAS Interação ácido fólico – medicamentos Fenitoína, fenobarbital, primidona, aspirina, colestipol, cicloserina, metotrexato e enzimas pancreáticas reduzem os níveis d e ácido fólico, enquanto que o ácido aminosalicílico, antiácidos, co lestiramina, estrogênios, bloqueadores H 2 e a carbamazepina reduzem sua absorção.",1,fonte1,manual,1.0
levofloxacino,varfarina,"A farmacocinética do levofloxacino hemi - hidratado não foi afetada em qualquer proporção clinicamente significante quando esta foi administrada concomitantemente às seguintes drogas: carbonato de cálcio, digoxina, glibenclamida, ranitidina e varfarina.",0,fonte1,manual,1.0
cloridrato de tansulosina,varfarina,"In vitro, nem diazepam, propranolol, triclormetiazida, clormadinona, amitriptilina, diclofenaco, glibenclamida ou sinvastatina e varfarina modificam a fração livre d e tansulosina no plasma humano.",0,fonte1,manual,1.0
sinvastatina,cetoconazol,"ADVERTÊNCIAS E PRECAUÇÕES, Gravidez e Lactaçã o); • Administração concomitante de inibidores potentes do CYP3A4 (por exemplo, itraconazol, cetoconazol, posaconazol, voriconazol, inibidores da protease do HIV, boceprevir, telaprevir, eritromicina, claritromicina, telitromicina, nefazodona e medicamentos contendo cobicistate) (veja os itens 5.",2,fonte1,manual,1.0
cloridrato de hidroxizina,eritromicina,"Exemplos de drogas associadas ao prolongamento do intervalo QT e/ou Torsades de Pointes estão listados abaixo (mas não se limitam a apenas essas): - Antiarrítmicos classe IA (quinidina, procainamida, disopiramida); - Antiarrítmicos classe III (amiodarona, sotalol, bretílio); - Antiarrítmicos classe IC (flecainida, propafenona); - Antipsicóticos (clorpromazina, haloperidol, pimozida, droperidol, ziprasidona, risperidona, olanzapina); - Antidepressivos (fluoxetina, citalopram, venlafaxina, antidepressivos tricíclicos e tetracíclicos, por exemplo, amtriptilina, imipramina, maprotilina); dicloridrato_hidroxizina_sol_oral_VPS_V02 - Opioides (metadona); - Antibióticos macrolídeos e análogos (eritromicina, claritromicina, azitromicina, tacrolimus); - Quinolonas (moxifloxacino, ciprofloxacino, levofloxacino); - Pentamidina; - Antimaláricos (quinina, cloroquina); - Antifúngicos azólicos (cetoconazol, fluconazol, voriconazol); - Domperidona; - Antagonistas dos receptores 5-HT 3 (ondansetrona); - Trióxido de arsênio; - Inibidores da tirosinoquinase (vandetanibe, sunitinibe, nilotinibe); - Vorinostat (inibidor da histona deacetilase); - Agonista do receptor adrenérgico beta-2 (salmeterol, formoterol).",2,fonte1,manual,1.0
cloridrato de lercanidipino,ciclosporina,"A coadministração do lercanidipino com inibidores do CYP3A4 deve ser evitada (por exemplo, o cetoconazol, itraconazol, ritonavir, eritromicina, troleandomicina, claritromicina) (vide “Contraindicações”). ciclosporina A ciclosporina e o lercanidipino não devem ser administrados juntamente (vide “Contraindicações”).",2,fonte1,manual,1.0
ezetimiba sinvastatina,itraconazol,"4.CONTRAINDICAÇÕES • Hipersensibilidade aos princípios ativos ou a qualquer dos excipientes. • Hepatopatia ativa ou elevações persistentes e inexplicadas das transaminases séricas. • Quando houver necessidade de administrar ezetimiba+sinvastatina com fenofibrato, consulte a Circular aos Médicos (bula) de fenofibrato. • Administração concomitante de inibidores potentes do CYP3A4 (p. ex., itraconazol, cetoconazol, posaconazol, voriconazol, inibidores da protease do HIV, boceprevir, telaprevir, eritromicina, claritromicina, telitromicina, nefazodona e medicamentos contendo cobicistate) (veja os itens 5.",2,fonte1,manual,1.0
alprazolam,cetoconazol,"Os dados obtidos a partir de estudos clínicos com alprazolam, estudos in vitro com alprazolam e estudos clínicos com fármacos metabolizados similarmente ao alprazolam mostram interações de variados graus e possibilidade de inter ação com alprazolam para uma quantidade de fármacos. alpazolam_com_VPS _V04 VERSÃO 04 - Esta versão altera a VERSÃO 03 Baseando -se no grau de interação e no tipo de dados disponíveis, recomenda -se o seguinte: - A coadministração de alprazolam com cetoconazol, itraconazol e outros antifúngicos azólicos não é recomendada; - Recomenda- se cautela e consideração de redução de dose quando alprazolam é coadministrado com nefazodona, fluvoxamina e cimetidina; - Também se recomenda cautela quando alprazolam é coadministrado com fluoxetina, propoxifeno, anticoncepcionais orais, diltiazem, ou antibióticos macrolídeos como eritromicina e troleandomicina; - As interações envolvendo inibidores da protease do vírus da imunodeficiência humana (HIV) (por exemplo, ritonavir) e alprazolam são complexas e dependentes do tempo.",2,fonte1,manual,1.0
relaflex,dipirona,"Portanto, recomenda-se cautela do uso de dipirona com bupropiona.",1,fonte2,automatica,0.65
prednisolona ems,corticosteroides,O ajuste de dose de isoniazida pode ser necessário durante e após o uso concomitante Interação Medicamento - Exame laboratorial Severidade menor Efeito da interação A prednisolona pode resultar em falso aumento dos níveis de digoxina Os corticosteroides podem alterar o teste de “ Nitroblue tetrazolium ” para infecções bacterianas e produzir resultados falso-negativos.,1,fonte2,automatica,0.65
telmisartana hidroclorotiazida,hidroclorotiazida,"A coadministração de telmisartana não resultou em interações clinicamente significativas com a varfarina, a hidroclorotiazida, a glibenclamida, o ibuprofeno, o paracetam ol, a sinvastatina e o anlodipino.",0,fonte1,manual,1.0
unifenobarb,levotiroxina,"No caso da levotiroxina recomenda-se a monitorização dos níveis séricos de T3 e T4, para adequação da dose do hormônio;",1,fonte2,automatica,0.65
estradiol acetato de noretisterona,claritromicina,"Em alguns casos estas alterações podem ser clinicamente relevantes. - Substâncias que diminuem a depuração de hormônios sexuais (inibidores enzimáticos): Inibidore s potentes e moderados de CYP3A4, tais como, antifúngicos azólicos (por exemplo, fluconazol, itraconazol, cetoconazol, voriconazol), macrolídeos (por exemplo, claritromicina, eritromicina), verapamil, diltiazem e suco de toranja ( grapefruit ) podem aumentar as concentrações plasmáticas de estrogênio, de progestógeno ou de ambos.",1,fonte1,manual,1.0
keflaxina,probenecida,A probenecida pode aumentar e prolongar a concentração da Keflaxina no sangue. de alça (ex.: ) podem aumentar o risco de toxicidade para os rins com as cefalosporinas.,1,fonte2,automatica,0.65
ibuprofeno,paracetamol,"O uso concomitante de qualquer AINE com os seguintes fármacos deve ser evitado, especialmente nos casos de administração crônica: ácido acetilsalicílico, paracetamol, colchicina, iodetos, medicamen tos fotossensibilizantes, outros anti -inflamatórios não esteroides, corticosteroides, corticotrofina, uroquinase, hipoglicemiantes orais ou insulina, anti -hipertensivos e diuréticos, ácido valpr oico, plicamicina, sais de ouro, ciclosporina, lítio, probenec ida, inibidores da ECA, agentes anticoagulantes ou trombolíticos, inibidores de agregação plaquetária, cardiotônicos digitálicos, digoxina e metotrexato.",2,fonte1,manual,1.0
everolimo,claritromicina,"Interação com fortes inibidores, indutores da CYP3A4 Não é recomendada a coadministração com fortes inibidores da CYP3A4 (por exemplo, cetoconazol, itraconazol, voriconazol, claritromicina, telitromicina, ritonavir) e indutores (por exe mplo, rifampicina, rifabutina , erva de São João, carbamazepina, fenitoína ) a menos que os benefícios superem os possíveis riscos.",2,fonte1,manual,1.0
klaricid ud,claritromicina,"O uso concomitante de claritromicina e colchicina é contraindicado. : quando claritromicina e digoxina são administradas concomitantemente, pode ocorrer um aumento da exposição à digoxina.",2,fonte2,automatica,0.9
budesonida,cetoconazol,"INTERAÇÕES MEDICAMENTOSAS O uso concomitante de budesonida intranasal e inibidores d o citocromo P450, especialmente da isoenzima CYP3A4 (i.e. , produtos que contenham cobicistate , cetoconazol , ritonavir, atazanavir , claritromicina , indinavir , eritromicina, nefazodona, nelfinavir, saquinavir, telitromicina, itraconazol) causa o aumento da concentração de budesonida no plasma, levando à um risco aumento de eventos adversos sistêmicos, como Síndrome de Cushing e supressão adrenal.",2,fonte1,manual,1.0
mesilato de imatinibe,eritromicina,"Outras interações que podem afetar a exposição ao mesilato de imatinibe ou outros medicamentos Medicamentos que podem aumentar as concentrações plasmáticas de imatinibe: As substâncias que inibem a atividade da isoenzima CYP3A4 do citocromo P450 (ex.: cetoconazol, itraconazol, eritromicina, claritromicina) poderiam diminuir o metabolismo e aumentar as concentrações de imatinibe.",1,fonte1,manual,1.0
alprazolam,fluoxetina,"Baseando -se no grau de interação e no tipo de dados disponíveis, recomenda -se o seguinte: - a coadministração de alprazol am com cetoconazol, itraconazol e outros antifúngicos azólicos não é recomendada; - recomenda -se cautela e consideração d a redução d e dose quando alprazolam é coadministrado com nefazodona, fluvoxamina e cimetidina; - também se recomenda cautela quando alp razolam é coadministrado com fluoxetina, propoxifeno , anticoncepcionais orais, diltiazem, ou antibióticos macrolídeos como eritromicina e troleandomicina; - as interações envolvendo inibidores da protease do vírus da imunodeficiência humana (HIV) (por exemplo, ritonavir) e alprazolam são complexas e dependentes do tempo.",2,fonte1,manual,1.0
ibuprofeno,ciclosporina,"O uso concomitante de qualquer AINE com os seguintes fármacos deve ser evitado, especialmente nos casos de administração crônica: ácido acetilsalicílico, paracetamol, colchicina, iodetos, medicamen tos fotossensibilizantes, outros anti -inflamatórios não esteroides, corticosteroides, corticotrofina, uroquinase, hipoglicemiantes orais ou insulina, anti -hipertensivos e diuréticos, ácido valpr oico, plicamicina, sais de ouro, ciclosporina, lítio, probenec ida, inibidores da ECA, agentes anticoagulantes ou trombolíticos, inibidores de agregação plaquetária, cardiotônicos digitálicos, digoxina e metotrexato.",2,fonte1,manual,1.0
puran t4,levotiroxina,"Café: não tome Puran T4 com café, pois pode reduzir a absorção da levotiroxina pelo intestino, tornando-a menos eficaz.",1,fonte2,automatica,0.65
clorana,hidroclorotiazida,"Salicilatos, AINEs: Em caso de doses elevadas de salicilatos, a hidroclorotiazida pode aumentar o efeito tóxico dos salicilatos no sistema nervoso central.",1,fonte2,automatica,0.65
ezetimiba sinvastatina,sinvastatina,"CONTRAINDICAÇÕES • Hipersensibilidade aos princípios ativos ou a qualquer dos excipientes. • Hepatopatia ativa ou elevações persistentes e inexplicadas das transaminases séricas. • Quando houver necessidade de administrar ezetimiba + sinvastatina com fenofibrato, consulte a Circular aos Médicos (bula) de fenofibrato. • Administração concomitante de inibidores potentes do CYP3A4 (p. ex., itraconazol, cetoconazol, posaconazol, voriconazol, inibidores da protease do HIV, boceprevir, telaprevir, eritromicina, claritromicina, telitromicina, nefazodona e medicamentos contendo cobicistate) (vide 5.",2,fonte1,manual,1.0
ezetimiba sinvastatina,cetoconazol,"CONTRAINDICAÇÕES • Hipersensibilidade aos princípios ativos ou a qualquer dos excipientes. • Hepatopatia ativa ou elevações persistentes e inexplicadas das transaminases séricas. • Quando houver necessidade de administrar ezetimiba + sinvastatina com fenofibrato, consulte a Circular aos Médicos (bula) de fenofibrato. • Administração concomitante de inibidores potentes do CYP3A4 (p. ex., itraconazol, cetoconazol, posaconazol, voriconazol, inibidores da protease do HIV, boceprevir, telaprevir, eritromicina, claritromicina, telitromicina, nefazodona e medicamentos contendo cobicistate) (vide 5.",2,fonte1,manual,1.0
dicloridrato de hidroxizina,eritromicina,"Exemplos de medicamentos associad os ao prolongamento do intervalo QT e/ou Torsades de Pointes estão listados abaixo (mas não se limitam a apenas es tes): - Antiarrítmicos classe IA (quinidina, procainamida, disopiramida) ; - Antiarrítmicos classe III (amiodarona, sotalol, bretílio); - Antiarrítmicos classe IC (flecainida, propafenona); - Antipsicóticos (clorpromazina, haloperidol, pimozida, droperidol, ziprasidona, risperidona, olanzapina); - Antidepressivos (fluoxetina, c italopram, venlafaxina , antidepressivos tricíclicos e tetracíclicos por exemplo amitriptilina, imipramina, maprotilina) ; - Opioides (metadona); - Antibióticos macrolídeos e análogos (eritromicina, claritromicina, azitromicina, tacrolimo ); - Quinolonas (moxifloxacino, ciprofloxacino, levofloxacino); - pentamidina; - Antimaláricos (quinin a, cloroquina); - Antifúngicos azólicos (c etoconazol, fluconazol, voriconazol); - domperidona; - Antagonistas dos receptores 5-HT 3 (ondansetron a); - trióxido de arsênio; - Inibidores da tirosina quinase (vandetanib e, sunitinib e, nilotinib e); - vorinostat e (inibidor da histona deacetilase); - Agonista do receptor adrenérgico beta -2 (salmeterol, formoterol).",2,fonte1,manual,1.0
sinvastatina,claritromicina,"ADVERTÊNCIAS E PRECAUÇÕES, Gravide z e Lactação ); • Administração concomitante de inibidores potentes do CYP3A4 (por exemplo, itraconazol, cetoconazol, posaconazol, voriconazol, inibidores de protease do HIV, boceprevir, telaprevir, eritromicina, claritromicina, telitromicina, nefazodona e medicamentos contendo cobicistate) (veja os itens 5.",2,fonte1,manual,1.0
flagyl nistatina,ciclosporina,"O médico deve monitorar as concentrações plasmáticas de lítio, creatinina e eletrólitos enquanto durar o tratamento com metronidazol. : risco de aumento dos níveis no plasma de ciclosporina.",1,fonte2,automatica,0.75
xadago,tramadol,"Medicamentos opióides Safinamida é contraindicado para uso concomitante com medicamentos chamados opioides, utilizados para alívio da dor, como por exemplo meperidina, metadona, propoxifeno, tramadol.",2,fonte2,automatica,0.9
digoxina,eritromicina,"Os níveis séricos de digoxina podem aumentar devido à administração concomitante das seguintes d rogas: amiodarona, flecainida, prazosina, propafeno na, quinidina, espironolactona, antibióticos macrolídeos (como eritromicina e clari tromicina), tetraciclina e possivelmente outros ant ibióticos, gentamicina, itraconazol, quinina, trimetoprima, alprazolam, indometacina, pr opantelina, nefazodona, atorvastatina, ciclosporina , epoprostenol (transitório) e carvedilol.",1,fonte1,manual,1.0
atorvastatina calcica,niacina,"INTERAÇÕES MEDICAMENTOSAS O risco de miopatia durante o tratamento com inib idores da HMG-CoA redutase se apresenta aumentado com a administração concomitante de ciclosporina, fibratos, niacina em do ses que alteram o perfil lipídico ou inibidores de citocromo P450 3A4/ transportadores, (por exemplo, eritromicina e antifúngicos azólicos) (vide “POSOLOGIA E MODO DE USAR: Uso combinado com outros medicamentos” e “Advertências e Precauções: Efeitos na Musculatura Esquelética”).",1,fonte1,manual,1.0
plaquinol,carbamazepina,"Recomenda-se cautela (por exemplo, monitoramento da eficácia) quando indutores fortes do CYP2C8 e do CYP3A4 (como rifampicina, erva de São João, carbamazepina, ) são administrados concomitantemente.",1,fonte2,automatica,0.65
cloridrato de donepezila,sertralina,"O metabolismo do cloridrat o de donepezila não é alterado pela administração concomitante de digoxina, cimetidina, tioridazina, risperidona e sertralina.",0,fonte1,manual,1.0
levetiracetam,contraceptivos,"O efeito do levetiracetam sobre o probenecida não foi estudado e o efeito de levetiracetam sobre outros medicamentos secretados ativamente, exemplo, AINEs, sulfonamidas e metotrexato é desconhecido. - Contraceptivos orais e outras interações farmacocinéticas Levetiracetam 1000 mg por dia não influenciou a farmacocinética dos contraceptivos orais (etinilestradiol e levonorgestrel); os parâmetros endócrinos (hormônio luteinizante e progesterona) não sofreram alteração.",0,fonte1,manual,1.0
sinvastatina,eritromicina,"ADVERTÊNCIAS E PRECAUÇÕES, Gravidez e Lactação); • Administração concomitante de inibidores potentes do CYP3A4 (por exemplo, itraconazol, cetoconazol, posaconazol, voriconazol, inibidores da protease do HIV, boceprevir, telaprevir, eritromicina, claritromicina, telitromicina, nefazodona e medicamentos contendo cobicistate) (veja item 5.",2,fonte1,manual,1.0
galvus,metformina,"Como resultado desses estudos, não foi observada nenhuma interação de importância clínica com a administração simultânea da vildagliptina com outros antidiabéticos orais ( , pioglitazona, metformina), ou varfarina.",0,fonte2,automatica,0.85
incoril,diltiazem,"A fenitoína pode estimular o metabolismo de Cloridrato de Diltiazem, diminuindo assim sua concentração sanguínea e consequentemente seu efeito Estatinas (usadas para tratamento das Aumento das concentrações plasmáticas das estatinas, que por sua vez leva a ocorrências de eventos adversos do tipo , miopatia e raros casos de rabdomiólise (antagonista do receptor H2) e antirretrovirais inibidores da protease ( , saquinavir) Inibem a enzima metabolizadora de cloridrato de Cloridrato de Diltiazem, podendo aumentar as concentrações sanguíneas de cloridrato de Cloridrato de Diltiazem.",2,fonte2,automatica,0.8
bromidrato de citalopram,risperidona,"Citalopram e desmetilcitalopram são insignificantes inibidores da CYP2C9, CYP2E1 e CYP3A4, e inibidores fracos da CYP1A2, CYP2C19 e CYP2D6 quando em comparação com outros ISRS estabelecidos como significantes inibidores Levomepromazina, digoxina, carbamazepina Nenhuma mudança ou apenas mudanças muito pequenas de pouca importância clínica foram observados quando o citalopram foi dado com substratos CYP1A2 (clozapina e teofilina), CYP2C9 (varfarina), CYP2C19 (imipramina e mephenytoin), CYP2D6 (esparteína, imipramina, amitriptilina, a risperidona) e CYP3A4 (varfarina, carbamazepina (e seu metabólito carbamazepina epoxidop) e triazolam.",0,fonte1,manual,1.0
cloridrato de hidroxizina,claritromicina,"Exemplos de drogas associadas ao prolongamento do intervalo QT e/ou Torsades de Pointes estão listados abaixo (mas não se limitam a apenas essas): - Antiarrítmicos classe IA (quinidina, procainamida, disopiramida); - Antiarrítmicos classe III (amiodarona, sotalol, bretílio); - Antiarrítmicos classe IC (flecainida, propafenona); - Antipsicóticos (clorpromazina, haloperidol, pimozida, droperidol, ziprasidona, risperidona, olanzapina); - Antidepressivos (fluoxetina, citalopram, venlafaxina, antidepressivos tricíclicos e tetracíclicos, por exemplo, amtriptilina, imipramina, maprotilina); dicloridrato_hidroxizina_sol_oral_VPS_V02 - Opioides (metadona); - Antibióticos macrolídeos e análogos (eritromicina, claritromicina, azitromicina, tacrolimus); - Quinolonas (moxifloxacino, ciprofloxacino, levofloxacino); - Pentamidina; - Antimaláricos (quinina, cloroquina); - Antifúngicos azólicos (cetoconazol, fluconazol, voriconazol); - Domperidona; - Antagonistas dos receptores 5-HT 3 (ondansetrona); - Trióxido de arsênio; - Inibidores da tirosinoquinase (vandetanibe, sunitinibe, nilotinibe); - Vorinostat (inibidor da histona deacetilase); - Agonista do receptor adrenérgico beta-2 (salmeterol, formoterol).",2,fonte1,manual,1.0
budesonida,claritromicina,"INTERAÇÕES MEDICAMENTOSAS O uso concomitante de budesonida intranasal e inibidores d o citocromo P450, especialmente da isoenzima CYP3A4 (i.e. , produtos que contenham cobicistate , cetoconazol , ritonavir, atazanavir , claritromicina , indinavir , eritromicina, nefazodona, nelfinavir, saquinavir, telitromicina, itraconazol) causa o aumento da concentração de budesonida no plasma, levando à um risco aumento de eventos adversos sistêmicos, como Síndrome de Cushing e supressão adrenal.",2,fonte1,manual,1.0
nevrix im,isoniazida,"Produtos contendo salicilatos, cloranfenicol, colchicina, isoniazida, aminoglicosídios, sulfametoxazol, metotrexato, eritromicina, anticonvulsionantes e suplementos de potássio, podem diminuir a absorção da vitamina B12.",1,fonte1,manual,1.0
cloridrato de moxifloxacino,morfina,"INTERAÇÕES MEDICAMENTOSAS Para as seguintes substâncias foi comprovada a ausência de interação clinicamente relevante com cloridrato de moxifloxacino : atenolol, ranitidina, suplementos de cálcio, teofilina, ciclosporina, contraceptivos orais, glibenclami da, itraconazol, digoxina, morfina, probenecida.",0,fonte1,manual,1.0
oroxadin,fibratos,"Associação contraindicada Como com outros fibratos, o risco de rabdomiólise (destruição das células musculares) e mioglobinúria (perda de mioglobina, uma proteína típica dos tecidos musculares) pode ser aumentado se o ciprofibrato for utilizado em associação com outros medicamentos semelhantes.",2,fonte2,automatica,0.8
cloridrato de donepezila,varfarina,"O cloridrato de donepezila e seu s metabólitos não inibem o meta bolismo da teofilina, varfarina, cimetidina, digoxina, tioridaz ina, risperidona e sertralina em humanos.",0,fonte1,manual,1.0
aas protect,metotrexato,É contraindicado o uso concomitante com metotrexato em doses de 15mg/semana ou mais e combinações com metotrexato em doses inferiores a 15mg/semana requerem precauções para o uso;,2,fonte2,automatica,0.9
pantoprazol sodico sesqui-hidratado,nifedipino,"Os estudos de interação com fármacos que também são metabolizados com estas vias, como a carbamazepina, diazepam, glibenclamida, nifedipino, fenitoína e um contraceptivo oral contendo levonorgestrel e etinilestradiol, não se observaram interações clínicas significativas.",0,fonte1,manual,1.0
tandrilax,paracetamol,"Interações medicamentosas relacionadas ao paracetamol Interação Medicamento-Medicamento Gravidade Moderada Medicamentos como a , diflunisal e em associação com o paracetamol apresentam risco de hepatotoxicidade e neutropenia, assim como a fenitoína também pode apresentar risco aumentado de hepatotoxicidade e diminuição de eficácia do paracetamol.",2,fonte2,automatica,0.8
sinergen,enalapril,"Na lista a seguir, são relacionadas às principiais interações para cada um de seus componentes: Interações com enalapril Gravidade: Maior Aumento dos níveis de potássio no sangue, prejuízo de função dos rins, hipotensão (queda de pressão): (uso contraindicado em conjunto), amilorida, , triantereno, potássio;",2,fonte2,automatica,0.9
losartana potassica hidroclorotiazida,losartana,"INTERAÇÕES MEDICAMENTOSAS losartana Não foram identificadas interações medicamentosas de significado clínico com os seguintes c ompostos avaliados nos estudos de farmacocinética clínica: hidroclorotiazida, digoxina, varfarina, cimetidina, fenobarbital (vide Hidroclorotiazida, Álcool, Barbituratos ou Narcóticos , a seguir), cetoconazol e eritromicina.",0,fonte1,manual,1.0
pantoprazol,diazepam,"Os estudos de interação com fármacos que também são metabolizados com estas vias, como a carbamazepina, diazepam, glibenclamida, nifedipino, fenitoina e um contraceptivo oral contendo levonorgestrel e etinilestradiol, não se observaram interações clínicas significativas.",0,fonte1,manual,1.0
digoxina,ciclosporina,"Os níveis séricos de digoxina podem aumentar devido à administração concomitante das seguintes d rogas: amiodarona, flecainida, prazosina, propafeno na, quinidina, espironolactona, antibióticos macrolídeos (como eritromicina e clari tromicina), tetraciclina e possivelmente outros ant ibióticos, gentamicina, itraconazol, quinina, trimetoprima, alprazolam, indometacina, pr opantelina, nefazodona, atorvastatina, ciclosporina , epoprostenol (transitório) e carvedilol.",1,fonte1,manual,1.0
bromidrato de citalopram,varfarina,"Levomepromazina, digoxina, carbamazepina Nenhuma mudança ou apenas mudanças muito pequenas de pouca importância clínica foram observados quando o citalopram foi dado com substratos CYP1A2 (clozapina e teofilina), CYP2C9 (varfarina), CYP2C19 (imipramina e mefenitoína ), CYP2D6 (esparteína, imipramina, amitriptilina, a risperidona) e CYP3A4 (varfarina, carbamazepina e seu metabólito carbamazepina epoxidop) e triazolam.",0,fonte1,manual,1.0
cloridrato de donepezila,digoxina,"O metabolis mo do cloridrato de done pezila não é alterado pela administração concomitante de digoxina, cimetidina, tioridazina, risperidona e sertralina.",0,fonte1,manual,1.0
zitromax iv,atorvastatina,"IV não deve ser administrado em conjunto com: e derivados do Deve-se monitorar (acompanhamento médico e exames de sangue avaliando niveis terapêuticos das medicações) pacientes que utilizam Zitromax IV conjuntamente com (medicação que inibe o processo de coagulação) orais do tipo cumarínicos e Não há necessidade de ajuste de dose quando Zitromax IV for utilizado com os seguintes fármacos: Cetirizina, didanosina, atorvastatina, , m etilprednisolona, midazolam, nelfinavir, , sildenafila, terfenadina, , triazolam, trimetoprima/sulfametoxazol.",2,fonte2,automatica,0.8
vildagliptina cloridrato de metformina,glibenclamida,"Como resultado desses estudos, não foi observada nenhuma inter ação de relevância clínica com a coadministração da vildagliptina com outros antidiabéticos orais (glibenclamida, pioglitazona, cl oridrato de metformina), anlodipino, digoxina, ramipril, sinvastatina, valsartana ou varfarina. cloridrato de metformina As interações seguintes são conhecidas sobre metformina: furosemida – a furosemida aumentou a Cmáx e a ASC sanguínea de metformina sem alterar sua depuração renal.",1,fonte1,manual,1.0
lacosamida,clonazepam,"Os estudos clínicos placebo -controlados em pacientes com crises focais/parciais mostraram que as concentrações plasmáticas no estado de equilíbrio de levetiracetam, carbamazepina, epóxido de carbamazepina, lamotrigina, topiramato, derivado de monohidróxi -oxcarbazepina (MHD), fenitoína, ácido valpróico, fenobarbital, gabapentina, clonazepam e zonisamida não foram afetados pela ingestão concomitante de lacosamida em qualquer dose.",0,fonte1,manual,1.0
everolimo,cetoconazol,"Interação com fortes inibidores, indutores da CYP3A4 Não é recomendada a coadministração com fortes inibidores da CYP3A4 (por exemplo, cetoconazol, itraconazol, voriconazol, claritromicina, telitromicina, ritonavir) e indutores (por exe mplo, rifampicina, rifabutina , erva de São João, carbamazepina, fenitoína ) a menos que os benefícios superem os possíveis riscos.",2,fonte1,manual,1.0
estradiol drospirenona,fluconazol,"Estas alteraçõe s podem ser clinicamente relevantes em alguns casos. -Substâncias que diminuem a depuração de hormônios sexuais (inibidores enzimáticos) Inibidores fortes e moderados do CYP3A4, tais como antifúngicos azólicos (por exemplo, fluconazol, itraconazol, cetoconazol, voriconazol,), macrolídeos (por exemplo, claritromicina, eritromicina), verapamil, diltiazem e suco de toranja (grapefruit ) podem aumentar as concentrações plasmáticas do progestógeno ou do estrogênio ou de ambos.",1,fonte1,manual,1.0
jalra met,metformina,"Como resultado desses estudos, não foi observada nenhuma interação de relevância clínica com a coadministração da vildagliptina com outros antidiabéticos orais ( , pioglitazona, cloridrato de metformina), ou varfarina.",0,fonte2,automatica,0.85
hidroclorotiazida legrand,metformina,A metformina deve ser utilizada com precaução devido ao risco de acidose láctica induzida por uma possível insuficiência renal funcional associada à hidroclorotiazida.,1,fonte2,automatica,0.65
dapagliflozina,metformina,"Em estudos de interação conduzidos em indivíduos sadios, utilizando principalmente o desenho de dose única, a dapagliflozina não alterou significativamente a farmacocinética da metformina, pioglitazona, sitagliptina, glimepirida, hidroclorotiazida, bumetanida, valsartana, sinvastatina, digoxina (um substrato da gp -P) ou varfarina (a varfarina é um substrato do CYP 2C).",0,fonte1,manual,1.0
lansoprazol claritromicina amoxicilina,fenobarbital,"Efeitos de outros medicamentos na terapia com claritromicina Fármacos indutores da CYP3A4 como, por exemplo, rifampicina, fenitoína, carbamazepina, fenobarbital e erva de Sã o João, podem induzir o metabolismo da claritromicina.",1,fonte1,manual,1.0
cloridrato de hidroxizina,claritromicina,"Exemplos de medicamentos associad os ao prolongamento do intervalo QT e/ou Torsades de Pointes estão listados abaixo (mas não se limitam a apenas es tes): - Antiarrítmicos classe IA (quinidina, procainamida, disopiramida); - Antiarrítmicos classe III (amiodarona, sotalol, bretílio); - Antiarrítmicos classe IC (flecainida, propafenona); - Antipsicóticos (clorpromazina, haloperidol, pimozida, droperidol, ziprasidona, risperidona, olanzapina); - Antidepressivos (fluoxetina, citalopram, venlafaxina, antidepressivos tricíclicos e tetracíclicos, por exemplo, amitriptilina , imipramina, maprotilina); - Opioides (metadona); - Antibióticos macrolídeos e análogos (eritromicina, claritromicina, azitromicina, tacrolim o); - Quinolonas (moxifloxacino, ciprofloxacino, levofloxacino); - pentamidina; - Antimaláricos (quinina, cloroquina); - Antifúngicos azólicos (cetoconazol, fluconazol, voriconazol); - domperidona; - Antagonistas dos receptores 5-HT 3 (ondansetrona); - trióxido de arsênio; - Inibidores da tirosin a quinase (vandetanibe, sunitinibe, nilotinibe); - vorinostate (inibidor da histona deacetilase); - Agonista do receptor adrenérgico beta-2 (salmeterol, formoterol).",2,fonte1,manual,1.0
welireg,contraceptivos,"Efeitos de belzutifano em outras drogas A coadministração de belzutifano com substratos da CYP3A4, incluindo contraceptivos hormonais, diminui a concentração dos substratos da CYP3A4, o que pode reduzir a eficácia destes substratos.",1,fonte2,automatica,0.65
besilato de anlodipino,ciclosporina,Estudos Especiais: Efeito do an lodipino sobre Outros Agentes atorvastatina: a coadministração de doses múltiplas de 10 mg de an lodipino e 80 mg de at orvastatina não resultou em mudança significante nos parâmetros farmacocinéticos no estado de equilíbrio ( steady state ) da atorvastatina. digoxina: a coadministração de anlodipino e digoxin a não alterou os níveis séricos ou o clearance renal de digoxina nos voluntários sadios. etanol (Álcool): dose única e doses múltiplas de 10 mg de anlodipino não tiveram efeito significante na farmacocinética do etanol. varfarina: a coadministração de anlodipino co m varfarina não alterou o tempo de resposta de protrombina da varfarina. ciclosporina: nenhum estudo de interação medicamentosa foi conduzido com a ciclosporina e o anlodipino em voluntários saudáveis ou outr as populações com exceção do s pacientes com transplante renal.,0,fonte1,manual,1.0
barbitron,fenobarbital,"Associações que necessitam de precauções, monitoramento clínico e/ou ajuste do medicamento durante e após a descontinuação com fenobarbital: Inibidor de protease (amprenavir, , nelfinavir);",1,fonte2,automatica,0.65
sinvastatina,itraconazol,"ADVERTÊNCIAS E PRECAUÇÕES, Gravidez e lactaç ão); • Administração concomitante de inibidores potentes do CYP3A4 (por exemplo, itraconazol, cetoconazol, posaconazol, voriconazo l, inibidores da protease do HIV, boceprevir, telaprevir, eritromicina, claritromicina, telitromicina, nefazodona e medicament os contendo cobicistate) (veja os itens 5.",2,fonte1,manual,1.0
clonixinato de lisina cloridrato de ciclobenzaprin,captopril,"O clonixinato de lisina + cloridrato de ciclobenzaprina diminui a ação de medicamentos usados para controlar a pressão arterial elevada (por ex. betabloqueadores, como o atenolol e o propranolol, inibidores da enzima de conversão da angiotensina, como o captopril e o enalapril, vasodilatadores, como hidralazina, e diuréticos, como hidroclorotiazida e furosemida).",1,fonte1,manual,1.0
pantoprazol,carbamazepina,"Os estudos de interação com fármacos que também são metabolizados com estas vias, como a carbamazepina, diazepam, glibenclamida, nifedipino, fenitoina e um contraceptivo oral contendo levonorgestrel e etinilestradiol, não se observaram interações clínicas significativas.",0,fonte1,manual,1.0
prednisolona ems,levotiroxina,"Ajuste de dose de um ou ambos os agentes podem ser necessários quando a terapia com glicocorticoide é descontinuada Agentes antitireoidianos (exemplo, levotiroxina) ou hormônios da tireoide Alterações na condição da tireoide do paciente podem ocorrer como um resultado de administração, alteração na dosagem ou descontinuação de hormônios da tireoide ou agentes antitireoidianos, podendo necessitar de ajuste de dosagem de corticosteroide, uma vez que a depuração metabólica de corticosteroides diminui em pacientes com hipotireoidismo (doença da tireoide) e aumenta em pacientes com hipertireoidismo.",1,fonte2,automatica,0.65
palbociclibe,claritromicina,"Deve -se evitar o uso concomitante de potentes inibidores da CYP3A incluindo, mas não limitado a: amprenavir, atazanavir, boceprevir, claritromicina, conivaptana, delavirdina, diltiazem, eritromicina, fosamprenavir, indinavir, itraconazol, cetoconazol, lopinavir, mibefradil, m iconazol, nefazodona, nelfinavir, posaconazol, ritonavir, saquinavir, telaprevir, telitromicina, voriconazol e toranja ou suco de toranja (grapefruit).",2,fonte1,manual,1.0
telmisartana,sinvastatina,"A coadministração de telmisartana não resultou em interações clinicamente significativas com digoxina, varfarina, hidroclorotiazida, glibenclamida, ibuprofeno, paracetamol, sinvastatina e anlodipino.",0,fonte1,manual,1.0
leflunomida,rifampicina,"Para outros substratos da BCRP (por exemplo, metotrexato, topotecana, sulfassalazina, daunorrubicin a, doxorrubicina) e da família da OATP especialmente os inibidores da HMG -CoA redutase (por exemplo, sinvastatina, atorvastatina, pravastatina, metotrexato, nateglinida, repaglinida, rifampicina) a administração concomitante também deve ser feita com caute la.",1,fonte1,manual,1.0
cloridrato de verapamil,fenobarbital,"Ver bula de colchicina Antibacterianos claritromicina Possível aumento dos níveis de verap amil --- eritromicina Possível aumento dos níveis de verapam il --- rifampicina Diminui ASC (~97%), C máx (~94%) e biodisponibilidade oral (~92%) do verapamil O efeito hipotensor do verapamil pode ser reduzido telitromicina Possível aumento dos níveis de verapa mil --- Antineoplásicos doxorrubicina Aumenta ASC (104%) e C máx (61%) da doxorrubicina com a administração oral de verapamil Em pacientes com carcinoma pulmonar de células pequenas Barbitúricos fenobarbital Aumenta a depuração do verapamil oral (~5 vezes) --- Benzodiazepínicos e outros ansiolíticos buspirona Aumenta ASC e C máx da buspirona em 3-4 vezes --- midazolam Aumenta ASC (~3 vezes) e C máx (~2 vezes) do midazolam --- Betabloqueadores metoprolol Aumenta ASC (~32.5%) e C máx (~41%) do metoprolol em pacientes com angina Vide ADVERTÊNCIAS E PRECAUÇÕES propranolol Aumenta ASC (65%) e C máx (94%) de propranolol em pacientes com angina Glicosídeos Cardíacos digitoxina Diminui depuração total (~27%) e depuração extra renal (~29%) da digitoxina --- Cloridrato de verapamil_bula_profissional 6 digoxina Indivíduos saudáveis: aumenta C máx da digoxina em ~ 44%, aumenta C 12h da digoxina (~53%), C ss da digoxina em ~44%, e aumenta ASC da digoxina em ~50% Reduzir a dose de digoxina.",1,fonte1,manual,1.0
pantoprazol sódico sesqui hidratado medley,cetoconazol,"Pantoprazol sódico sesqui-hidratado pode alterar a absorção de medicamentos que necessitam da acidez no estômago para a sua absorção adequada, como o cetoconazol.",1,fonte2,automatica,0.65
ezetimiba sinvastatina,claritromicina,"4.CONTRAINDICAÇÕES • Hipersensibilidade aos princípios ativos ou a qualquer dos excipientes. • Hepatopatia ativa ou elevações persistentes e inexplicadas das transaminases séricas. • Quando houver necessidade de administrar ezetimiba+sinvastatina com fenofibrato, consulte a Circular aos Médicos (bula) de fenofibrato. • Administração concomitante de inibidores potentes do CYP3A4 (p. ex., itraconazol, cetoconazol, posaconazol, voriconazol, inibidores da protease do HIV, boceprevir, telaprevir, eritromicina, claritromicina, telitromicina, nefazodona e medicamentos contendo cobicistate) (veja os itens 5.",2,fonte1,manual,1.0
cloridrato de donepezila,sertralina,"O metabolismo do cloridrato de donepezila não é alterado pela administração concomitante de digoxina, cimetidina, tioridazina, risperidona e sertralina.",0,fonte1,manual,1.0
budesonida,eritromicina,"INTERAÇÕES MEDICAMENTOSAS O uso concomitante de budesonida intranasal e inibidores d o citocromo P450, especialmente da isoenzima CYP3A4 (i.e. , produtos que contenham cobicistate , cetoconazol , ritonavir, atazanavir , claritromicina , indinavir , eritromicina, nefazodona, nelfinavir, saquinavir, telitromicina, itraconazol) causa o aumento da concentração de budesonida no plasma, levando à um risco aumento de eventos adversos sistêmicos, como Síndrome de Cushing e supressão adrenal.",2,fonte1,manual,1.0
dicloridrato de hidroxizina,claritromicina,"Exemplos de medicamentos associad os ao prolongamento do intervalo QT e/ou Torsades de Pointes estão listados abaixo (mas não se limitam a apenas es tes): - Antiarrítmicos classe IA (quinidina, procainamida, disopiramida) ; - Antiarrítmicos classe III (amiodarona, sotalol, bretílio); - Antiarrítmicos classe IC (flecainida, propafenona); - Antipsicóticos (clorpromazina, haloperidol, pimozida, droperidol, ziprasidona, risperidona, olanzapina); - Antidepressivos (fluoxetina, c italopram, venlafaxina , antidepressivos tricíclicos e tetracíclicos por exemplo amitriptilina, imipramina, maprotilina) ; - Opioides (metadona); - Antibióticos macrolídeos e análogos (eritromicina, claritromicina, azitromicina, tacrolimo ); - Quinolonas (moxifloxacino, ciprofloxacino, levofloxacino); - pentamidina; - Antimaláricos (quinin a, cloroquina); - Antifúngicos azólicos (c etoconazol, fluconazol, voriconazol); - domperidona; - Antagonistas dos receptores 5-HT 3 (ondansetron a); - trióxido de arsênio; - Inibidores da tirosina quinase (vandetanib e, sunitinib e, nilotinib e); - vorinostat e (inibidor da histona deacetilase); - Agonista do receptor adrenérgico beta -2 (salmeterol, formoterol).",2,fonte1,manual,1.0
domperidona,itraconazol,"A administração concomitante de domperidona com inibidores potentes do CYP3A4 que demonstraram causar um prolongamento do intervalo QT, tais como claritromicina, eritromicina, itraconazol, cetoconazol oral, posaconazol, ritonavir, saquinavir, telitromicina, telaprevir e voriconazol, é contraindicada (vide itens 5“ADVERTÊNCIAS E PRECAUÇÕES” e “6.",2,fonte1,manual,1.0
besilato de anlodipino,anlodipino,Estudos Especiais: Efe ito do anlodipino Sobre Outros Agentes atorvastatina: a coadministração de doses múltiplas de 10mg de anlodipino e 80 mg de atorvastatina não resultou em mudança significante nos parâmetr os farmacocinético s no estado de equilíbrio (steady state) da atorvastatina. digoxina: a coadministração de anlodipino e digoxina não alterou os nívei s séricos ou o clearance renal de digoxina nos voluntários sadios. etanol (álcool): dose única e doses múltiplas de 10mg de anlodipino não tiveram efeito significante na farmacocinética do etanol. varfarina: a coadministração de anlodipino com varfarina não alterou o tem po de resposta de protombina da varfarina. ciclosporina: nenhum estudo de interação medicamentosa foi conduzido com a ci closporina e o anlodipino em voluntários saudáveis ou outras populações com ex ceção dos pacientes com transplante renal.,0,fonte1,manual,1.0
budesonida,itraconazol,"INTERAÇÕES MEDICAMENTOSAS O uso concomitante de budesonida intranasal e inibidores d o citocromo P450, especialmente da isoenzima CYP3A4 (i.e. , produtos que contenham cobicistate , cetoconazol , ritonavir, atazanavir , claritromicina , indinavir , eritromicina, nefazodona, nelfinavir, saquinavir, telitromicina, itraconazol) causa o aumento da concentração de budesonida no plasma, levando à um risco aumento de eventos adversos sistêmicos, como Síndrome de Cushing e supressão adrenal.",2,fonte1,manual,1.0
prednisona,claritromicina,"A coadministração de prednisona com inibidores potentes da CYP3 A4 (por exemplo, produtos q ue contenham cetoconazol, itraconazol, claritromicina, ritonavir e cobicistate) pode leva r ao aumento da concentração pla smática dos corticosteroides e possibilitar o aumento do risco de efeitos colaterais sistêmico s dos corticosteroides.",1,fonte1,manual,1.0
dicloridrato de daclatasvir,eritromicina,"Inibidores potentes de CYP3A4 (por exemplo: claritromicina, eritromicina, itraconazol, cetoconazol, ritonavir) podem aumentar os níveis plasmáticos dde dicloridrato de daclatasvir (ver Tabela 8). dicloridrato de daclatasvir também é um substrato do transportador glicoproteina - P (P-gp) e do transportador 1 de cátions orgânicos (OCT 1), porém a coadministração de agentes que modifiquem apenas as atividades de P -gp ou OCT1 (sem efeito concomitante sobre CYP3A4) tem pouca probabilidade de apresentar um efeito clinicamente expressivo sobre a exposição ao dicloridrato de daclatasvir.",1,fonte1,manual,1.0
cloridrato de donepezila,varfarina,"O cloridrato de donepezila e seus metabólitos não i nibem o metabolismo da teofilina, varfarina, cimetidina, digoxina, tioridazina, risperidona e se rtralina em humanos.",0,fonte1,manual,1.0
fluconazol,nifedipino,"Podem ser necessários ajustes da dose da carbamazepina dependendo de determinações da concentração/efeito. bloqueadores do canal de cálcio: determinados antagonistas de canal de cálcio di -hidropiridínicos (nifedipino, isradipino, anlodipino, verapamil e felodipino) são metabolizados pela CYP3A4.",1,fonte1,manual,1.0
dicloridrato de daclatasvir,claritromicina,"Inibidores potentes de CYP3A4 (por exemplo: claritromicina, eritromicina, itraconazol, cetoconazol, ritonavir) podem aumentar os níveis plasmáticos dde dicloridrato de daclatasvir (ver Tabela 8). dicloridrato de daclatasvir também é um substrato do transportador glicoproteina - P (P-gp) e do transportador 1 de cátions orgânicos (OCT 1), porém a coadministração de agentes que modifiquem apenas as atividades de P -gp ou OCT1 (sem efeito concomitante sobre CYP3A4) tem pouca probabilidade de apresentar um efeito clinicamente expressivo sobre a exposição ao dicloridrato de daclatasvir.",1,fonte1,manual,1.0
levitra,itraconazol,Levitra não deve ser administrado com doses de cetoconazol ou itraconazol maiores que 200 mg.,2,fonte2,automatica,0.8
fumarato de formoterol di-hidratado budesonida,itraconazol,"Medicamentos: claritromicina, eritromicina, itraconazol, cetoconazol.",1,fonte1,manual,1.0
isofarma-solucao de cloreto de potassio,captopril,"Observar as informações abaixo sobre a administração da Isofarma - solução de cloreto de potássio com estas substâncias e medicamentos: - com a anfotericina B, pois são incompatíveis; - os corticoides e o ACTH podem diminuir os efeitos dos suplementos de potássio; - os diuréticos tiazídicos e retentores de potássio, os inibidores da ECA, AINE, bloqueadores beta -adrenérgicos, ciclosporina, heparina e medicamentos contendo potássio podem aumentar a concentração sérica de potássio com risco de causar hipercalemia; - o captopril e o enalapril podem produzir hiperpotassemia.",1,fonte1,manual,1.0
claritromicina,carbamazepina,"São ex emplos, mas não se resume a: anticoagulantes orais (ex. varfarina, rivaroxabana, apixabana), antipsicóticos atípicos (ex. quetiapina, lurasidona) alcaloides do ergot, alprazolam, astemizol, carbamazepina, cilostazol, cisaprida, metilprednisolona, omeprazol , pimozida, quinidina, sildenafila, sinvastatina, terfenadina, triazolam, sirolimo, tacrolimo, lovastatina, disopiramida, midazolam, ciclosporina, hidroxicloroquina, cloroquina, vimblastina, rifabutina, ticagrelor, ivabradina e ranolazina.",2,fonte1,manual,1.0
valerato de estradiol,verapamil,"Em alguns casos estas alterações podem ser clinicamente relevantes. - Substâncias que diminuem a depuração de hormônios sexuais (inibidores enzimáticos): Inibidores potentes e moderados do CYP3A4, tais como antifúngicos azólicos (por exemplo, fluconazol, itra-conazol, cetoconazol, voriconazol), macrolídeos (por exemplo, claritromicina, eritromicina), verapamil, diltia- zem e suco de toranja ( grapefruit ) podem aumentar as concentrações plasmáticas do estrogênio.",1,fonte1,manual,1.0
incoril,diltiazem,Este medicamento inibe a enzima CYP3A e o metabolismo da lomitapida é inibido Precauções para a coadministração (Cloridrato de Diltiazem deve ser administrado com cautela quando coadministrado com os seguintes medicamentos): Anti-hipertensivos (como derivados do nitrato) Os efeitos anti-hipertensivos podem ser intensificados.,1,fonte2,automatica,0.65
pantoprazol magnesico di-hidratado,diazepam,"Os estudos de interação com fármacos que também são metabolizados com estas vias, como a carbamazepina, diazepam, glibenclamida, nifedipino, fenitoína e contraceptivo oral contendo levonorgestrel e etinilestradiol, não observaram interações clínicas significativas.",0,fonte1,manual,1.0
plasil comprimido,ciclosporina,"Devido ao efeito da metoclopramida de acelerar a digestão, a absorção de certos fármacos pode ser modificada. : metoclopramida diminui a quantidade de digoxina circulante, sendo necessária monitorização da concentração de digoxina no sangue. : metoclopramida aumenta a quantidade de ciclosporina circulante, sendo necessária monitorização da concentração de ciclosporina no sangue.",1,fonte2,automatica,0.65
kolevas,atorvastatina,"A administração concomitante de Kolevas com medicamentos inibidores do CYP 3A4 ou indutores do CYP 3A4 (sistemas de quebra de vários medicamentos) (por ex., ciclosporina, eritromicina/claritromicina, inibidores da protease, letermovir, cloridrato de diltiazem , itraconazol, suco de grapefruit, ) pode alterar a quantidade de atorvastatina no sangue.",1,fonte2,automatica,0.65
omeprazol sódico eurofarma momenta,omeprazol,"A ação da varfarina encontra-se exacerbada quando administrada em conjunto com omeprazol, devendo-se realizar monitorização rigorosa dos exames de coagulação devido risco maior de sangramento.",1,fonte2,automatica,0.65
pantoprazol magnesico di-hidratado,glibenclamida,"Os estudos de interação com fármacos que também são metabolizados com estas vias, como a carbamazepina, diazepam, glibenclamida, nifedipino, fenitoína e contraceptivo oral contendo levonorgestrel e etinilestradiol, não observaram interações clínicas significativas.",0,fonte1,manual,1.0
camptosar,cetoconazol,O cetoconazol deve ser descontinuado pelo menos 1 semana antes de iniciar o tratamento com Camptosar e não deve ser administrado durante a terapia com Camptosar Sulfato de atazanavir Tem o potencial de aumentar a exposição sistêmica ao SN-38 o metabólito ativo do Camptosar .,2,fonte2,automatica,0.8
pantoprazol sodico sesqui-hidratado,diazepam,"Os estudos de interação com fármacos que também são metabolizados com estas vias, como a carbamazepina, diazepam, glibenclamida, nifedipino, fenitoína e um contraceptivo oral contendo levonorgestrel e etinilestradiol, não se observaram interações clínicas significativas.",0,fonte1,manual,1.0
fluconazol,anlodipino,"Podem ser necessários ajustes da dose da carbamazepina dependendo de determinações da concentração/efeito. bloqueadores do canal de cálcio: determinados antagonistas de canal de cálcio di -hidropiridínicos (nifedipino, isradipino, anlodipino, verapamil e felodipino) são metabolizados pela CYP3A4.",1,fonte1,manual,1.0
tacrolimo monoidratado,cetoconazol,"O m onitoramento das concentrações sanguíneas e os ajustes de dose são essenciais quando esses medicamentos são usad os concomitantemente: Fármacos que podem aumentar as concentrações de tacrolimo no sangue Bloqueadores de canal de cálcio Antibióticos macrolídeos Agentes antifúngicos Agentes gastrointestinais pró-cinéticos Inibidores de Protease Outros fármacos diltiazem nicardipina nifedipina verapamil claritromicina eritromicina troleandomicina josamicina clotrimazol fluconazol itraconazol cetoconazol voriconazol posaconazol cisaprida metoclopramida inibidores da protease HIV (por ex. ritonavir, nelfinavir, saquinavir) inibidores de protease do HCV (por ex. telaprevir, boceprevir) amiodarona bromocriptina cloranfenicol cimetidina ciclosporina danazol etinilestradiol metilprednisolona lansoprazol omeprazol nefazodona hidróxido de magnésio e alumínio letermovir antiviral usado para tratar CMV extrato de Schisandra sphenanthera Canabidiol 15 O tacrolimo também demonstrou efeito inibidor amplo e forte sobre o metabolismo dependente de CYP3A4.",1,fonte1,manual,1.0
prednisona,corticosteroides,"A coadministração de prednisona com inibidores potentes da CYP3A4 (por exemplo, produtos que contenham cetoconazol, itraconazol, claritromicina, ritonavir e cobicistate) pode levar ao aumento da concentração plasmática dos corticosteroides e possibilitar o aumento do risco de efeitos colaterais sistêmicos dos corticosteroides.",1,fonte1,manual,1.0
drospirenona etinilestradiol,itraconazol,"Essas alterações podem ser clinicamente relevantes em alguns casos. - Substâncias que diminuem a depuração dos COCs (inibidores enzimáticos) Inibidores potentes e moderados do CYP 3A4 tais como antifúngicos azólicos (como por exemplo, itraconazol, voriconazol, fluconazol), verapamil, macrolídeos (como por exemplo, claritromicina, eritromicina), diltiazem e suco de toranja (grapefruit) podem aumentar as concentrações plasmáticas do estrogênio ou progestógeno ou de ambos.",1,fonte1,manual,1.0
sinvastatina,cetoconazol,"O uso concomitante de medicamentos conhecidos por apresentarem um potent e efeito inibitório sobre a CYP3A4 (por exemplo, itraconazol, cetoconazol, posaconazol, voriconazol, eritromicina, claritromicina, telitromicina, inibidores da protease do HIV, boceprevir, telaprevir, nefazodona e medicamentos contendo cobicistate) é contr aindicado (veja os itens 4.",2,fonte1,manual,1.0
cloridrato de donepezila,risperidona,"O metabolis mo do cloridrato de donepezila não é alterado pela administração concomitante de digoxina, cimetidina, tioridazina, risperidona e sertralina.",0,fonte1,manual,1.0
klaricid ud,colchicina,"O uso concomitante de claritromicina e colchicina é contraindicado. : quando claritromicina e digoxina são administradas concomitantemente, pode ocorrer um aumento da exposição à digoxina.",2,fonte2,automatica,0.9
cloridrato de verapamil,fenobarbital,"Anti bacterianos claritromicina Possível aumento nos níveis de verapamil --- cloridrato d e verapamil 120 mg_BU 03_VPS _768 5 eritromicina Possível aumento dos níveis de verapamil --- rifampicina Diminui ASC (~97%), Cmax (~94%) e biodisponibilidade oral (~92%) do verapamil o efeito hipotensor do verapamil pode ser reduzido. telitromicina Possível aumento dos níveis de verapamil --- Antineoplásicos doxorrubicina Aumenta ASC (104%) e Cmax (61%) da doxorrubicina com a administração oral de verapamil Em pacientes com carcinoma pulmonar de células pequenas Barbitúricos fenobarbital Aumenta a depuração do verapamil oral (~5 vezes) --- Benzodiazepínicos e outros ansiolíticos buspirona Aumenta ASC e Cmax da buspirona em 3-4 vezes --- midazolam Aumenta ASC (~3 vezes) e Cmax (~2 vezes) do midazolam --- Betabloqueadores metoprolol Aumenta ASC (~32.5%) e Cmax (~41%) do metoprolol em pacientes com angina Ver item Advertências e Precauções propranolol Aumenta ASC (65%) e Cmax.",1,fonte1,manual,1.0
sinvastatina,itraconazol,"ADVERTÊNCIAS E PRECAUÇÕES, Gravide z e Lactação ); • Administração concomitante de inibidores potentes do CYP3A4 (por exemplo, itraconazol, cetoconazol, posaconazol, voriconazol, inibidores de protease do HIV, boceprevir, telaprevir, eritromicina, claritromicina, telitromicina, nefazodona e medicamentos contendo cobicistate) (veja os itens 5.",2,fonte1,manual,1.0
zoltec,atorvastatina,"Medicamentos inibidores da HMG-CoA redutase (p.ex.: , atorvastatina) usados com Zoltec podem aumentar o risco do paciente evoluir com dor muscular (miopatia) e morte das células musculares (rabdomiólise); deve ter sua dose reduzida quando coadministrado com Zoltec , conforme instruído na bula e recomendado pelo seu médico;",2,fonte2,automatica,0.8
gliclazida,fluconazol,"Associações que requerem precauções especiais: A potencialização do efeito da diminuição da glicose no sangue, em alguns casos, pode causar hipoglicemia em caso de tratamento concomitante com os seguintes fármacos: outros antidiabéticos (insulina, acarbose, metformina, tiazolidinediona, inibidores da dipeptil peptidase -4, agonistas dos receptores GLP -1), betabloqueadores, fluconazol, inibidores da enzima conversora de angiotensina (captopril, enalapril), antagonistas do receptor H2, IMAO, sulfonamidas, claritromicina e anti -inflamatórios não -esteroidais. 2) Produtos que podem aumentar os níveis de glicose no sangue Associação não recomendada: - danazol: efeito diabetogênico do danazol.",1,fonte1,manual,1.0
cloridrato de donepezila,risperidona,"O cloridrato de donepezila e seus metabólit os não inibem o metabolis mo da teofilina, varfarina, cimetidina, digoxina, tioridazina, risperidona e sertralina em humanos.",0,fonte1,manual,1.0
lotar,losartana,"Podem influenciar as concentrações plasmáticas e/ou aumentar o risco de efeitos adversos: conivaptana, , dalfopristina, quinupristina, , delavirdina, fosamprenavir, , rifapentina, saquinavir, , ephedra (Ma Huang), óleo de menta, , suco de Gravidade menor Podem aumentar o risco de gastrintestinal: anti-inflamatórios não hormonais (ex.: dexcetoprofeno, , diflunisal, dipirona, , cetorolaco, , meclofenamato, , nabumetona, , oxifembutazona, fenilbutazona, , sulindaco, Interações com losartana Gravidade maior Podem provocar maior risco de hipotensão, síncope, alterações de função renal e hipercalemia: inibidores da Enzima de conversão da Angiotensina I (IECAs), alisquireno (contraindicado uso em conjunto).",2,fonte2,automatica,0.9
sinvastatina,eritromicina,"O uso concomitante de medicamentos conhecidos por apresentarem um potent e efeito inibitório sobre a CYP3A4 (por exemplo, itraconazol, cetoconazol, posaconazol, voriconazol, eritromicina, claritromicina, telitromicina, inibidores da protease do HIV, boceprevir, telaprevir, nefazodona e medicamentos contendo cobicistate) é contr aindicado (veja os itens 4.",2,fonte1,manual,1.0
lotar,dipirona,"Podem influenciar as concentrações plasmáticas e/ou aumentar o risco de efeitos adversos: conivaptana, , dalfopristina, quinupristina, , delavirdina, fosamprenavir, , rifapentina, saquinavir, , ephedra (Ma Huang), óleo de menta, , suco de Gravidade menor Podem aumentar o risco de gastrintestinal: anti-inflamatórios não hormonais (ex.: dexcetoprofeno, , diflunisal, dipirona, , cetorolaco, , meclofenamato, , nabumetona, , oxifembutazona, fenilbutazona, , sulindaco, Interações com losartana Gravidade maior Podem provocar maior risco de hipotensão, síncope, alterações de função renal e hipercalemia: inibidores da Enzima de conversão da Angiotensina I (IECAs), alisquireno (contraindicado uso em conjunto).",2,fonte2,automatica,0.9
jalra met,varfarina,"Como resultado desses estudos, não foi observada nenhuma interação de relevância clínica com a coadministração da vildagliptina com outros antidiabéticos orais ( , pioglitazona, cloridrato de metformina), ou varfarina.",0,fonte2,automatica,0.85
spidufen,metotrexato,"Interações farmacocinéticas O ibuprofeno pode aumentar os níveis plasmáticos de digoxina, fenitoína, lítio e metotrexato.",1,fonte2,automatica,0.65
besilato de anlodipino biolab genéricos,anlodipino,"A fim de evitar a toxicidade do tacrolimo, a administração do anlodipino em um paciente tratado com tacrolimo exige monitoramento dos níveis de tacrolimo no sangue e ajuste da dose do tacrolimo, quando apropriado.",1,fonte2,automatica,0.65
klaricid,claritromicina,"O uso dos seguintes medicamentos é estritamente contraindicado, devido à gravidade dos efeitos causados pelas possíveis interações medicamentosas: Cisaprida, pimozida, astemizole e terfenadina: foram relatados aumentos dos níveis de cisaprida em pacientes tratados concomitantemente com claritromicina e cisaprida.",2,fonte2,automatica,0.9
cloridrato de donepezila,sertralina,"O cloridrato de donepezila e seus metabólitos não inibem o metabolismo da teofilina, varfarina, cimetidina, digoxina, tioridazina, risperidona e sertralina em humanos.",0,fonte1,manual,1.0
exelon,amiodarona,"Deve-se ter precaução quando Exelon é tomado juntamente com medicamentos conhecidos por induzir o prolongamento do intervalo QT e/ou torsade de pointes (incluindo, entre outros, a quinidina (medicamento usado para tratar batimentos cardíacos irregulares), amiodarona (medicamento usado para tratar batimentos cardíacos irregulares graves/fatais), (medicamento atua no sistema nervoso central), halofantrina (medicamento antimalárico), cisaprida (medicamento usado para tratar sintomas de refluxo gastroesofágico ), citalopram (medicamento usado para tratar depressão), mizolastina (medicamento anti-histamínico) e medicamentos usados para tratar infecções bacterianas como moxifloxacino e ).",1,fonte2,automatica,0.65
ritonavir,fluoxetina,"Tabel a 2: Efeito s na AUC e Cmáx na coadministração de ritonavir com outro s fármacos Fárma co Dosa gem de ritonavir n AUC % (95% de intervalo de confiança) Cmáx (95% de intervalo de confiança) claritromicina 500 mg 12/12 h por 4 dias 200 mg 8/8 h por 4 dias 22 ↑ 12% (2,23%) ↑ 15% (2,28%) didanosina 200 mg 12/12 h por 4 dias 600 mg 12/12 h por 4 dias 12 ↔ ↔ fluconazol 400 mg/1º dia e 200 mg/dia por 4 dias 200 mg 6/6 h por 4 dias 8 ↑ 12% (5,20%) ↑ 15% (7,22%) fluoxetina 30 mg 12/12 h por 8 dias 600 mg dose única 16 ↑ 19% (7,34%) ↔ rifampicina 600 mg ou 300 mg/dia por 10 dias 500 mg 12/12 h por 20 dias 7,9* ↓ 35% (7,55%) ↓25% (-5,46%) zidovudina 200 mg 8/8 h por 4 dias 300 mg 6/6 h por 4 dias 10 ↔ ↔ ↑ indica “aumento” ↓ indica “redução” ↔ indica “sem alterações” * Desenho de grupo paralelo, indivíduos receben do regimes de combinação e controle, respectivamente.",1,fonte1,manual,1.0
fenitoina sodica,fluoxetina,"Eslicarbazepina, topiramato, cimetidina, omeprazol, estiripentol e fluoxetina podem levar a uma exposição elevada de fenitoí na. -ácido valproico : quando coadministrado com a fenitoína, o ácido valproico reduz a concentração plasmática total de fenitoína.",1,fonte1,manual,1.0
empagliflozina,sinvastatina,"A farmacocinética da empagliflozina foi semelhante com e sem a coadministração de glimepirida, pioglitazona, sitagliptina, varfarina, verapamil, ramipril e sinvastatina em voluntários sadios e com ou sem coadministração de torasemida e hidroclorotiazida em pacientes com diabetes mellitus tipo 2.",0,fonte1,manual,1.0
hidromed,hidroclorotiazida,"Medicamentos afetados por distúrbios do potássio sérico Recomenda-se a monitorização periódica do potássio sérico e um ECG quando a hidroclorotiazida é administrada concomitantemente com medicamentos afetados pelo nível sérico de potássio (por exemplo, glicosídeos digitálicos e antiarrítmicos) e com os seguintes medicamentos indutores de torsades de pointes (incluindo alguns antiarrítmicos): Antiarrítmicos classe Ia (por exemplo, quinidina, hidroquinidina, disopiramida);",1,fonte2,automatica,0.65
cloridrato de donepezila,cimetidina,"O metabolismo do cloridrato de donepezila não é alterado pela administração concomitante de digoxina, cimetidina, tioridazina, risperidona e sertralina.",0,fonte1,manual,1.0
cloridrato de donepezila cloridrato de memantina,cimetidina,"O cloridrato de donepezila e seus metabólitos não inibem o metabolismo da teofilina, varfarina, cimetidina, digoxina, tioridazina, risperidona e sertralina em humanos.",0,fonte1,manual,1.0
cloridrato de tansulosina,sinvastatina,"In vitro, nem diazepam, propranolol, triclormetiazida, clormadinona, amitriptilina, diclofenaco, glibenclamida ou sinvastatina e varfarina modificam a fração livre d e tansulosina no plasma humano.",0,fonte1,manual,1.0
glimepirida,fibratos,"INTERAÇÕES MEDICAMENTOSAS Com base na experiência do uso da glimepirida e no que se conhece dos medicamentos de mesma classe, as seguintes interações devem ser consideradas: - medicamento -medicamento: Aumento do efeito hipoglicemiante e, portanto, em alguns casos, pode ocorrer hipoglicemia quando um dos seguintes fármacos é administrado: Insulina ou outro antidiabético oral; inibidores da ECA; esteroides anabolizantes e hormônios sexuais masculinos; c loranfenicol; derivados cumarínicos; ciclofosfamidas; disopiramida; fenfluramina; feniramidol; fibratos; fluoxetina; guanetidina; ifosfamida; inibidores da MAO; miconazol; fluconazol; ácido para minos salicílico ; pentoxifilina (uso parenteral em doses e levadas); fenilbutazona; azapropazona; oxifembutazona; proben ecida; quinolonas; salicilatos; sulfimpirazona; clarit romicina ; antibióticos sulfonamídicos; tetraciclinas; tritoqualina; trofosfamida.",1,fonte1,manual,1.0
ramelteona,sertralina,"A administração concomitante de ramelteona com omeprazol (substrato da CYP2C19), dextrometorfano (substrato da CYP2D6), midazolam (substrato da CYP3A4), teofilina (substrato da CYP1A2), digoxina (substrato da p- glicoproteína), varfarina (substrato da CYP2C 9 [S]/CYP1A2 [R]), venlafaxina, fluvoxamina, donepezila, doxepina, sertralina, escitalopram, zolpidem, lorazepam, gabapentina ou contraceptivo oral combinado contendo estradiol e levonorgestrel não produziu alterações clinicamente significativas nas exposi ções máxima e total a essas drogas.",0,fonte1,manual,1.0
gliclazida,claritromicina,"Os efeitos hipoglicêmicos da gliclazida e sinais da baixa nos níveis de açúcar no sangue podem ocorrer quando você tomar um dos seguintes medicamentos: - outros medicamentos utilizados no tratamento da hiperglicemia (agentes antidiabéticos orais, agonistas dos receptores GLP -1ou insulina), - antibióticos (sulfonamidas, claritromicina), - medicamentos para tratar hipertensão ou insuficiência cardíaca (betabloqueadores, inibidores da enzima de conversão da angiotensina como o captopril ou enalapril), - medicamentos para tratar infecções fúngicas (miconazol, fluconazol), - medicamentos para tratar úlceras estomacais ou duodenais (antagonistas dos receptores H2), - medicamentos para tratar a depressão (inibidores da monoamino oxidase), - analgésicos ou antirreumáticos (fenilbutazona, ibuprofeno), - medicamentos contendo álcool.",1,fonte1,manual,1.0
drospirenona etinilestradiol,eritromicina,"Substâncias que diminuem a depuração dos COCs (inibidores enzimáticos) Inibidores potentes e moderados do CYP 3A4 tais como antifúngicos azólicos (como por exemplo, itraconazol, voriconazol, fluconazol), verapamil, antibióticos macrolídeos (como por exemplo, claritromicina, eritromicina), diltiazem e suco de toronja ( grapefruit ) podem aumentar as concentrações plasmáticas do estrogênio ou progestógeno ou de ambos.",1,fonte1,manual,1.0
alprazolam,diltiazem,"Os dados obtidos a partir de estudos clínicos com alprazolam, estudos in vitro com alprazolam e estudos clínicos com fármacos metabolizados similarmente ao alprazolam mostram interações de variados graus e possibilidade de inter ação com alprazolam para uma quantidade de fármacos. alpazolam_com_VPS _V04 VERSÃO 04 - Esta versão altera a VERSÃO 03 Baseando -se no grau de interação e no tipo de dados disponíveis, recomenda -se o seguinte: - A coadministração de alprazolam com cetoconazol, itraconazol e outros antifúngicos azólicos não é recomendada; - Recomenda- se cautela e consideração de redução de dose quando alprazolam é coadministrado com nefazodona, fluvoxamina e cimetidina; - Também se recomenda cautela quando alprazolam é coadministrado com fluoxetina, propoxifeno, anticoncepcionais orais, diltiazem, ou antibióticos macrolídeos como eritromicina e troleandomicina; - As interações envolvendo inibidores da protease do vírus da imunodeficiência humana (HIV) (por exemplo, ritonavir) e alprazolam são complexas e dependentes do tempo.",2,fonte1,manual,1.0
fosfato de sitagliptina cloridrato de metformina,metformina,"Fosfato de sitagliptina Nos estudos de interação medicamentosa, a sitagliptina não exerceu efeitos clinicamente significativos na farmacocinética dos seguintes fármacos: metformina, rosiglitazona, glibenclamida, sinvastatina, varfarina e anticoncepcionais orais.",0,fonte1,manual,1.0
amoxicilina clavulanato de potassio,amoxicilina,"Tal como ocorre com outros antibióticos, a amoxicilina tri-hidratada + clavulanato de potássio pode afetar a flora intestinal, levando à menor reabsorção de estrógenos e redução da eficácia de contraceptivos orais combinados. amoxicilina + Clavulanato de potássio _ com ver_ VPS_V11 Há, na literatura, raros casos de aumento da INR em pacientes em uso de acenocumarol ou varfarina que recebem um ciclo de amoxicilina.",1,fonte1,manual,1.0
hidrotheo,isoniazida,"Hidróxido de Alumínio não deve ser administrado concomitantemente aos antibióticos que contêm tetraciclina (ou qualquer um dos seus sais), e de drogas como: Antagonistas H2, benzodiazepínicos, fenotiazinas, diflunisal, digoxina, , fluorquinolonas, propanolol, penicilaminas, neurolépticos fenotiazínicos, metoprolol, , ranitidina, sais de lítio, sais de , cefdinir, cefpodoxima, cloroquina, ciclinas, bifosfonato, etambutol, fluoreto de sódio, glicocorticóides, , isoniazida, , levotiroxina, lincosamidas, rosuvastatina ou ácido acetilsalicílico, pois pode haver diminuição da absorção destes medicamentos.",2,fonte2,automatica,0.8
cloridrato de hidroxizina,fluconazol,"Exemplos de medicamentos associad os ao prolongamento do intervalo QT e/ou Torsades de Pointes estão listados abaixo (mas não se limitam a apenas es tes): - Antiarrítmicos classe IA (quinidina, procainamida, disopiramida); - Antiarrítmicos classe III (amiodarona, sotalol, bretílio); - Antiarrítmicos classe IC (flecainida, propafenona); - Antipsicóticos (clorpromazina, haloperidol, pimozida, droperidol, ziprasidona, risperidona, olanzapina); - Antidepressivos (fluoxetina, citalopram, venlafaxina, antidepressivos tricíclicos e tetracíclicos, por exemplo, amitriptilina , imipramina, maprotilina); - Opioides (metadona); - Antibióticos macrolídeos e análogos (eritromicina, claritromicina, azitromicina, tacrolim o); - Quinolonas (moxifloxacino, ciprofloxacino, levofloxacino); - pentamidina; - Antimaláricos (quinina, cloroquina); - Antifúngicos azólicos (cetoconazol, fluconazol, voriconazol); - domperidona; - Antagonistas dos receptores 5-HT 3 (ondansetrona); - trióxido de arsênio; - Inibidores da tirosin a quinase (vandetanibe, sunitinibe, nilotinibe); - vorinostate (inibidor da histona deacetilase); - Agonista do receptor adrenérgico beta-2 (salmeterol, formoterol).",2,fonte1,manual,1.0
cloridrato de donepezila,sertralina,"O cloridrato de donepezila e seus metabólito s não inibem o metabolis mo da teofilina, varfarina, cimetidina, digoxina, tioridazina, risperidona e sertralina em humanos.",0,fonte1,manual,1.0
valsartana hidroclorotiazida,glibenclamida,"Durante monoterapia com valsartana, não foram observadas interações de significância clínica com os seguintes fármacos: cimetidina, varfarina, furosemida, digoxina, atenolol, indometacina, hidroclorotiazida, anlodipino e glibenclamida. - hidroclorotiazida As seguintes interações medicamentosas potenciais podem ocorrer em função do componente tiazídico deste medicamento : Outros medicamentos anti -hipertensivos Os diuréticos tiazídicos potencializam a ação dos anti -hipertensivos e de outros medicamentos anti -hipertensivos (por ex.: guanetidina, metildopa, betabloqueadores, vasodilatadores, bloqueadores dos canais de cálcio, inibidores da ECA, bloqueadores dos receptores da angiotensina (BRA) e inibidores diretos da renina (IDR)).",0,fonte1,manual,1.0
levofloxacino,varfarina,"A farmacocinética do levofloxacino não foi afetada em qualquer proporção clinicamente significante quando esta foi administrada concomitantemente às seguintes drogas: carbonato de cálcio, digoxina, glibenclamida, ranitidina e varfarina.",0,fonte1,manual,1.0
everolimo,rifampicina,"Interação com fortes inibidores, indutores da CYP3A4 Não é recomendada a coadministração com fortes inibidores da CYP3A4 (por exemplo, cetoconazol, itraconazol, voriconazol, claritromicina, telitromicina, ritonavir) e indutores (por exe mplo, rifampicina, rifabutina , erva de São João, carbamazepina, fenitoína ) a menos que os benefícios superem os possíveis riscos.",2,fonte1,manual,1.0
pantoprazol,fenitoina,"Os estudos de interação com fármacos que também são metabolizados com estas vias, como a carbamazepina, diazepam, glibenclamida, nifedipino, fenitoina e um contraceptivo oral contendo levonorgestrel e etinilestradiol, não se observaram interações clínicas significativas.",0,fonte1,manual,1.0
cloridrato de donepezila,digoxina,"O metabolis mo do cloridrato de donepezila não é alterado pela administração concomitante de digoxina, cimetidina, tioridazina, risperidona e sertralina.",0,fonte1,manual,1.0
domperidona,cetoconazol,"A administração concomitante de domperidona com inibidores potentes do CYP3A4 que demonstraram causar um prolongamento do intervalo QT, tais como claritromicina, eritromicina, itraconazol, cetoconazol oral, posaconazol, ritonavir, saquinavir, telitromicina, telaprevir e voriconazol, é contraindicada (vide itens 5“ADVERTÊNCIAS E PRECAUÇÕES” e “6.",2,fonte1,manual,1.0
alprazolam,fluoxetina,"Os dados obtidos a partir de estudos clínicos com alprazolam, estudos in vitro com alprazolam e estudos clínicos com fármacos metabolizados similarmente ao alprazolam mostram interações de variados graus e possibilidade de inter ação com alprazolam para uma quantidade de fármacos. alpazolam_com_VPS _V04 VERSÃO 04 - Esta versão altera a VERSÃO 03 Baseando -se no grau de interação e no tipo de dados disponíveis, recomenda -se o seguinte: - A coadministração de alprazolam com cetoconazol, itraconazol e outros antifúngicos azólicos não é recomendada; - Recomenda- se cautela e consideração de redução de dose quando alprazolam é coadministrado com nefazodona, fluvoxamina e cimetidina; - Também se recomenda cautela quando alprazolam é coadministrado com fluoxetina, propoxifeno, anticoncepcionais orais, diltiazem, ou antibióticos macrolídeos como eritromicina e troleandomicina; - As interações envolvendo inibidores da protease do vírus da imunodeficiência humana (HIV) (por exemplo, ritonavir) e alprazolam são complexas e dependentes do tempo.",2,fonte1,manual,1.0
leflunomida,atorvastatina,"Para outros substratos da BCRP (por exemplo, metotrexato, topotecana, sulfassalazina, daunorrubicin a, doxorrubicina) e da família da OATP especialmente os inibidores da HMG -CoA redutase (por exemplo, sinvastatina, atorvastatina, pravastatina, metotrexato, nateglinida, repaglinida, rifampicina) a administração concomitante também deve ser feita com caute la.",1,fonte1,manual,1.0
cloridrato de hidroxizina,fluoxetina,"Exemplos de medicamentos associad os ao prolongamento do intervalo QT e/ou Torsades de Pointes estão listados abaixo (mas não se limitam a apenas es tes): - Antiarrítmicos classe IA (quinidina, procainamida, disopiramida); - Antiarrítmicos classe III (amiodarona, sotalol, bretílio); - Antiarrítmicos classe IC (flecainida, propafenona); - Antipsicóticos (clorpromazina, haloperidol, pimozida, droperidol, ziprasidona, risperidona, olanzapina); - Antidepressivos (fluoxetina, citalopram, venlafaxina, antidepressivos tricíclicos e tetracíclicos, por exemplo, amitriptilina , imipramina, maprotilina); - Opioides (metadona); - Antibióticos macrolídeos e análogos (eritromicina, claritromicina, azitromicina, tacrolim o); - Quinolonas (moxifloxacino, ciprofloxacino, levofloxacino); - pentamidina; - Antimaláricos (quinina, cloroquina); - Antifúngicos azólicos (cetoconazol, fluconazol, voriconazol); - domperidona; - Antagonistas dos receptores 5-HT 3 (ondansetrona); - trióxido de arsênio; - Inibidores da tirosin a quinase (vandetanibe, sunitinibe, nilotinibe); - vorinostate (inibidor da histona deacetilase); - Agonista do receptor adrenérgico beta-2 (salmeterol, formoterol).",2,fonte1,manual,1.0
fosfato de sitagliptina,metformina,"Avaliação In Vivo de Interações Medicamentosas Efeito da Sitagliptina sobre Outros Fármacos Nos estudos clínicos, como se descreve a seguir, a sitagliptina não alterou significativamente a farmacocinética da metformina, da glibenclamida, da sinvastatina, da rosiglitazona, da varfarina ou dos anticoncepcionais orais, fornecendo evidências in vivo de baixa propensão a causar interações medicamentosas com substratos do citocromo P450 3A4, citocromo P450 2C8, citocromo P450 2C9 e do transportador orgânico catiônico (TOC).",0,fonte1,manual,1.0
pantoprazol sódico sesqui hidratado germed pharma,amoxicilina,"Exclusivo Comprimido 40 mg: A administração de pantoprazol sódico sesquihidratado simultaneamente com os antibióticos claritromicina, metronidazol e amoxicilina não revelou nenhuma interação clinicamente significativa.",0,fonte2,automatica,0.85
cloridrato de hidroxizina,eritromicina,"Exemplos de medicamentos associad os ao prolongamento do intervalo QT e/ou Torsades de Pointes estão listados abaixo (mas não se limitam a apenas es tes): - Antiarrítmicos classe IA (quinidina, procainamida, disopiramida); - Antiarrítmicos classe III (amiodarona, sotalol, bretílio); - Antiarrítmicos classe IC (flecainida, propafenona); - Antipsicóticos (clorpromazina, haloperidol, pimozida, droperidol, ziprasidona, risperidona, olanzapina); - Antidepressivos (fluoxetina, citalopram, venlafaxina, antidepressivos tricíclicos e tetracíclicos, por exemplo, amitriptilina , imipramina, maprotilina); - Opioides (metadona); - Antibióticos macrolídeos e análogos (eritromicina, claritromicina, azitromicina, tacrolim o); - Quinolonas (moxifloxacino, ciprofloxacino, levofloxacino); - pentamidina; - Antimaláricos (quinina, cloroquina); - Antifúngicos azólicos (cetoconazol, fluconazol, voriconazol); - domperidona; - Antagonistas dos receptores 5-HT 3 (ondansetrona); - trióxido de arsênio; - Inibidores da tirosin a quinase (vandetanibe, sunitinibe, nilotinibe); - vorinostate (inibidor da histona deacetilase); - Agonista do receptor adrenérgico beta-2 (salmeterol, formoterol).",2,fonte1,manual,1.0
bromidrato de citalopram,varfarina,"O citalopram e desmetilcitalopram são insignificantes in ibidores da CYP2C9, CYP2E1 e CYP3A4, e inibidores fracos da CYP1A2, CYP2C19 e CYP2D6 quando em comparação com outros ISRS estabelecidos como inibidores significantes . levomepromazina, digoxina, carbamazepina : Nenhuma mudança ou apenas mudanças muito pequen as de pouca importância clínica foram observadas quando o citalopram foi dado com substratos CYP1A2 (clozapina e teofilina), CYP2C9 (varfarina), CYP2C19 (imipramina e mefenitoína ), CYP2D6 (esparteína, imipramina, amitriptilina, risperidona) e CYP3A4 (varfa rina, carbamazepina (e seu metabólito carbamazepina epoxido) e triazolam.",0,fonte1,manual,1.0
cloridrato de donepezila,sertralina,"O metabolis mo do cloridrato de donepezila não é alterado pela administração concomitante de digoxina, cimetidina, tioridazina, risperidona e sertralina.",0,fonte1,manual,1.0
sinvastatina,itraconazol,"ADVERTÊNCIAS E PRECAUÇÕES, Gravidez e Lactação); • Administração concomitante de inibidores potentes do CYP3A4 (por exemplo, itraconazol, cetoconazol, posaconazol, voriconazol, inibidores da protease do HIV, boceprevir, telaprevir, eritromicina, claritromicina, telitromicina, nefazodona e medicamentos contendo cobicistate) (veja item 5.",2,fonte1,manual,1.0
lasilactona,aines,"Em pacientes com desidratação ou hipovolemia pré-existente, os AINEs podem causar insuficiência renal aguda.",2,fonte2,automatica,0.8
zyvalprex,ranitidina,"Medicamentos para os quais não foi detectada nenhuma interação ou com interação sem relevância , ranitidina, clorpromazina, , lítio, Medicamentos com outras interações Amitriptilina/nortriptilina: o uso concomitante de divalproato de sódio e amitriptilina raramente foi associado com toxicidade.",0,fonte2,automatica,0.85
zoltec,amiodarona,Amiodarona administrada concomitantemente com Zoltec pode aumentar o prolongamento intervalo do QT.,1,fonte2,automatica,0.65
cloridrato de tansulosina,varfarina,"In vitro , nem diazepam, propranolol, triclormetiazi da, clormadinona, amitriptilina, diclofenaco, glibenclamida ou sinvastatina e varfarina modificam a fração livre de tansulosina no plasma humano.",0,fonte1,manual,1.0
zelix,eritromicina,"Cisaprida, astemizol, pimozida, quinidina, eritromicina e terfenadina são contraindicados para uso concomitante com Zelix 150mg.",2,fonte2,automatica,0.9
ibuprofeno,probenecida,"O uso concomitante de qualquer AINE com os seguintes fármacos deve ser evitado, especialmente nos casos de administração crônica: ácido acetilsalicílico, paracetamol, colchicina, iodetos, medicamentos fotossensibilizantes, outros anti-inflamatórios não esteroides, corticosteroides, corticotrofina, uroquinase, hipoglicemiantes orais ou insulina, anti-hipertensivos e diuréticos, ácido valproico, plicamicina, sais de ouro, ciclosporina, lítio, probenecida, inibidores da ECA, agentes anticoagulantes ou trombolíticos, inibidores de agregação plaquetária, cardiotônicos digitálicos, digoxina e metotrexato.",2,fonte1,manual,1.0
cloridrato de donepezila,risperidona,"O cloridrato de donepezila e seus metabólitos não inibem o meta bolismo da teofilina, varfarina, cimetidina, digoxina, tioridazina, risperidona e sertralina em humanos.",0,fonte1,manual,1.0
novalgina comprimido,dipirona,"A dipirona pode reduzir o efeito do ácido acetilsalicílico na agregação plaquetária, quando tomado concomitantemente.",1,fonte2,automatica,0.65
pantoprazol magnesico di-hidratado,nifedipino,"Os estudos de interação com fármacos que também são metabolizados com estas vias, como a carbamazepina, diazepam, glibenclamida, nifedipino, fenitoína e contraceptivo oral contendo levonorgestrel e etinilestradiol, não observaram interações clínicas significativas.",0,fonte1,manual,1.0
besilato de anlodipino biolab genéricos,anlodipino,Recomenda-se observação atenta de pacientes quando o anlodipino for coadministrado com claritromicina.,1,fonte2,automatica,0.65
hemitartarato de zolpidem,cimetidina,"Outros medicamentos : Quando o zolpidem foi administrado junto com a varfarina, a digoxina, a ranitidina ou a cimetidina, nenhuma int eração farmacocinética foi observada.",0,fonte1,manual,1.0
losartana potassica hidroclorotiazida,cetoconazol,"INTERAÇÕES MEDICAMENTOSAS losartana Não foram identificadas interações medicamentosas de significado clínico com os seguintes c ompostos avaliados nos estudos de farmacocinética clínica: hidroclorotiazida, digoxina, varfarina, cimetidina, fenobarbital (vide Hidroclorotiazida, Álcool, Barbituratos ou Narcóticos , a seguir), cetoconazol e eritromicina.",0,fonte1,manual,1.0
sinvastatina,claritromicina,"ADVERTÊNCIAS E PRECAUÇÕES, Gravidez e Lactaçã o); • Administração concomitante de inibidores potentes do CYP3A4 (por exemplo, itraconazol, cetoconazol, posaconazol, voriconazol, inibidores da protease do HIV, boceprevir, telaprevir, eritromicina, claritromicina, telitromicina, nefazodona e medicamentos contendo cobicistate) (veja os itens 5.",2,fonte1,manual,1.0
miantrex cs,aines,"A administração concomitante de AINES com a terapia de alta dose de Miantrex CS foi relatada por elevar e prolongar os níveis de metotrexato sérico, o que resulta em óbitos por toxicidade grave de origem hematológica (incluindo supressão da medula óssea e anemia aplástica) e gastrointestinal.",2,fonte2,automatica,0.8
lasilactona,aines,"Associações a considerar A administração concomitante com AINEs, incluindo o ácido acetilsalicílico, pode reduzir o efeito da Lasilactona.",1,fonte2,automatica,0.65
cloridrato de donepezila,sertralina,"O metabolismo do cloridrato de donepezila não é alterado pela admini stração concomitante de digoxina, cimetidina, tioridazina, risperidona e sertralina.",0,fonte1,manual,1.0
hidroclorotiazida germed pharma,ciclosporina,O tratamento concomitante com ciclosporina pode aumentar o risco de hiperuricemia e complicações do tipo gota.,1,fonte2,automatica,0.65
domperidona,eritromicina,"A administração concomitante de domperidona com inibidores potentes do CYP3A4 que demonstraram causar um prolongamento do intervalo QT, tais como claritromicina, eritromicina, itraconazol, cetoconazol oral, posaconazol, ritonavir, saquinavir, telitromicina, telaprevir e voriconazol, é contraindicada (vide itens 5“ADVERTÊNCIAS E PRECAUÇÕES” e “6.",2,fonte1,manual,1.0
ciclosporina,fluconazol,"Interações que aumentam os níveis de ciclosporina Antibióticos macrolídeos (por exemplo, eritromicina – vide “Advertências e Precauções – precauções adicionais em dermatite atópica” - azitromicina e claritromicina), cetoconazol, fluconazol, itraconazol, voriconazol; diltiazem, nicardipin a, verapamil; metoclopramida; anticoncepcionais orais; danazol; metilprednisolona (doses elevadas), alopurinol, amiodarona, ácido cólico e derivados; inibidores de protease, imatinibe; colchicina; nefazodona.",1,fonte1,manual,1.0
cloridrato de donepezila cloridrato de memantina,digoxina,"O cloridrato de donepezila e seus metabólitos não inibem o metabolismo da teofilina, varfarina, cimetidina, digoxina, tioridazina, risperidona e sertralina em humanos.",0,fonte1,manual,1.0
pantoprazol sódico sesqui hidratado medley,varfarina,"Portanto, em pacientes tratados com anticoagulantes cumarínicos (varfarina, femprocumona), recomenda-se a monitorização do tempo de coagulação após o início, o final ou durante o tratamento com pantoprazol.",1,fonte2,automatica,0.65
divalproato de sodio,ranitidina,"Medicamentos para os quais não foi detectada nenhuma int eração ou com interação sem relevância: antiácidos, cimetidina, ranitidina, clorpromazina, haloperidol, paracetamol, lítio, lorazepam, olanzapina, rufinamida.",0,fonte1,manual,1.0
cloridrato de verapamil,rifampicina,"Antibacterianos Claritromicina Possível aumento nos níveis de verapamil --- Eritromicina Possível aumento dos níveis de verapamil --- Rifampicina Diminui AS C (~97%), Cmax (~94%) e biodisponibilidade oral (~92%) do verapamil O efeito hipotensor do verapamil pode ser reduzido.",1,fonte1,manual,1.0
klaricid,claritromicina,Foram recebidos relatos de rabdomiólise em pacientes que administraram claritromicina junto com estas estatinas.,2,fonte2,automatica,0.8
linagliptina,varfarina,"A linagliptina não teve efeito clinicamente relevante sobre a farmacocinética da metformina, glibenclamida, sinvastatina, pioglitazona, varfarina, digoxina ou contraceptivos orais; fornecendo evidência in vivo de uma baixa propensão para causar interações medicamentosas com substratos das CYP3A4, CYP2C9, CYP2C8, glicoproteína -P e com transportadores catiônicos orgânicos (TCO). metformina: a coadministração de múltiplas doses supraterapêuticas de 10 mg de linagliptina uma vez ao dia, com doses de 850 mg três vezes ao dia de metformina, não alterou de forma clinicamente significativa a farmacocinética da linagliptina ou da metformina em voluntários sadios.",0,fonte1,manual,1.0
dapagliflozina propanodiol,hidroclorotiazida,"Em estudos de interação conduzidos em indivíduos sadios, utilizando principalmente o desenho de dose única, a dapagliflozina não alterou significativamente a farmacocinética da metformina, pioglitazona, sitagliptina, glimepirida, hidroclorotiazida, bumetanida, valsartana, sinvastatina, digoxina (um substrato da gp-P) ou varfarina (a varfarina é um substrato do CYP2C).",0,fonte1,manual,1.0
kiadon,insulina,"Este medicamento pode diminuir a efetividade dos anticonvulsivantes e pode alterar os efeitos da insulina, aumentando a sua depuração (Micromedex 2.0, 2014).",1,fonte2,automatica,0.65
linagliptina,digoxina,"A linagliptina não teve efeito clinicamente relevante sobre a farmacocinética da metformina, glibenclamida, sinvastatina, pioglitazona, varfarina, digoxina ou contraceptivos orais; fornecendo evidência in vivo de uma baixa propensão para causar interações medicamentosas com substratos das CYP3A4, CYP2C9, CYP2C8, glicoproteína -P e com transportadores catiônicos orgânicos (TCO). metformina: a coadministração de múltiplas doses supraterapêuticas de 10 mg de linagliptina uma vez ao dia, com doses de 850 mg três vezes ao dia de metformina, não alterou de forma clinicamente significativa a farmacocinética da linagliptina ou da metformina em voluntários sadios.",0,fonte1,manual,1.0
folifolin,fenobarbital,"INTERAÇÕES MEDICAMENTOSAS Interação ácido fólico – medicamentos A fenitoína, fenobarbital, primidona, aspirina, colestipol, cicloserina, metotrexato e enzimas pancreáticas reduzem os níveis de ácido fólico, enquanto que o ácido aminosalicílico, antiácidos, colestiramina, estrogênios, bloqueadores H2 e a carbamazepina reduzem sua absorção.",1,fonte1,manual,1.0
infladex,aines,"Diclofenaco, assim como outros AINEs, pode aumentar a toxicidade nos rins, causada pela ciclosporina e tacrolimo, devido ao seu efeito nas prostaglandinas renais.",1,fonte2,automatica,0.65
cloridrato de donepezila,digoxina,"O cloridrato de donepezila e seus metabólit os não inibem o metabolis mo da teofilina, varfarina, cimetidina, digoxina, tioridazina, risperidona e sertralina em humanos.",0,fonte1,manual,1.0
palbociclibe,itraconazol,"Deve -se evitar o uso concomitante de potentes inibidores da CYP3A incluindo, mas não limitado a: amprenavir, atazanavir, boceprevir, claritromicina, conivaptana, delavirdina, diltiazem, eritromicina, fosamprenavir, indinavir, itraconazol, cetoconazol, lopinavir, mibefradil, m iconazol, nefazodona, nelfinavir, posaconazol, ritonavir, saquinavir, telaprevir, telitromicina, voriconazol e toranja ou suco de toranja (grapefruit).",2,fonte1,manual,1.0
pantozol,digoxina,"Não há interação medicamentosa clinicamente importante com as seguintes substâncias testadas: Carbamazepina, cafeína, diazepam, diclofenaco, digoxina, etanol, glibenclamida, metoprolol, naproxeno, nifedipina, fenitoína, teofilina, piroxicam e contraceptivos orais contendo levonorgestrel e etinilestradiol.",0,fonte2,automatica,0.85
claritromicina,sinvastatina,"São ex emplos, mas não se resume a: anticoagulantes orais (ex. varfarina, rivaroxabana, apixabana), antipsicóticos atípicos (ex. quetiapina, lurasidona) alcaloides do ergot, alprazolam, astemizol, carbamazepina, cilostazol, cisaprida, metilprednisolona, omeprazol , pimozida, quinidina, sildenafila, sinvastatina, terfenadina, triazolam, sirolimo, tacrolimo, lovastatina, disopiramida, midazolam, ciclosporina, hidroxicloroquina, cloroquina, vimblastina, rifabutina, ticagrelor, ivabradina e ranolazina.",2,fonte1,manual,1.0
cloridrato de donepezila,risperidona,"O metabolismo do cloridrato de donepezila não é alterado pela administração concomitante de digoxina, cimetidina, tioridazina, risperidona e sertralina.",0,fonte1,manual,1.0
ibuflex cápsula,sertralina,"Ácido valproico (auranofina, aurotiomalato de sódio); , lítio, probenecida e Recomenda-se precaução quando do uso concomitante do ibuprofeno com medicamentos para depressão (fluoxetina, sertralina, paroxetina, citalopram), pelo risco aumentado de sangramento gastrintestinal.",1,fonte2,automatica,0.65
losartana potassica hidroclorotiazida,varfarina,"INTERAÇÕES MEDICAMENTOSAS losartana Não foram identificadas interações medicamentosas de significado clínico com os seguintes c ompostos avaliados nos estudos de farmacocinética clínica: hidroclorotiazida, digoxina, varfarina, cimetidina, fenobarbital (vide Hidroclorotiazida, Álcool, Barbituratos ou Narcóticos , a seguir), cetoconazol e eritromicina.",0,fonte1,manual,1.0
atorvastatina calcica,niacina,"INTERAÇÕES MEDICAMENTOSAS VPS8= atorvastatina cálcica _Bula_Profissional 15 O risco de mio patia durante o tratamento com inibidores da HMG -CoA redut ase se apresenta aumentado com a administração concomitante de ciclosporina, fibratos, niacina em doses que alteram o perfil lipídico ou inibidores do citocromo P450 3A4 /transportadores , (por exempl o, eritromicina e antifúngicos azólicos) (vide a seguir e nos itens 8.",1,fonte1,manual,1.0
desogestrel,eritromicina,"Um método anticoncepcional de barreira deve ser utilizado em adição ao desogestrel durante a administração do medicamento indutor de enzimas hepáticas e por 28 dias após a descontinuação do medicamento indutor de enzimas hepáticas, para mulheres em tratamento prolongado com medicamentos indutores de enzimas , deve ser considerado o uso de um métodoanticonceptivo alternativo não afetado por medicamentos indutores de enzimas. desogestrel – VPS 06 A administração concomitante de inibidores fortes (por exemplo, cetoconazol, itraconazol, claritromicina) ou moderados (por exemplo, fluconazol, diltiazem, eritromicina) da CYP3A4 podem aumentar as concentrações séricas dos progestagênios, incluindo o etonogestrel, o metabólito ativo do desogestrel.",1,fonte1,manual,1.0
drospirenona etinilestradiol,fluconazol,"Essas alterações podem ser clinicamente relevantes em alguns casos. - Substâncias que diminuem a depuração dos COCs (inibidores enzimáticos) Inibidores potentes e moderados do CYP 3A4 tais como antifúngicos azólicos (como por exemplo, itraconazol, voriconazol, fluconazol), verapamil, macrolídeos (como por exemplo, claritromicina, eritromicina), diltiazem e suco de toranja (grapefruit) podem aumentar as concentrações plasmáticas do estrogênio ou progestógeno ou de ambos.",1,fonte1,manual,1.0
cloridrato de lercanidipino,claritromicina,"A coadministração do lercanidipino com inibidores do CYP3A4 deve ser evitada (por exemplo, o cetoconazol, itraconazol, ritonavir, eritromicina, troleandomicina, claritromicina) (vide “Contraindicações”). ciclosporina A ciclosporina e o lercanidipino não devem ser administrados juntamente (vide “Contraindicações”).",2,fonte1,manual,1.0
lacosamida,carbamazepina,"Os estudos clínicos placebo -controlados em pacientes com crises focais/parciais mostraram que as concentrações plasmáticas no estado de equilíbrio de levetiracetam, carbamazepina, epóxido de carbamazepina, lamotrigina, topiramato, derivado de monohidróxi -oxcarbazepina (MHD), fenitoína, ácido valpróico, fenobarbital, gabapentina, clonazepam e zonisamida não foram afetados pela ingestão concomitante de lacosamida em qualquer dose.",0,fonte1,manual,1.0
pantoprazol sódico sesqui hidratado medley,claritromicina,"Exclusivo Comprimido revestido de liberação retardada 40 mg: A administração de pantoprazol simultaneamente com os antibióticos claritromicina, metronidazol e amoxicilina não revelou nenhuma interação clinicamente significativa.",0,fonte2,automatica,0.85
ibuprofeno,metotrexato,"O uso concomitante de qualquer AINE com os seguintes fármacos deve ser evitado, especialmente nos casos de administração crônica: ácido acetilsalicílico, paracetamol, colchicina, iodetos, medicamen tos fotossensibilizantes, outros anti -inflamatórios não esteroides, corticosteroides, corticotrofina, uroquinase, hipoglicemiantes orais ou insulina, anti -hipertensivos e diuréticos, ácido valpr oico, plicamicina, sais de ouro, ciclosporina, lítio, probenec ida, inibidores da ECA, agentes anticoagulantes ou trombolíticos, inibidores de agregação plaquetária, cardiotônicos digitálicos, digoxina e metotrexato.",2,fonte1,manual,1.0
glimepirida,fluconazol,"Potencialização do efeito hipoglicemiante e, portanto, em alguns casos, pode ocorrer hipoglicemia quando um dos seguintes fárma cos é administrado: Insulina ou outro antidiabético oral; inibidores da ECA; esteroides anabolizantes e hormônios sexuais masculinos; cloranfenicol ; derivados cumarínicos; ciclofosfamidas; disopiramida; fenfluramina; feniramidol; fibratos; fluoxetina; guanetidina; ifosfamida; inibidore s da MAO; miconazol; fluconazol; ácido para-aminosalicílico; pentoxifilina (uso parenteral em doses elevadas); fenilbutazona; azapropazon a; oxifembutazona; probenecida; quinolonas; salicilatos; sulfimpirazona; claritomicina; antibióticos sulfonamídicos; tetraciclinas; tritoqualina; trofosfamida.",1,fonte1,manual,1.0
telmisartana,varfarina,"A coadministração de telmisartana não resultou em interações clinicamente significativas com digoxina, varfarina, hidroclorotiazida, glibenclamida, ibuprofeno, paracetamol, sinvastatina e anlodipino.",0,fonte1,manual,1.0
cloridrato de donepezila,cimetidina,"O cloridrato de donepezila e seu s metabólitos não inibem o meta bolismo da teofilina, varfarina, cimetidina, digoxina, tioridaz ina, risperidona e sertralina em humanos.",0,fonte1,manual,1.0
cloridrato de metformina,metformina,"A coadministração de metformina com: - Substratos/inibidores de OCT1 (como verapamil) podem reduzir a eficácia de metformina. - Indutores do OCT1 (como a rifampicina) podem aumentar a absorção gastrointestinal e a eficácia. - Substratos/inibidores de OCT2 (como cimetidina, dolutegravir, crizotinibe, olaparibe, daclatasvir, vandetanibe) podem diminuir a eliminação renal da metformina e assim levar a uma concentração aumentada de metformina no plasma.",1,fonte1,manual,1.0
zarator,eritromicina,"A administração concomitante de Zarator com medicamentos inibidores do citocromo P450 3A4 ou indutores do citocromo P450 3A4 (sistemas de quebra de vários medicamentos) (por ex., ciclosporina, eritromicina/claritromicina, inibidores da protease, cloridrato de diltiazem , suco de ) pode alterar a quantidade de atorvastatina no sangue.",1,fonte2,automatica,0.65
estradiol drospirenona,aines,"Com base em estudos de interação in vivo, em voluntárias utilizando omeprazol, sinvastatina, ou midazolam como substratos marcadores, é improvável a interação clinicamente relevante da drospirenona na dose de 3 mg com o metabolismo de outros fármacos media do pelo citocromo P450. ➢ Interação farmacodinâmica com anti -hipertensivos e antiinflamatórios não -esteroidais (AINEs) Mulheres hipertensas que fazem uso de estradiol + drospirenona e medicação anti -hipertensiva, como por exemplo, inibidores da ECA, antagonistas dos receptores de angiotensina II e hidroclorotiazida, podem apresentar diminuição adicional na pressão arterial.",1,fonte1,manual,1.0
cetoprofeno,furosemida,"Associações medicamentosas que requerem precauções - Categorias terapêuticas e medicamentos que podem promover hiper calemia (tais como, sais de potássio, diuréticos poupadores de potássio, inibidores da ECA e antagonistas da angiotensina II, AINEs, heparinas (de baixo peso molecular ou não fracionada), ciclosporina, tacrolimo e trimetoprima): O risco de hiper calemia pode aume ntar quando os medicamentos mencionados acima são administrados concomitantemente (vide “ O QUE DEVO SABER ANTES DE USAR ESTE MEDICAMENTO? ”). - Corticosteroides (prednisona, prednisolona, dexametasona): aumento do risco de ulceração ou sangramento gastrin testinal (vide “ O QUE DEVO SABER ANTES DE USAR ESTE MEDICAMENTO? ”). - Diuréticos (furosemida, hidroclorotiazida, clortalidona): pacientes utilizando diuréticos, particularmente os desidratados, apresentam maior risco de desenvolvimento de insuficiência renal devido a diminuição do fluxo sanguíneo nos rins.",1,fonte1,manual,1.0
telmisartana hidroclorotiazida,varfarina,"A coadministração de telmisartana não resultou em interações clinicamente significativas com a varfarina, a hidroclorotiazida, a glibenclamida, o ibuprofeno, o paracetam ol, a sinvastatina e o anlodipino.",0,fonte1,manual,1.0
eprex,ciclosporina,"Se você estiver tomando um fármaco (medicamento) conhecido por (para suprimir seu sistema imune após um transplante), seu médico deve solicitar testes sanguíneos especiais para verificar os níveis de ciclosporina enquanto você estiver utilizando Eprex A ação de Eprex poderá ser potencializada pela administração terapêutica simultânea de um agente hematínico, como o sulfato ferroso , quando houver um estado deficitário de precursores da hemoglobina.",1,fonte2,automatica,0.65
cabazitaxel,rifampicina,"INTERAÇÕES MEDICAMENTOSAS Medicamento -medicamento O metabolismo de cabazitaxel é modificado pela administração concomitante de substâncias conhecidas como fortes inibidores (ex: cetoconazol, itraconazol, claritromicina, atazanavir, indinavir, nefazodona, nelfinavir, ritonavir, saquinavir, telitromicina, voriconazol) ou fortes indutores (ex: rifampicina, carbamazepina ou fenitoína) da CYP3A.",1,fonte1,manual,1.0
cortisonal injetável,insulina,"Antidiabéticos orais e insulina Pode aumentar a concentração de sanguínea, portanto se necessário deve-se reajustar a posologia do hipoglicemiante.",1,fonte2,automatica,0.65
klaricid ud,sinvastatina,"Inibidores da HMG-CoA redutase (estatinas): O uso concomitante de claritromicina com lovastatina ou sinvastatina é contraindicado (ver Contraindicações), devido ao possível aumento do risco de miopatia (doença muscular), incluindo rabdomiólise (destruição do músculo esquelético).",2,fonte2,automatica,0.9
spidufen,ibuprofeno,O tratamento concomitante com zidovudina e ibuprofeno pode aumentar o risco de hematoses e hematomas em pacientes hemofílicos HIV(+).,1,fonte2,automatica,0.65
cloridrato de donepezila,cimetidina,"O metabolismo do cloridrato de donepezila não é alterado pela admini stração concomitante de digoxina, cimetidina, tioridazina, risperidona e sertralina.",0,fonte1,manual,1.0
